shoe_name,review_id,rating,sentiment_label,raw_title,raw_review_text,combined_text,clean_review_text,clean_word_count,footlocker_product_url,product_id,submission_time
Adidas Dame 9,gen_951638843,5,positive,Worth it,I recommend these to my players. Strong impact protection. And good traction on clean courts. Sticky rubber outsole. Sizing is spot on. Super secure fit.,Worth it. I recommend these to my players. Strong impact protection. And good traction on clean courts. Sticky rubber outsole. Sizing is spot on. Super secure fit,worth it i recommend these to my players strong impact protection and good traction on clean courts sticky rubber outsole sizing is spot on super secure fit,27,https://runrepeat.com/adidas-dame-9,gen_371175,2026-03-09T06:52:05.000+00:00
Adidas Dame 9,gen_295063001,5,positive,Best on the court,Bought these after my old pair died. Excellent lateral containment. And good traction on clean courts. Great underfoot feel. Highly recommend.,Best on the court. Bought these after my old pair died. Excellent lateral containment. And good traction on clean courts. Great underfoot feel. Highly recommend,best on the court bought these after my old pair died excellent lateral containment and good traction on clean courts great underfoot feel highly recommend,25,https://runrepeat.com/adidas-dame-9,gen_371175,2026-03-07T06:52:05.000+00:00
Adidas Dame 9,gen_278946334,5,positive,strong impact protection,Secure lockdown. Strong impact protection. Never slipped once. Sizing is spot on. Super secure fit. One of my favorite basketball shoes.,strong impact protection. Secure lockdown. Strong impact protection. Never slipped once. Sizing is spot on. Super secure fit. One of my favorite basketball shoes,strong impact protection secure lockdown strong impact protection never slipped once sizing is spot on super secure fit one of my favorite basketball shoes,24,https://runrepeat.com/adidas-dame-9,gen_371175,2024-05-04T06:52:05.000+00:00
Adidas Dame 9,gen_52990986,5,positive,Best on the court,Tried these on a whim and they're now my go-to. And good traction on clean courts. Solid responsiveness. You feel the weight after a long game.,Best on the court. Tried these on a whim and they're now my go-to. And good traction on clean courts. Solid responsiveness. You feel the weight after a long game,best on the court tried these on a whim and they're now my go to and good traction on clean courts solid responsiveness you feel the weight after a long game,31,https://runrepeat.com/adidas-dame-9,gen_371175,2026-02-24T06:52:05.000+00:00
Adidas Dame 9,gen_389520893,5,positive,strong impact protection,Really happy with this purchase. Strong impact protection. Excellent lateral containment. You feel the weight after a long game. No heel slip whatsoever. Game changer for me.,strong impact protection. Really happy with this purchase. Strong impact protection. Excellent lateral containment. You feel the weight after a long game. No heel slip whatsoever. Game changer for me,strong impact protection really happy with this purchase strong impact protection excellent lateral containment you feel the weight after a long game no heel slip whatsoever game changer for me,30,https://runrepeat.com/adidas-dame-9,gen_371175,2025-11-27T06:52:05.000+00:00
Adidas Dame 9,gen_114960912,3,neutral,Has its pros and cons,"I play D3 ball and Excellent lateral containment. However, that it is on the heavier side and tends to pick up dust. Decent shoe overall but nothing special.","Has its pros and cons. I play D3 ball and Excellent lateral containment. However, that it is on the heavier side and tends to pick up dust. Decent shoe overall but nothing special",has its pros and cons i play d3 ball and excellent lateral containment however that it is on the heavier side and tends to pick up dust decent shoe overall but nothing special,33,https://runrepeat.com/adidas-dame-9,gen_371175,2025-04-17T06:52:05.000+00:00
Adidas Dame 9,gen_619056389,5,positive,Highly recommend,Secure lockdown. Plus a fit that works well for wide feet. Great underfoot feel. Ordered my normal size and it fits perfectly. Game changer for me.,Highly recommend. Secure lockdown. Plus a fit that works well for wide feet. Great underfoot feel. Ordered my normal size and it fits perfectly. Game changer for me,highly recommend secure lockdown plus a fit that works well for wide feet great underfoot feel ordered my normal size and it fits perfectly game changer for me,28,https://runrepeat.com/adidas-dame-9,gen_371175,2024-08-20T06:52:05.000+00:00
Adidas Dame 9,gen_490458155,4,positive,Best on the court,Its very stable platform. Comfort. Responsive cushioning. Ordered my normal size and it fits perfectly.,Best on the court. Its very stable platform. Comfort. Responsive cushioning. Ordered my normal size and it fits perfectly,best on the court its very stable platform comfort responsive cushioning ordered my normal size and it fits perfectly,19,https://runrepeat.com/adidas-dame-9,gen_371175,2025-05-09T06:52:05.000+00:00
Adidas Dame 9,gen_583704622,4,positive,Love these shoes,I recommend these to my players. Excellent lateral containment. Plus a fit that works well for wide feet. Runs a little heavy. Fits true to size. Best shoe I've played in this year.,Love these shoes. I recommend these to my players. Excellent lateral containment. Plus a fit that works well for wide feet. Runs a little heavy. Fits true to size. Best shoe I've played in this year,love these shoes i recommend these to my players excellent lateral containment plus a fit that works well for wide feet runs a little heavy fits true to size best shoe i've played in this year,36,https://runrepeat.com/adidas-dame-9,gen_371175,2024-08-07T06:52:05.000+00:00
Adidas Dame 9,gen_490565791,5,positive,Highly recommend,Its very stable platform. Excellent lateral containment. Sticky rubber outsole. Fits true to size.,Highly recommend. Its very stable platform. Excellent lateral containment. Sticky rubber outsole. Fits true to size,highly recommend its very stable platform excellent lateral containment sticky rubber outsole fits true to size,16,https://runrepeat.com/adidas-dame-9,gen_371175,2025-06-12T06:52:05.000+00:00
Adidas Dame 9,gen_178637702,5,positive,Great basketball shoe,Secure lockdown. Comfort. Feels like running on clouds. Would buy again.,Great basketball shoe. Secure lockdown. Comfort. Feels like running on clouds. Would buy again,great basketball shoe secure lockdown comfort feels like running on clouds would buy again,14,https://runrepeat.com/adidas-dame-9,gen_371175,2025-12-12T06:52:05.000+00:00
Adidas Dame 9,gen_240604076,5,positive,Best on the court,I play D3 ball and And good traction on clean courts. Secure lockdown. You feel the weight after a long game. One of my favorite basketball shoes.,Best on the court. I play D3 ball and And good traction on clean courts. Secure lockdown. You feel the weight after a long game. One of my favorite basketball shoes,best on the court i play d3 ball and and good traction on clean courts secure lockdown you feel the weight after a long game one of my favorite basketball shoes,31,https://runrepeat.com/adidas-dame-9,gen_371175,2025-03-10T06:52:05.000+00:00
Adidas Dame 9,gen_482380869,5,positive,Solid performance shoe,Really happy with this purchase. Comfort. Its very stable platform. Absorbs landings beautifully. Highly recommend.,Solid performance shoe. Really happy with this purchase. Comfort. Its very stable platform. Absorbs landings beautifully. Highly recommend,solid performance shoe really happy with this purchase comfort its very stable platform absorbs landings beautifully highly recommend,18,https://runrepeat.com/adidas-dame-9,gen_371175,2025-08-31T06:52:05.000+00:00
Adidas Dame 9,gen_347646875,5,positive,Great basketball shoe,Bought these for my son and Excellent lateral containment. Comfort. Feels like running on clouds. Fits true to size.,Great basketball shoe. Bought these for my son and Excellent lateral containment. Comfort. Feels like running on clouds. Fits true to size,great basketball shoe bought these for my son and excellent lateral containment comfort feels like running on clouds fits true to size,22,https://runrepeat.com/adidas-dame-9,gen_371175,2024-09-09T06:52:05.000+00:00
Adidas Dame 9,gen_204619638,4,positive,Highly recommend,Really happy with this purchase. And good traction on clean courts. Solid responsiveness. Cushioning is insane. Ordered my normal size and it fits perfectly. Lockdown is excellent. One of my favorite basketball shoes.,Highly recommend. Really happy with this purchase. And good traction on clean courts. Solid responsiveness. Cushioning is insane. Ordered my normal size and it fits perfectly. Lockdown is excellent. One of my favorite basketball shoes,highly recommend really happy with this purchase and good traction on clean courts solid responsiveness cushioning is insane ordered my normal size and it fits perfectly lockdown is excellent one of my favorite basketball shoes,35,https://runrepeat.com/adidas-dame-9,gen_371175,2026-01-01T06:52:05.000+00:00
Adidas Dame 9,gen_707442034,4,positive,Highly recommend,Been wearing these for a few months now. Excellent lateral containment. Strong impact protection. Locks in on hardwood. Stays locked through cuts. Best shoe I've played in this year.,Highly recommend. Been wearing these for a few months now. Excellent lateral containment. Strong impact protection. Locks in on hardwood. Stays locked through cuts. Best shoe I've played in this year,highly recommend been wearing these for a few months now excellent lateral containment strong impact protection locks in on hardwood stays locked through cuts best shoe i've played in this year,31,https://runrepeat.com/adidas-dame-9,gen_371175,2026-04-07T06:52:05.000+00:00
Adidas Dame 9,gen_407977993,5,positive,secure lockdown,Been playing for 15 years and Plus a fit that works well for wide feet. Secure lockdown. Could be lighter. Fits true to size. Lockdown is excellent.,secure lockdown. Been playing for 15 years and Plus a fit that works well for wide feet. Secure lockdown. Could be lighter. Fits true to size. Lockdown is excellent,secure lockdown been playing for 15 years and plus a fit that works well for wide feet secure lockdown could be lighter fits true to size lockdown is excellent,29,https://runrepeat.com/adidas-dame-9,gen_371175,2025-07-25T06:52:05.000+00:00
Adidas Dame 9,gen_54670750,5,positive,Love these shoes,Plus a fit that works well for wide feet. Secure lockdown. Locks in on hardwood. Fits true to size. One of my favorite basketball shoes.,Love these shoes. Plus a fit that works well for wide feet. Secure lockdown. Locks in on hardwood. Fits true to size. One of my favorite basketball shoes,love these shoes plus a fit that works well for wide feet secure lockdown locks in on hardwood fits true to size one of my favorite basketball shoes,28,https://runrepeat.com/adidas-dame-9,gen_371175,2026-02-23T06:52:05.000+00:00
Adidas Dame 9,gen_678359494,5,positive,Best on the court,Solid responsiveness. Its very stable platform. Impact protection is top notch. Fits true to size. Lockdown is excellent.,Best on the court. Solid responsiveness. Its very stable platform. Impact protection is top notch. Fits true to size. Lockdown is excellent,best on the court solid responsiveness its very stable platform impact protection is top notch fits true to size lockdown is excellent,22,https://runrepeat.com/adidas-dame-9,gen_371175,2025-08-25T06:52:05.000+00:00
Adidas Dame 9,gen_426399318,5,positive,Great basketball shoe,"Compared to my other pairs, Its very stable platform. Excellent lateral containment. Traction is elite. Ordered my normal size and it fits perfectly. One of my favorite basketball shoes.","Great basketball shoe. Compared to my other pairs, Its very stable platform. Excellent lateral containment. Traction is elite. Ordered my normal size and it fits perfectly. One of my favorite basketball shoes",great basketball shoe compared to my other pairs its very stable platform excellent lateral containment traction is elite ordered my normal size and it fits perfectly one of my favorite basketball shoes,32,https://runrepeat.com/adidas-dame-9,gen_371175,2025-09-25T06:52:05.000+00:00
Adidas D.O.N. Issue #6,gen_316608112,4,positive,Best on the court,"Compared to my other pairs, A lightweight feel. Breathable construction. Traction is elite. Lockdown is excellent.","Best on the court. Compared to my other pairs, A lightweight feel. Breathable construction. Traction is elite. Lockdown is excellent",best on the court compared to my other pairs a lightweight feel breathable construction traction is elite lockdown is excellent,20,https://runrepeat.com/adidas-don-issue-6,gen_763797,2024-10-03T06:52:05.000+00:00
Adidas D.O.N. Issue #6,gen_887410614,4,positive,Love these shoes,Solid impact protection. Breathable construction. Great underfoot feel. Highly recommend.,Love these shoes. Solid impact protection. Breathable construction. Great underfoot feel. Highly recommend,love these shoes solid impact protection breathable construction great underfoot feel highly recommend,13,https://runrepeat.com/adidas-don-issue-6,gen_763797,2026-01-18T06:52:05.000+00:00
Adidas D.O.N. Issue #6,gen_697435098,5,positive,comfort,My kid loves these shoes. Good support. Breathable construction. Never slipped once. Sizing is spot on. Highly recommend.,comfort. My kid loves these shoes. Good support. Breathable construction. Never slipped once. Sizing is spot on. Highly recommend,comfort my kid loves these shoes good support breathable construction never slipped once sizing is spot on highly recommend,19,https://runrepeat.com/adidas-don-issue-6,gen_763797,2025-12-29T06:52:05.000+00:00
Adidas D.O.N. Issue #6,gen_738835137,5,positive,Worth it,Good support. Solid impact protection. Great grip on the court. Sizing is spot on.,Worth it. Good support. Solid impact protection. Great grip on the court. Sizing is spot on,worth it good support solid impact protection great grip on the court sizing is spot on,16,https://runrepeat.com/adidas-don-issue-6,gen_763797,2026-03-13T06:52:05.000+00:00
Adidas D.O.N. Issue #6,gen_971665940,4,positive,Highly recommend,Bought these after my old pair died. Comfort. A lightweight feel. Responsive cushioning. Fits true to size.,Highly recommend. Bought these after my old pair died. Comfort. A lightweight feel. Responsive cushioning. Fits true to size,highly recommend bought these after my old pair died comfort a lightweight feel responsive cushioning fits true to size,19,https://runrepeat.com/adidas-don-issue-6,gen_763797,2025-10-23T06:52:05.000+00:00
Adidas D.O.N. Issue #6,gen_466178926,4,positive,Great basketball shoe,Finally pulled the trigger on these and glad I did. Solid impact protection. Good support. Great grip on the court. Lockdown is excellent.,Great basketball shoe. Finally pulled the trigger on these and glad I did. Solid impact protection. Good support. Great grip on the court. Lockdown is excellent,great basketball shoe finally pulled the trigger on these and glad i did solid impact protection good support great grip on the court lockdown is excellent,26,https://runrepeat.com/adidas-don-issue-6,gen_763797,2025-09-07T06:52:05.000+00:00
Adidas D.O.N. Issue #6,gen_85740275,5,positive,solid impact protection,I recommend these to my players. Solid impact protection. Phenomenal grip even on dusty courts. Great underfoot feel. Sizing is spot on. Lockdown is excellent.,solid impact protection. I recommend these to my players. Solid impact protection. Phenomenal grip even on dusty courts. Great underfoot feel. Sizing is spot on. Lockdown is excellent,solid impact protection i recommend these to my players solid impact protection phenomenal grip even on dusty courts great underfoot feel sizing is spot on lockdown is excellent,28,https://runrepeat.com/adidas-don-issue-6,gen_763797,2025-07-11T06:52:05.000+00:00
Adidas D.O.N. Issue #6,gen_8941721,4,positive,Worth it,"Compared to my other pairs, Breathable construction. Phenomenal grip even on dusty courts. Traction is elite. Stays locked through cuts.","Worth it. Compared to my other pairs, Breathable construction. Phenomenal grip even on dusty courts. Traction is elite. Stays locked through cuts",worth it compared to my other pairs breathable construction phenomenal grip even on dusty courts traction is elite stays locked through cuts,22,https://runrepeat.com/adidas-don-issue-6,gen_763797,2025-07-25T06:52:05.000+00:00
Adidas D.O.N. Issue #6,gen_881237426,5,positive,Great basketball shoe,Breathable construction. Solid impact protection. Absorbs landings beautifully. Stays locked through cuts. Highly recommend.,Great basketball shoe. Breathable construction. Solid impact protection. Absorbs landings beautifully. Stays locked through cuts. Highly recommend,great basketball shoe breathable construction solid impact protection absorbs landings beautifully stays locked through cuts highly recommend,17,https://runrepeat.com/adidas-don-issue-6,gen_763797,2024-04-27T06:52:05.000+00:00
Adidas D.O.N. Issue #6,gen_746959587,5,positive,Great basketball shoe,Solid impact protection. Good support. Cushioning is insane. Ordered my normal size and it fits perfectly.,Great basketball shoe. Solid impact protection. Good support. Cushioning is insane. Ordered my normal size and it fits perfectly,great basketball shoe solid impact protection good support cushioning is insane ordered my normal size and it fits perfectly,19,https://runrepeat.com/adidas-don-issue-6,gen_763797,2024-06-12T06:52:05.000+00:00
Adidas D.O.N. Issue #6,gen_691232501,4,positive,Worth it,Breathable construction. Solid impact protection. Responsive cushioning. Fits true to size. No heel slip whatsoever.,Worth it. Breathable construction. Solid impact protection. Responsive cushioning. Fits true to size. No heel slip whatsoever,worth it breathable construction solid impact protection responsive cushioning fits true to size no heel slip whatsoever,17,https://runrepeat.com/adidas-don-issue-6,gen_763797,2025-10-26T06:52:05.000+00:00
Adidas D.O.N. Issue #6,gen_488176580,5,positive,Solid performance shoe,Just finished my third week in these. Comfort. And strong value. Absorbs landings beautifully. No heel slip whatsoever. Would buy again.,Solid performance shoe. Just finished my third week in these. Comfort. And strong value. Absorbs landings beautifully. No heel slip whatsoever. Would buy again,solid performance shoe just finished my third week in these comfort and strong value absorbs landings beautifully no heel slip whatsoever would buy again,24,https://runrepeat.com/adidas-don-issue-6,gen_763797,2024-11-15T06:52:05.000+00:00
Adidas D.O.N. Issue #6,gen_886358497,4,positive,and strong value,Needed a new pair for the season and these delivered. Breathable construction. Phenomenal grip even on dusty courts. Feels almost weightless on foot. Super secure fit. Would buy again.,and strong value. Needed a new pair for the season and these delivered. Breathable construction. Phenomenal grip even on dusty courts. Feels almost weightless on foot. Super secure fit. Would buy again,and strong value needed a new pair for the season and these delivered breathable construction phenomenal grip even on dusty courts feels almost weightless on foot super secure fit would buy again,32,https://runrepeat.com/adidas-don-issue-6,gen_763797,2025-11-23T06:52:05.000+00:00
Adidas D.O.N. Issue #6,gen_893367059,4,positive,Great basketball shoe,Strong containment and lockdown. Solid impact protection. Cushioning is insane.,Great basketball shoe. Strong containment and lockdown. Solid impact protection. Cushioning is insane,great basketball shoe strong containment and lockdown solid impact protection cushioning is insane,13,https://runrepeat.com/adidas-don-issue-6,gen_763797,2025-03-25T06:52:05.000+00:00
Adidas D.O.N. Issue #6,gen_106540374,5,positive,Solid performance shoe,I play D3 ball and Phenomenal grip even on dusty courts. Comfort. Feels almost weightless on foot. No heel slip whatsoever. Best shoe I've played in this year.,Solid performance shoe. I play D3 ball and Phenomenal grip even on dusty courts. Comfort. Feels almost weightless on foot. No heel slip whatsoever. Best shoe I've played in this year,solid performance shoe i play d3 ball and phenomenal grip even on dusty courts comfort feels almost weightless on foot no heel slip whatsoever best shoe i've played in this year,31,https://runrepeat.com/adidas-don-issue-6,gen_763797,2025-01-02T06:52:05.000+00:00
Adidas D.O.N. Issue #6,gen_802230797,5,positive,Best on the court,Been wearing these for a few months now. And strong value. Breathable construction. Impact protection is top notch.,Best on the court. Been wearing these for a few months now. And strong value. Breathable construction. Impact protection is top notch,best on the court been wearing these for a few months now and strong value breathable construction impact protection is top notch,22,https://runrepeat.com/adidas-don-issue-6,gen_763797,2025-01-24T06:52:05.000+00:00
Adidas D.O.N. Issue #6,gen_610369958,5,positive,comfort,Tried these on a whim and they're now my go-to. And strong value. Good support. Super lightweight. Ordered my normal size and it fits perfectly. Stays locked through cuts. Would buy again.,comfort. Tried these on a whim and they're now my go-to. And strong value. Good support. Super lightweight. Ordered my normal size and it fits perfectly. Stays locked through cuts. Would buy again,comfort tried these on a whim and they're now my go to and strong value good support super lightweight ordered my normal size and it fits perfectly stays locked through cuts would buy again,34,https://runrepeat.com/adidas-don-issue-6,gen_763797,2025-07-15T06:52:05.000+00:00
Adidas D.O.N. Issue #6,gen_256963989,5,positive,Great basketball shoe,My kid loves these shoes. Breathable construction. A lightweight feel. Traction is elite. Fits true to size. Foot doesn't move at all.,Great basketball shoe. My kid loves these shoes. Breathable construction. A lightweight feel. Traction is elite. Fits true to size. Foot doesn't move at all,great basketball shoe my kid loves these shoes breathable construction a lightweight feel traction is elite fits true to size foot doesn't move at all,25,https://runrepeat.com/adidas-don-issue-6,gen_763797,2026-02-16T06:52:05.000+00:00
Adidas D.O.N. Issue #6,gen_669077624,4,positive,Solid performance shoe,Just finished my third week in these. Comfort. Solid impact protection. Doesn't slow you down. Best shoe I've played in this year.,Solid performance shoe. Just finished my third week in these. Comfort. Solid impact protection. Doesn't slow you down. Best shoe I've played in this year,solid performance shoe just finished my third week in these comfort solid impact protection doesn't slow you down best shoe i've played in this year,25,https://runrepeat.com/adidas-don-issue-6,gen_763797,2025-03-29T06:52:05.000+00:00
Adidas D.O.N. Issue #6,gen_6593441,5,positive,Great basketball shoe,My kid loves these shoes. Comfort. A lightweight feel. Responsive cushioning.,Great basketball shoe. My kid loves these shoes. Comfort. A lightweight feel. Responsive cushioning,great basketball shoe my kid loves these shoes comfort a lightweight feel responsive cushioning,14,https://runrepeat.com/adidas-don-issue-6,gen_763797,2024-12-09T06:52:05.000+00:00
Adidas Harden Vol. 9,gen_5284290,5,positive,Love these shoes,As a coach I've seen a lot of shoes and Strong heel impact protection. Excellent lock-in. Feels like running on clouds. Ordered my normal size and it fits perfectly. Super secure fit. Highly recommend.,Love these shoes. As a coach I've seen a lot of shoes and Strong heel impact protection. Excellent lock-in. Feels like running on clouds. Ordered my normal size and it fits perfectly. Super secure fit. Highly recommend,love these shoes as a coach i've seen a lot of shoes and strong heel impact protection excellent lock in feels like running on clouds ordered my normal size and it fits perfectly super secure fit highly recommend,38,https://runrepeat.com/adidas-harden-vol-9,gen_805787,2024-06-24T06:52:05.000+00:00
Adidas Harden Vol. 9,gen_935839938,5,positive,Excellent lock-in,These shoes are solid. Decent breathability. A dynamic and bouncy feel. Locks in on hardwood. Ordered my normal size and it fits perfectly. Foot doesn't move at all. One of my favorite basketball shoes.,Excellent lock-in. These shoes are solid. Decent breathability. A dynamic and bouncy feel. Locks in on hardwood. Ordered my normal size and it fits perfectly. Foot doesn't move at all. One of my favorite basketball shoes,excellent lock in these shoes are solid decent breathability a dynamic and bouncy feel locks in on hardwood ordered my normal size and it fits perfectly foot doesn't move at all one of my favorite basketball shoes,37,https://runrepeat.com/adidas-harden-vol-9,gen_805787,2025-04-10T06:52:05.000+00:00
Adidas Harden Vol. 9,gen_715523644,5,positive,Best on the court,And overall comfort. A dynamic and bouncy feel. Never slipped once. Fits true to size. Game changer for me.,Best on the court. And overall comfort. A dynamic and bouncy feel. Never slipped once. Fits true to size. Game changer for me,best on the court and overall comfort a dynamic and bouncy feel never slipped once fits true to size game changer for me,23,https://runrepeat.com/adidas-harden-vol-9,gen_805787,2025-03-12T06:52:05.000+00:00
Adidas Harden Vol. 9,gen_835208669,5,positive,Highly recommend,A dynamic and bouncy feel. Excellent lock-in. Responsive cushioning.,Highly recommend. A dynamic and bouncy feel. Excellent lock-in. Responsive cushioning,highly recommend a dynamic and bouncy feel excellent lock in responsive cushioning,12,https://runrepeat.com/adidas-harden-vol-9,gen_805787,2025-12-20T06:52:05.000+00:00
Adidas Harden Vol. 9,gen_100085428,4,positive,Best on the court,"For rec league ball, Reliable traction. Strong heel impact protection. Traction is elite. No heel slip whatsoever.","Best on the court. For rec league ball, Reliable traction. Strong heel impact protection. Traction is elite. No heel slip whatsoever",best on the court for rec league ball reliable traction strong heel impact protection traction is elite no heel slip whatsoever,21,https://runrepeat.com/adidas-harden-vol-9,gen_805787,2026-01-04T06:52:05.000+00:00
Adidas Harden Vol. 9,gen_426127096,4,positive,Love these shoes,Bought these after my old pair died. Reliable traction. Strong heel impact protection. Absorbs landings beautifully. Game changer for me.,Love these shoes. Bought these after my old pair died. Reliable traction. Strong heel impact protection. Absorbs landings beautifully. Game changer for me,love these shoes bought these after my old pair died reliable traction strong heel impact protection absorbs landings beautifully game changer for me,23,https://runrepeat.com/adidas-harden-vol-9,gen_805787,2024-08-24T06:52:05.000+00:00
Adidas Harden Vol. 9,gen_160243797,5,positive,Love these shoes,Tried these on a whim and they're now my go-to. A dynamic and bouncy feel. Good durability. Absorbs landings beautifully. Lockdown is excellent. One of my favorite basketball shoes.,Love these shoes. Tried these on a whim and they're now my go-to. A dynamic and bouncy feel. Good durability. Absorbs landings beautifully. Lockdown is excellent. One of my favorite basketball shoes,love these shoes tried these on a whim and they're now my go to a dynamic and bouncy feel good durability absorbs landings beautifully lockdown is excellent one of my favorite basketball shoes,33,https://runrepeat.com/adidas-harden-vol-9,gen_805787,2025-10-18T06:52:05.000+00:00
Adidas Harden Vol. 9,gen_855984458,5,positive,Highly recommend,Needed a new pair for the season and these delivered. Reliable traction. Strong heel impact protection. Impact protection is top notch. Fits true to size. No heel slip whatsoever. Would buy again.,Highly recommend. Needed a new pair for the season and these delivered. Reliable traction. Strong heel impact protection. Impact protection is top notch. Fits true to size. No heel slip whatsoever. Would buy again,highly recommend needed a new pair for the season and these delivered reliable traction strong heel impact protection impact protection is top notch fits true to size no heel slip whatsoever would buy again,34,https://runrepeat.com/adidas-harden-vol-9,gen_805787,2024-05-15T06:52:05.000+00:00
Adidas Harden Vol. 9,gen_589934614,5,positive,Worth it,Bought these for the season and have no regrets. A dynamic and bouncy feel. Good durability. Responsive cushioning. Ordered my normal size and it fits perfectly. Best shoe I've played in this year.,Worth it. Bought these for the season and have no regrets. A dynamic and bouncy feel. Good durability. Responsive cushioning. Ordered my normal size and it fits perfectly. Best shoe I've played in this year,worth it bought these for the season and have no regrets a dynamic and bouncy feel good durability responsive cushioning ordered my normal size and it fits perfectly best shoe i've played in this year,35,https://runrepeat.com/adidas-harden-vol-9,gen_805787,2025-05-05T06:52:05.000+00:00
Adidas Harden Vol. 9,gen_757343695,5,positive,Worth it,"Compared to my other pairs, Good durability. Strong heel impact protection. Never slipped once. Fits true to size. Best shoe I've played in this year.","Worth it. Compared to my other pairs, Good durability. Strong heel impact protection. Never slipped once. Fits true to size. Best shoe I've played in this year",worth it compared to my other pairs good durability strong heel impact protection never slipped once fits true to size best shoe i've played in this year,27,https://runrepeat.com/adidas-harden-vol-9,gen_805787,2024-05-16T06:52:05.000+00:00
Adidas Harden Vol. 9,gen_367434959,5,positive,Highly recommend,Needed a new pair for the season and these delivered. And overall comfort. Decent breathability. Absorbs landings beautifully. Fits true to size. One of my favorite basketball shoes.,Highly recommend. Needed a new pair for the season and these delivered. And overall comfort. Decent breathability. Absorbs landings beautifully. Fits true to size. One of my favorite basketball shoes,highly recommend needed a new pair for the season and these delivered and overall comfort decent breathability absorbs landings beautifully fits true to size one of my favorite basketball shoes,30,https://runrepeat.com/adidas-harden-vol-9,gen_805787,2025-10-21T06:52:05.000+00:00
Adidas Harden Vol. 9,gen_997794825,5,positive,Great basketball shoe,I own about 30 pairs of basketball shoes and Excellent lock-in. Decent breathability. Never slipped once. No heel slip whatsoever. Highly recommend.,Great basketball shoe. I own about 30 pairs of basketball shoes and Excellent lock-in. Decent breathability. Never slipped once. No heel slip whatsoever. Highly recommend,great basketball shoe i own about 30 pairs of basketball shoes and excellent lock in decent breathability never slipped once no heel slip whatsoever highly recommend,26,https://runrepeat.com/adidas-harden-vol-9,gen_805787,2024-09-12T06:52:05.000+00:00
Adidas Harden Vol. 9,gen_71144866,4,positive,Solid performance shoe,These shoes are solid. Strong heel impact protection. Good durability. Traction is elite. Highly recommend.,Solid performance shoe. These shoes are solid. Strong heel impact protection. Good durability. Traction is elite. Highly recommend,solid performance shoe these shoes are solid strong heel impact protection good durability traction is elite highly recommend,18,https://runrepeat.com/adidas-harden-vol-9,gen_805787,2025-11-18T06:52:05.000+00:00
Adidas Harden Vol. 9,gen_521568268,5,positive,a dynamic and bouncy feel,Just finished my third week in these. Excellent lock-in. Decent breathability. Runs a little heavy. Ordered my normal size and it fits perfectly. Best shoe I've played in this year.,a dynamic and bouncy feel. Just finished my third week in these. Excellent lock-in. Decent breathability. Runs a little heavy. Ordered my normal size and it fits perfectly. Best shoe I've played in this year,a dynamic and bouncy feel just finished my third week in these excellent lock in decent breathability runs a little heavy ordered my normal size and it fits perfectly best shoe i've played in this year,36,https://runrepeat.com/adidas-harden-vol-9,gen_805787,2025-03-29T06:52:05.000+00:00
Adidas Harden Vol. 9,gen_282947218,4,positive,Solid performance shoe,Strong heel impact protection. Decent breathability. Absorbs landings beautifully. Ordered my normal size and it fits perfectly. Foot doesn't move at all.,Solid performance shoe. Strong heel impact protection. Decent breathability. Absorbs landings beautifully. Ordered my normal size and it fits perfectly. Foot doesn't move at all,solid performance shoe strong heel impact protection decent breathability absorbs landings beautifully ordered my normal size and it fits perfectly foot doesn't move at all,25,https://runrepeat.com/adidas-harden-vol-9,gen_805787,2025-07-26T06:52:05.000+00:00
Adidas Harden Vol. 9,gen_419202355,4,positive,Great basketball shoe,I play D3 ball and Excellent lock-in. A dynamic and bouncy feel. The grip is phenomenal. Ordered my normal size and it fits perfectly. Would buy again.,Great basketball shoe. I play D3 ball and Excellent lock-in. A dynamic and bouncy feel. The grip is phenomenal. Ordered my normal size and it fits perfectly. Would buy again,great basketball shoe i play d3 ball and excellent lock in a dynamic and bouncy feel the grip is phenomenal ordered my normal size and it fits perfectly would buy again,31,https://runrepeat.com/adidas-harden-vol-9,gen_805787,2025-07-01T06:52:05.000+00:00
Adidas Harden Vol. 9,gen_879762315,4,positive,Love these shoes,I recommend these to my players. Strong heel impact protection. Reliable traction. Absorbs landings beautifully. Best shoe I've played in this year.,Love these shoes. I recommend these to my players. Strong heel impact protection. Reliable traction. Absorbs landings beautifully. Best shoe I've played in this year,love these shoes i recommend these to my players strong heel impact protection reliable traction absorbs landings beautifully best shoe i've played in this year,25,https://runrepeat.com/adidas-harden-vol-9,gen_805787,2025-09-04T06:52:05.000+00:00
Adidas Harden Vol. 9,gen_472521034,5,positive,Highly recommend,Been wearing these for a few months now. And overall comfort. Strong heel impact protection. Absorbs landings beautifully. Highly recommend.,Highly recommend. Been wearing these for a few months now. And overall comfort. Strong heel impact protection. Absorbs landings beautifully. Highly recommend,highly recommend been wearing these for a few months now and overall comfort strong heel impact protection absorbs landings beautifully highly recommend,22,https://runrepeat.com/adidas-harden-vol-9,gen_805787,2024-12-29T06:52:05.000+00:00
Adidas Harden Vol. 9,gen_241178669,4,positive,Love these shoes,Good durability. And overall comfort. Traction is elite.,Love these shoes. Good durability. And overall comfort. Traction is elite,love these shoes good durability and overall comfort traction is elite,11,https://runrepeat.com/adidas-harden-vol-9,gen_805787,2024-08-12T06:52:05.000+00:00
Adidas Harden Vol. 9,gen_802127723,5,positive,Great basketball shoe,"As a casual hooper, And overall comfort. Decent breathability. Absorbs landings beautifully.","Great basketball shoe. As a casual hooper, And overall comfort. Decent breathability. Absorbs landings beautifully",great basketball shoe as a casual hooper and overall comfort decent breathability absorbs landings beautifully,15,https://runrepeat.com/adidas-harden-vol-9,gen_805787,2025-07-21T06:52:05.000+00:00
Nike Ja 2,gen_707064632,3,neutral,Decent but not perfect,"As a coach I've seen a lot of shoes and Great traction. However, cheap-feeling materials. Decent shoe overall but nothing special.","Decent but not perfect. As a coach I've seen a lot of shoes and Great traction. However, cheap-feeling materials. Decent shoe overall but nothing special",decent but not perfect as a coach i've seen a lot of shoes and great traction however cheap feeling materials decent shoe overall but nothing special,26,https://runrepeat.com/nike-ja-2,gen_233642,2024-11-12T06:52:05.000+00:00
Nike Ja 2,gen_355196091,4,positive,Great basketball shoe,Bought these after my old pair died. Great traction. Speedy transitions. Not the softest ride. Best shoe I've played in this year.,Great basketball shoe. Bought these after my old pair died. Great traction. Speedy transitions. Not the softest ride. Best shoe I've played in this year,great basketball shoe bought these after my old pair died great traction speedy transitions not the softest ride best shoe i've played in this year,25,https://runrepeat.com/nike-ja-2,gen_233642,2025-12-09T06:52:05.000+00:00
Nike Ja 2,gen_896377950,5,positive,Solid performance shoe,"Bought these for several players on my team, Speedy transitions. A very lightweight build. Doesn't slow you down. Ordered my normal size and it fits perfectly. No heel slip whatsoever. Highly recommend.","Solid performance shoe. Bought these for several players on my team, Speedy transitions. A very lightweight build. Doesn't slow you down. Ordered my normal size and it fits perfectly. No heel slip whatsoever. Highly recommend",solid performance shoe bought these for several players on my team speedy transitions a very lightweight build doesn't slow you down ordered my normal size and it fits perfectly no heel slip whatsoever highly recommend,35,https://runrepeat.com/nike-ja-2,gen_233642,2025-01-05T06:52:05.000+00:00
Nike Ja 2,gen_651218066,5,positive,Worth it,Speedy transitions. No break-in period. Never slipped once. Sizing is spot on. Best shoe I've played in this year.,Worth it. Speedy transitions. No break-in period. Never slipped once. Sizing is spot on. Best shoe I've played in this year,worth it speedy transitions no break in period never slipped once sizing is spot on best shoe i've played in this year,22,https://runrepeat.com/nike-ja-2,gen_233642,2025-11-25T06:52:05.000+00:00
Nike Ja 2,gen_209862597,4,positive,Highly recommend,And decent breathability. Fantastic court feel. Never slipped once. Best shoe I've played in this year.,Highly recommend. And decent breathability. Fantastic court feel. Never slipped once. Best shoe I've played in this year,highly recommend and decent breathability fantastic court feel never slipped once best shoe i've played in this year,18,https://runrepeat.com/nike-ja-2,gen_233642,2025-07-23T06:52:05.000+00:00
Nike Ja 2,gen_539155952,5,positive,Great basketball shoe,Speedy transitions. No break-in period. Not the softest ride. One of my favorite basketball shoes.,Great basketball shoe. Speedy transitions. No break-in period. Not the softest ride. One of my favorite basketball shoes,great basketball shoe speedy transitions no break in period not the softest ride one of my favorite basketball shoes,19,https://runrepeat.com/nike-ja-2,gen_233642,2024-10-04T06:52:05.000+00:00
Nike Ja 2,gen_700850901,5,positive,Best on the court,Just finished my third week in these. No break-in period. A very lightweight build. Super lightweight. Sizing is spot on. No heel slip whatsoever.,Best on the court. Just finished my third week in these. No break-in period. A very lightweight build. Super lightweight. Sizing is spot on. No heel slip whatsoever,best on the court just finished my third week in these no break in period a very lightweight build super lightweight sizing is spot on no heel slip whatsoever,29,https://runrepeat.com/nike-ja-2,gen_233642,2025-03-28T06:52:05.000+00:00
Nike Ja 2,gen_293808887,5,positive,Worth it,Bought these after my old pair died. Speedy transitions. Great traction. Traction is elite. Game changer for me.,Worth it. Bought these after my old pair died. Speedy transitions. Great traction. Traction is elite. Game changer for me,worth it bought these after my old pair died speedy transitions great traction traction is elite game changer for me,20,https://runrepeat.com/nike-ja-2,gen_233642,2026-04-07T06:52:05.000+00:00
Nike Ja 2,gen_9046149,5,positive,Highly recommend,Fantastic court feel. A springy forefoot. Never slipped once. Ordered my normal size and it fits perfectly. Lockdown is excellent.,Highly recommend. Fantastic court feel. A springy forefoot. Never slipped once. Ordered my normal size and it fits perfectly. Lockdown is excellent,highly recommend fantastic court feel a springy forefoot never slipped once ordered my normal size and it fits perfectly lockdown is excellent,22,https://runrepeat.com/nike-ja-2,gen_233642,2024-06-01T06:52:05.000+00:00
Nike Ja 2,gen_283413924,2,negative,Wouldn't buy again,Weak outdoor suitability. Cheap-feeling materials. Expected more.,Wouldn't buy again. Weak outdoor suitability. Cheap-feeling materials. Expected more,wouldn't buy again weak outdoor suitability cheap feeling materials expected more,11,https://runrepeat.com/nike-ja-2,gen_233642,2026-02-11T06:52:05.000+00:00
Nike Ja 2,gen_914769819,4,positive,Worth it,A springy forefoot. Fantastic court feel. Feels almost weightless on foot. Foot doesn't move at all.,Worth it. A springy forefoot. Fantastic court feel. Feels almost weightless on foot. Foot doesn't move at all,worth it a springy forefoot fantastic court feel feels almost weightless on foot foot doesn't move at all,18,https://runrepeat.com/nike-ja-2,gen_233642,2026-03-24T06:52:05.000+00:00
Nike Ja 2,gen_641283456,5,positive,Love these shoes,"For rec league ball, A springy forefoot. A very lightweight build. Locks in on hardwood.","Love these shoes. For rec league ball, A springy forefoot. A very lightweight build. Locks in on hardwood",love these shoes for rec league ball a springy forefoot a very lightweight build locks in on hardwood,18,https://runrepeat.com/nike-ja-2,gen_233642,2025-10-30T06:52:05.000+00:00
Nike Ja 2,gen_218612129,4,positive,Great basketball shoe,A very lightweight build. A springy forefoot. Super lightweight. Sizing is spot on. Highly recommend.,Great basketball shoe. A very lightweight build. A springy forefoot. Super lightweight. Sizing is spot on. Highly recommend,great basketball shoe a very lightweight build a springy forefoot super lightweight sizing is spot on highly recommend,18,https://runrepeat.com/nike-ja-2,gen_233642,2025-01-01T06:52:05.000+00:00
Nike Ja 2,gen_94939880,5,positive,Worth it,Big sneaker collector here — Great traction. Speedy transitions. Never slipped once. One of my favorite basketball shoes.,Worth it. Big sneaker collector here — Great traction. Speedy transitions. Never slipped once. One of my favorite basketball shoes,worth it big sneaker collector here great traction speedy transitions never slipped once one of my favorite basketball shoes,19,https://runrepeat.com/nike-ja-2,gen_233642,2025-10-01T06:52:05.000+00:00
Nike Ja 2,gen_710619188,5,positive,a springy forefoot,As a coach I've seen a lot of shoes and Speedy transitions. Great traction. Super lightweight. Ordered my normal size and it fits perfectly. No heel slip whatsoever. Best shoe I've played in this year.,a springy forefoot. As a coach I've seen a lot of shoes and Speedy transitions. Great traction. Super lightweight. Ordered my normal size and it fits perfectly. No heel slip whatsoever. Best shoe I've played in this year,a springy forefoot as a coach i've seen a lot of shoes and speedy transitions great traction super lightweight ordered my normal size and it fits perfectly no heel slip whatsoever best shoe i've played in this year,38,https://runrepeat.com/nike-ja-2,gen_233642,2024-05-20T06:52:05.000+00:00
Nike Ja 2,gen_183172253,5,positive,Worth it,And decent breathability. Great traction. Locks in on hardwood. Foot doesn't move at all.,Worth it. And decent breathability. Great traction. Locks in on hardwood. Foot doesn't move at all,worth it and decent breathability great traction locks in on hardwood foot doesn't move at all,16,https://runrepeat.com/nike-ja-2,gen_233642,2024-05-28T06:52:05.000+00:00
Nike Ja 2,gen_851981144,3,neutral,Good not great,"Great traction. However, weak outdoor suitability. Takes a few sessions to break in","Good not great. Great traction. However, weak outdoor suitability. Takes a few sessions to break in",good not great great traction however weak outdoor suitability takes a few sessions to break in,16,https://runrepeat.com/nike-ja-2,gen_233642,2024-09-06T06:52:05.000+00:00
Nike Ja 2,gen_955682052,5,positive,Worth it,Been playing for 15 years and Great traction. No break-in period. A bit firm underfoot. Fits true to size.,Worth it. Been playing for 15 years and Great traction. No break-in period. A bit firm underfoot. Fits true to size,worth it been playing for 15 years and great traction no break in period a bit firm underfoot fits true to size,22,https://runrepeat.com/nike-ja-2,gen_233642,2025-04-13T06:52:05.000+00:00
Nike Ja 2,gen_971771779,3,neutral,Okay shoe overall,"Great traction. However, weak outdoor suitability. Stiff at first but loosens up nicely","Okay shoe overall. Great traction. However, weak outdoor suitability. Stiff at first but loosens up nicely",okay shoe overall great traction however weak outdoor suitability stiff at first but loosens up nicely,16,https://runrepeat.com/nike-ja-2,gen_233642,2025-05-11T06:52:05.000+00:00
Nike Ja 2,gen_582467233,5,positive,Great basketball shoe,Just finished my third week in these. And decent breathability. No break-in period. Doesn't slow you down. Stays locked through cuts. Game changer for me.,Great basketball shoe. Just finished my third week in these. And decent breathability. No break-in period. Doesn't slow you down. Stays locked through cuts. Game changer for me,great basketball shoe just finished my third week in these and decent breathability no break in period doesn't slow you down stays locked through cuts game changer for me,29,https://runrepeat.com/nike-ja-2,gen_233642,2026-04-08T06:52:05.000+00:00
Adidas Anthony Edwards 1 Low,gen_814165715,5,positive,Great basketball shoe,Just finished my third week in these. Solid upper structure. Excellent support. Cushioning is insane. Ordered my normal size and it fits perfectly.,Great basketball shoe. Just finished my third week in these. Solid upper structure. Excellent support. Cushioning is insane. Ordered my normal size and it fits perfectly,great basketball shoe just finished my third week in these solid upper structure excellent support cushioning is insane ordered my normal size and it fits perfectly,26,https://runrepeat.com/adidas-anthony-edwards-1-low,gen_637401,2024-10-16T06:52:05.000+00:00
Adidas Anthony Edwards 1 Low,gen_608447075,5,positive,Best on the court,Stability. Solid upper structure. Cushioning is insane. Super secure fit. Game changer for me.,Best on the court. Stability. Solid upper structure. Cushioning is insane. Super secure fit. Game changer for me,best on the court stability solid upper structure cushioning is insane super secure fit game changer for me,18,https://runrepeat.com/adidas-anthony-edwards-1-low,gen_637401,2025-08-24T06:52:05.000+00:00
Adidas Anthony Edwards 1 Low,gen_701190187,4,positive,Great basketball shoe,Durability. Outstanding grip. Cushioning is insane. Fits true to size.,Great basketball shoe. Durability. Outstanding grip. Cushioning is insane. Fits true to size,great basketball shoe durability outstanding grip cushioning is insane fits true to size,13,https://runrepeat.com/adidas-anthony-edwards-1-low,gen_637401,2026-01-19T06:52:05.000+00:00
Adidas Anthony Edwards 1 Low,gen_120998118,5,positive,Highly recommend,Game-tested these for about 10 sessions. Excellent support. And good ground feel. Runs a little heavy. Stays locked through cuts. Would buy again.,Highly recommend. Game-tested these for about 10 sessions. Excellent support. And good ground feel. Runs a little heavy. Stays locked through cuts. Would buy again,highly recommend game tested these for about 10 sessions excellent support and good ground feel runs a little heavy stays locked through cuts would buy again,26,https://runrepeat.com/adidas-anthony-edwards-1-low,gen_637401,2025-08-27T06:52:05.000+00:00
Adidas Anthony Edwards 1 Low,gen_528706635,5,positive,durability,Durability. Excellent support. Great grip on the court. Highly recommend.,durability. Durability. Excellent support. Great grip on the court. Highly recommend,durability durability excellent support great grip on the court highly recommend,11,https://runrepeat.com/adidas-anthony-edwards-1-low,gen_637401,2025-12-09T06:52:05.000+00:00
Adidas Anthony Edwards 1 Low,gen_339178399,5,positive,Love these shoes,Bought these for the season and have no regrets. Outstanding grip. Excellent support. Responsive cushioning. Fits true to size. One of my favorite basketball shoes.,Love these shoes. Bought these for the season and have no regrets. Outstanding grip. Excellent support. Responsive cushioning. Fits true to size. One of my favorite basketball shoes,love these shoes bought these for the season and have no regrets outstanding grip excellent support responsive cushioning fits true to size one of my favorite basketball shoes,28,https://runrepeat.com/adidas-anthony-edwards-1-low,gen_637401,2024-11-13T06:52:05.000+00:00
Adidas Anthony Edwards 1 Low,gen_593527678,4,positive,Great basketball shoe,Outstanding grip. Solid upper structure. Never slipped once. Fits true to size. No heel slip whatsoever.,Great basketball shoe. Outstanding grip. Solid upper structure. Never slipped once. Fits true to size. No heel slip whatsoever,great basketball shoe outstanding grip solid upper structure never slipped once fits true to size no heel slip whatsoever,19,https://runrepeat.com/adidas-anthony-edwards-1-low,gen_637401,2025-02-10T06:52:05.000+00:00
Adidas Anthony Edwards 1 Low,gen_973502172,4,positive,Great basketball shoe,Really happy with this purchase. Durability. Solid upper structure. Great grip on the court. Sizing is spot on. One of my favorite basketball shoes.,Great basketball shoe. Really happy with this purchase. Durability. Solid upper structure. Great grip on the court. Sizing is spot on. One of my favorite basketball shoes,great basketball shoe really happy with this purchase durability solid upper structure great grip on the court sizing is spot on one of my favorite basketball shoes,27,https://runrepeat.com/adidas-anthony-edwards-1-low,gen_637401,2025-03-28T06:52:05.000+00:00
Adidas Anthony Edwards 1 Low,gen_17776921,4,positive,Best on the court,Outstanding grip. And good ground feel. Could be lighter. Would buy again.,Best on the court. Outstanding grip. And good ground feel. Could be lighter. Would buy again,best on the court outstanding grip and good ground feel could be lighter would buy again,16,https://runrepeat.com/adidas-anthony-edwards-1-low,gen_637401,2025-02-06T06:52:05.000+00:00
Adidas Anthony Edwards 1 Low,gen_23333072,4,positive,Highly recommend,As a coach I've seen a lot of shoes and Stability. And good ground feel. Responsive cushioning. Sizing is spot on. Super secure fit. Would buy again.,Highly recommend. As a coach I've seen a lot of shoes and Stability. And good ground feel. Responsive cushioning. Sizing is spot on. Super secure fit. Would buy again,highly recommend as a coach i've seen a lot of shoes and stability and good ground feel responsive cushioning sizing is spot on super secure fit would buy again,29,https://runrepeat.com/adidas-anthony-edwards-1-low,gen_637401,2024-05-19T06:52:05.000+00:00
Adidas Anthony Edwards 1 Low,gen_689924044,3,neutral,Mixed feelings,"I play pickup 3x a week and Outstanding grip. However, a heavy build. Takes a few sessions to break in","Mixed feelings. I play pickup 3x a week and Outstanding grip. However, a heavy build. Takes a few sessions to break in",mixed feelings i play pickup 3x a week and outstanding grip however a heavy build takes a few sessions to break in,22,https://runrepeat.com/adidas-anthony-edwards-1-low,gen_637401,2025-04-06T06:52:05.000+00:00
Adidas Anthony Edwards 1 Low,gen_324731086,3,neutral,Good not great,"Compared to my other pairs, Solid upper structure. However, a heavy build. Takes a few sessions to break in","Good not great. Compared to my other pairs, Solid upper structure. However, a heavy build. Takes a few sessions to break in",good not great compared to my other pairs solid upper structure however a heavy build takes a few sessions to break in,22,https://runrepeat.com/adidas-anthony-edwards-1-low,gen_637401,2025-02-26T06:52:05.000+00:00
Adidas Anthony Edwards 1 Low,gen_623325037,4,positive,durability,Durability. Solid upper structure. Never slipped once. Ordered my normal size and it fits perfectly. Game changer for me.,durability. Durability. Solid upper structure. Never slipped once. Ordered my normal size and it fits perfectly. Game changer for me,durability durability solid upper structure never slipped once ordered my normal size and it fits perfectly game changer for me,20,https://runrepeat.com/adidas-anthony-edwards-1-low,gen_637401,2025-09-05T06:52:05.000+00:00
Adidas Anthony Edwards 1 Low,gen_215470164,5,positive,Love these shoes,Big sneaker collector here — Solid upper structure. Excellent support. Runs a little heavy. Ordered my normal size and it fits perfectly.,Love these shoes. Big sneaker collector here — Solid upper structure. Excellent support. Runs a little heavy. Ordered my normal size and it fits perfectly,love these shoes big sneaker collector here solid upper structure excellent support runs a little heavy ordered my normal size and it fits perfectly,24,https://runrepeat.com/adidas-anthony-edwards-1-low,gen_637401,2024-08-02T06:52:05.000+00:00
Adidas Anthony Edwards 1 Low,gen_250855870,4,positive,Worth it,"Compared to my other pairs, And good ground feel. Durability. The grip is phenomenal. Ordered my normal size and it fits perfectly.","Worth it. Compared to my other pairs, And good ground feel. Durability. The grip is phenomenal. Ordered my normal size and it fits perfectly",worth it compared to my other pairs and good ground feel durability the grip is phenomenal ordered my normal size and it fits perfectly,24,https://runrepeat.com/adidas-anthony-edwards-1-low,gen_637401,2025-04-28T06:52:05.000+00:00
Adidas Anthony Edwards 1 Low,gen_332121528,4,positive,Highly recommend,Been wearing these for a few months now. And good ground feel. Outstanding grip. Traction is elite. No heel slip whatsoever. Would buy again.,Highly recommend. Been wearing these for a few months now. And good ground feel. Outstanding grip. Traction is elite. No heel slip whatsoever. Would buy again,highly recommend been wearing these for a few months now and good ground feel outstanding grip traction is elite no heel slip whatsoever would buy again,26,https://runrepeat.com/adidas-anthony-edwards-1-low,gen_637401,2025-04-09T06:52:05.000+00:00
Adidas Anthony Edwards 1 Low,gen_711157298,3,neutral,Has its pros and cons,"Outstanding grip. However, a break-in period. Needed about a week to feel natural","Has its pros and cons. Outstanding grip. However, a break-in period. Needed about a week to feel natural",has its pros and cons outstanding grip however a break in period needed about a week to feel natural,19,https://runrepeat.com/adidas-anthony-edwards-1-low,gen_637401,2025-11-12T06:52:05.000+00:00
Adidas Anthony Edwards 1 Low,gen_405007490,5,positive,Great basketball shoe,"As a casual hooper, Stability. And good ground feel. Absorbs landings beautifully. Sizing is spot on. Stays locked through cuts. Game changer for me.","Great basketball shoe. As a casual hooper, Stability. And good ground feel. Absorbs landings beautifully. Sizing is spot on. Stays locked through cuts. Game changer for me",great basketball shoe as a casual hooper stability and good ground feel absorbs landings beautifully sizing is spot on stays locked through cuts game changer for me,27,https://runrepeat.com/adidas-anthony-edwards-1-low,gen_637401,2025-12-30T06:52:05.000+00:00
Adidas Anthony Edwards 1 Low,gen_140958349,4,positive,Worth it,Outstanding grip. Excellent support. Cushioning is insane. Foot doesn't move at all. Would buy again.,Worth it. Outstanding grip. Excellent support. Cushioning is insane. Foot doesn't move at all. Would buy again,worth it outstanding grip excellent support cushioning is insane foot doesn't move at all would buy again,17,https://runrepeat.com/adidas-anthony-edwards-1-low,gen_637401,2025-12-03T06:52:05.000+00:00
Adidas Anthony Edwards 1 Low,gen_663571286,4,positive,Love these shoes,My kid loves these shoes. And good ground feel. Stability. Great grip on the court. Ordered my normal size and it fits perfectly. One of my favorite basketball shoes.,Love these shoes. My kid loves these shoes. And good ground feel. Stability. Great grip on the court. Ordered my normal size and it fits perfectly. One of my favorite basketball shoes,love these shoes my kid loves these shoes and good ground feel stability great grip on the court ordered my normal size and it fits perfectly one of my favorite basketball shoes,32,https://runrepeat.com/adidas-anthony-edwards-1-low,gen_637401,2026-02-08T06:52:05.000+00:00
Nike LeBron 22,gen_25002129,3,neutral,Mixed feelings,"Big sneaker collector here — And long-lasting construction. However, that it is heavy and not breathable. Needed about a week to feel natural","Mixed feelings. Big sneaker collector here — And long-lasting construction. However, that it is heavy and not breathable. Needed about a week to feel natural",mixed feelings big sneaker collector here and long lasting construction however that it is heavy and not breathable needed about a week to feel natural,25,https://runrepeat.com/nike-le-bron-22,gen_291414,2025-05-16T06:52:05.000+00:00
Nike LeBron 22,gen_812100587,5,positive,Great basketball shoe,Stability. Support. Sticky rubber outsole.,Great basketball shoe. Stability. Support. Sticky rubber outsole,great basketball shoe stability support sticky rubber outsole,8,https://runrepeat.com/nike-le-bron-22,gen_291414,2025-08-24T06:52:05.000+00:00
Nike LeBron 22,gen_166385652,4,positive,Highly recommend,Got these for my daughter and Stability. Excellent traction. Great grip on the court. Best shoe I've played in this year.,Highly recommend. Got these for my daughter and Stability. Excellent traction. Great grip on the court. Best shoe I've played in this year,highly recommend got these for my daughter and stability excellent traction great grip on the court best shoe i've played in this year,23,https://runrepeat.com/nike-le-bron-22,gen_291414,2024-09-06T06:52:05.000+00:00
Nike LeBron 22,gen_918944,5,positive,Worth it,Support. And long-lasting construction. Great grip on the court. Sizing is spot on. One of my favorite basketball shoes.,Worth it. Support. And long-lasting construction. Great grip on the court. Sizing is spot on. One of my favorite basketball shoes,worth it support and long lasting construction great grip on the court sizing is spot on one of my favorite basketball shoes,22,https://runrepeat.com/nike-le-bron-22,gen_291414,2024-08-25T06:52:05.000+00:00
Nike LeBron 22,gen_683113982,5,positive,Love these shoes,Big sneaker collector here — Responsiveness. Excellent traction. The grip is phenomenal. Sizing is spot on. Lockdown is excellent.,Love these shoes. Big sneaker collector here — Responsiveness. Excellent traction. The grip is phenomenal. Sizing is spot on. Lockdown is excellent,love these shoes big sneaker collector here responsiveness excellent traction the grip is phenomenal sizing is spot on lockdown is excellent,21,https://runrepeat.com/nike-le-bron-22,gen_291414,2024-11-19T06:52:05.000+00:00
Nike LeBron 22,gen_26209872,5,positive,Solid performance shoe,Excellent traction. Responsiveness. You feel the weight after a long game. Game changer for me.,Solid performance shoe. Excellent traction. Responsiveness. You feel the weight after a long game. Game changer for me,solid performance shoe excellent traction responsiveness you feel the weight after a long game game changer for me,18,https://runrepeat.com/nike-le-bron-22,gen_291414,2024-11-25T06:52:05.000+00:00
Nike LeBron 22,gen_365394726,4,positive,Great basketball shoe,As a coach I've seen a lot of shoes and And long-lasting construction. Excellent traction. Impact protection is top notch. No heel slip whatsoever.,Great basketball shoe. As a coach I've seen a lot of shoes and And long-lasting construction. Excellent traction. Impact protection is top notch. No heel slip whatsoever,great basketball shoe as a coach i've seen a lot of shoes and and long lasting construction excellent traction impact protection is top notch no heel slip whatsoever,28,https://runrepeat.com/nike-le-bron-22,gen_291414,2024-11-02T06:52:05.000+00:00
Nike LeBron 22,gen_977555489,5,positive,Best on the court,Been playing for 15 years and Responsiveness. And long-lasting construction. Runs a little heavy. Ordered my normal size and it fits perfectly. Super secure fit. Highly recommend.,Best on the court. Been playing for 15 years and Responsiveness. And long-lasting construction. Runs a little heavy. Ordered my normal size and it fits perfectly. Super secure fit. Highly recommend,best on the court been playing for 15 years and responsiveness and long lasting construction runs a little heavy ordered my normal size and it fits perfectly super secure fit highly recommend,32,https://runrepeat.com/nike-le-bron-22,gen_291414,2024-09-28T06:52:05.000+00:00
Nike LeBron 22,gen_554565414,4,positive,Solid performance shoe,Got these for my daughter and Solid impact protection. Stability. Sticky rubber outsole. Ordered my normal size and it fits perfectly. Super secure fit. Game changer for me.,Solid performance shoe. Got these for my daughter and Solid impact protection. Stability. Sticky rubber outsole. Ordered my normal size and it fits perfectly. Super secure fit. Game changer for me,solid performance shoe got these for my daughter and solid impact protection stability sticky rubber outsole ordered my normal size and it fits perfectly super secure fit game changer for me,31,https://runrepeat.com/nike-le-bron-22,gen_291414,2025-12-11T06:52:05.000+00:00
Nike LeBron 22,gen_417174017,4,positive,Worth it,"For rec league ball, And long-lasting construction. Support. Could be lighter. Ordered my normal size and it fits perfectly.","Worth it. For rec league ball, And long-lasting construction. Support. Could be lighter. Ordered my normal size and it fits perfectly",worth it for rec league ball and long lasting construction support could be lighter ordered my normal size and it fits perfectly,22,https://runrepeat.com/nike-le-bron-22,gen_291414,2024-05-21T06:52:05.000+00:00
Nike LeBron 22,gen_637477599,3,neutral,Okay shoe overall,"Game-tested these for about 10 sessions. Excellent traction. However, that it is heavy and not breathable. Stiff at first but loosens up nicely","Okay shoe overall. Game-tested these for about 10 sessions. Excellent traction. However, that it is heavy and not breathable. Stiff at first but loosens up nicely",okay shoe overall game tested these for about 10 sessions excellent traction however that it is heavy and not breathable stiff at first but loosens up nicely,27,https://runrepeat.com/nike-le-bron-22,gen_291414,2025-10-20T06:52:05.000+00:00
Nike LeBron 22,gen_984875189,5,positive,Love these shoes,I recommend these to my players. Stability. Excellent traction. Never slipped once. Stays locked through cuts.,Love these shoes. I recommend these to my players. Stability. Excellent traction. Never slipped once. Stays locked through cuts,love these shoes i recommend these to my players stability excellent traction never slipped once stays locked through cuts,19,https://runrepeat.com/nike-le-bron-22,gen_291414,2024-10-30T06:52:05.000+00:00
Nike LeBron 22,gen_325906088,5,positive,Worth it,Solid impact protection. Responsiveness. Great grip on the court. Ordered my normal size and it fits perfectly.,Worth it. Solid impact protection. Responsiveness. Great grip on the court. Ordered my normal size and it fits perfectly,worth it solid impact protection responsiveness great grip on the court ordered my normal size and it fits perfectly,19,https://runrepeat.com/nike-le-bron-22,gen_291414,2025-11-04T06:52:05.000+00:00
Nike LeBron 22,gen_734579547,5,positive,Solid performance shoe,Stability. Responsiveness. Absorbs landings beautifully. Ordered my normal size and it fits perfectly. Would buy again.,Solid performance shoe. Stability. Responsiveness. Absorbs landings beautifully. Ordered my normal size and it fits perfectly. Would buy again,solid performance shoe stability responsiveness absorbs landings beautifully ordered my normal size and it fits perfectly would buy again,19,https://runrepeat.com/nike-le-bron-22,gen_291414,2025-06-10T06:52:05.000+00:00
Nike LeBron 22,gen_850377112,3,neutral,Mixed feelings,"I play D3 ball and Responsiveness. However, that it is heavy and not breathable. Stiff at first but loosens up nicely","Mixed feelings. I play D3 ball and Responsiveness. However, that it is heavy and not breathable. Stiff at first but loosens up nicely",mixed feelings i play d3 ball and responsiveness however that it is heavy and not breathable stiff at first but loosens up nicely,23,https://runrepeat.com/nike-le-bron-22,gen_291414,2025-03-27T06:52:05.000+00:00
Nike LeBron 22,gen_391340562,5,positive,Best on the court,Solid impact protection. Stability. Could be lighter. Ordered my normal size and it fits perfectly. Highly recommend.,Best on the court. Solid impact protection. Stability. Could be lighter. Ordered my normal size and it fits perfectly. Highly recommend,best on the court solid impact protection stability could be lighter ordered my normal size and it fits perfectly highly recommend,21,https://runrepeat.com/nike-le-bron-22,gen_291414,2024-04-24T06:52:05.000+00:00
Nike LeBron 22,gen_857968423,4,positive,solid impact protection,I play pickup 3x a week and Support. Responsiveness. You feel the weight after a long game. Would buy again.,solid impact protection. I play pickup 3x a week and Support. Responsiveness. You feel the weight after a long game. Would buy again,solid impact protection i play pickup 3x a week and support responsiveness you feel the weight after a long game would buy again,23,https://runrepeat.com/nike-le-bron-22,gen_291414,2025-01-16T06:52:05.000+00:00
Nike LeBron 22,gen_966326390,5,positive,Great basketball shoe,"Bought these for several players on my team, Support. Stability. Cushioning is insane. Lockdown is excellent. Highly recommend.","Great basketball shoe. Bought these for several players on my team, Support. Stability. Cushioning is insane. Lockdown is excellent. Highly recommend",great basketball shoe bought these for several players on my team support stability cushioning is insane lockdown is excellent highly recommend,21,https://runrepeat.com/nike-le-bron-22,gen_291414,2024-06-26T06:52:05.000+00:00
Nike LeBron 22,gen_281265672,5,positive,support,Been playing for 15 years and Responsiveness. Stability. Runs a little heavy. Highly recommend.,support. Been playing for 15 years and Responsiveness. Stability. Runs a little heavy. Highly recommend,support been playing for 15 years and responsiveness stability runs a little heavy highly recommend,15,https://runrepeat.com/nike-le-bron-22,gen_291414,2026-04-03T06:52:05.000+00:00
Nike LeBron 22,gen_182767483,5,positive,Highly recommend,Solid impact protection. Responsiveness. Traction is elite. Lockdown is excellent. Game changer for me.,Highly recommend. Solid impact protection. Responsiveness. Traction is elite. Lockdown is excellent. Game changer for me,highly recommend solid impact protection responsiveness traction is elite lockdown is excellent game changer for me,16,https://runrepeat.com/nike-le-bron-22,gen_291414,2024-07-07T06:52:05.000+00:00
Nike Book 1,gen_636368835,5,positive,Great basketball shoe,Finally pulled the trigger on these and glad I did. Strong outsole grip. And acceptable occasional outdoor use. Responsive cushioning. Fits true to size. Lockdown is excellent.,Great basketball shoe. Finally pulled the trigger on these and glad I did. Strong outsole grip. And acceptable occasional outdoor use. Responsive cushioning. Fits true to size. Lockdown is excellent,great basketball shoe finally pulled the trigger on these and glad i did strong outsole grip and acceptable occasional outdoor use responsive cushioning fits true to size lockdown is excellent,30,https://runrepeat.com/nike-book-1,gen_176650,2025-05-17T06:52:05.000+00:00
Nike Book 1,gen_413999127,4,positive,Great basketball shoe,Durable construction. Padding. Feels like running on clouds. Would buy again.,Great basketball shoe. Durable construction. Padding. Feels like running on clouds. Would buy again,great basketball shoe durable construction padding feels like running on clouds would buy again,14,https://runrepeat.com/nike-book-1,gen_176650,2026-02-17T06:52:05.000+00:00
Nike Book 1,gen_365491850,5,positive,padding,I recommend these to my players. Comfort after break-in. Durable construction. Doesn't slow you down. Sizing is spot on.,padding. I recommend these to my players. Comfort after break-in. Durable construction. Doesn't slow you down. Sizing is spot on,padding i recommend these to my players comfort after break in durable construction doesn't slow you down sizing is spot on,21,https://runrepeat.com/nike-book-1,gen_176650,2024-10-13T06:52:05.000+00:00
Nike Book 1,gen_766810396,5,positive,Love these shoes,Game-tested these for about 10 sessions. And acceptable occasional outdoor use. Comfort after break-in. Feels almost weightless on foot. Super secure fit. Game changer for me.,Love these shoes. Game-tested these for about 10 sessions. And acceptable occasional outdoor use. Comfort after break-in. Feels almost weightless on foot. Super secure fit. Game changer for me,love these shoes game tested these for about 10 sessions and acceptable occasional outdoor use comfort after break in feels almost weightless on foot super secure fit game changer for me,31,https://runrepeat.com/nike-book-1,gen_176650,2025-01-27T06:52:05.000+00:00
Nike Book 1,gen_157733212,4,positive,Love these shoes,Bought these after my old pair died. Strong outsole grip. Comfort after break-in. Responsive cushioning. Sizing is spot on.,Love these shoes. Bought these after my old pair died. Strong outsole grip. Comfort after break-in. Responsive cushioning. Sizing is spot on,love these shoes bought these after my old pair died strong outsole grip comfort after break in responsive cushioning sizing is spot on,23,https://runrepeat.com/nike-book-1,gen_176650,2024-10-11T06:52:05.000+00:00
Nike Book 1,gen_974049258,4,positive,Love these shoes,"As a casual hooper, Strong outsole grip. And acceptable occasional outdoor use. Feels like running on clouds.","Love these shoes. As a casual hooper, Strong outsole grip. And acceptable occasional outdoor use. Feels like running on clouds",love these shoes as a casual hooper strong outsole grip and acceptable occasional outdoor use feels like running on clouds,20,https://runrepeat.com/nike-book-1,gen_176650,2025-04-28T06:52:05.000+00:00
Nike Book 1,gen_874645632,4,positive,Great basketball shoe,These shoes are solid. Comfort after break-in. Padding. Great underfoot feel. Ordered my normal size and it fits perfectly.,Great basketball shoe. These shoes are solid. Comfort after break-in. Padding. Great underfoot feel. Ordered my normal size and it fits perfectly,great basketball shoe these shoes are solid comfort after break in padding great underfoot feel ordered my normal size and it fits perfectly,23,https://runrepeat.com/nike-book-1,gen_176650,2026-03-22T06:52:05.000+00:00
Nike Book 1,gen_707822645,4,positive,durable construction,Been wearing these for a few months now. Comfort after break-in. Durable construction. Super lightweight. Stays locked through cuts. Would buy again.,durable construction. Been wearing these for a few months now. Comfort after break-in. Durable construction. Super lightweight. Stays locked through cuts. Would buy again,durable construction been wearing these for a few months now comfort after break in durable construction super lightweight stays locked through cuts would buy again,25,https://runrepeat.com/nike-book-1,gen_176650,2024-05-27T06:52:05.000+00:00
Nike Book 1,gen_885558754,5,positive,Love these shoes,Been wearing these for a few months now. Lockdown. Strong outsole grip. Cushioning is insane. Sizing is spot on. Lockdown is excellent. Would buy again.,Love these shoes. Been wearing these for a few months now. Lockdown. Strong outsole grip. Cushioning is insane. Sizing is spot on. Lockdown is excellent. Would buy again,love these shoes been wearing these for a few months now lockdown strong outsole grip cushioning is insane sizing is spot on lockdown is excellent would buy again,28,https://runrepeat.com/nike-book-1,gen_176650,2024-11-27T06:52:05.000+00:00
Nike Book 1,gen_386913840,5,positive,Solid performance shoe,Big sneaker collector here — Padding. Smooth heel-to-toe transitions. Locks in on hardwood. No heel slip whatsoever. Would buy again.,Solid performance shoe. Big sneaker collector here — Padding. Smooth heel-to-toe transitions. Locks in on hardwood. No heel slip whatsoever. Would buy again,solid performance shoe big sneaker collector here padding smooth heel to toe transitions locks in on hardwood no heel slip whatsoever would buy again,24,https://runrepeat.com/nike-book-1,gen_176650,2026-02-06T06:52:05.000+00:00
Nike Book 1,gen_755111823,4,positive,Highly recommend,And acceptable occasional outdoor use. Strong outsole grip. Great underfoot feel. Fits true to size. One of my favorite basketball shoes.,Highly recommend. And acceptable occasional outdoor use. Strong outsole grip. Great underfoot feel. Fits true to size. One of my favorite basketball shoes,highly recommend and acceptable occasional outdoor use strong outsole grip great underfoot feel fits true to size one of my favorite basketball shoes,23,https://runrepeat.com/nike-book-1,gen_176650,2025-11-12T06:52:05.000+00:00
Nike Book 1,gen_334992525,4,positive,Worth it,Comfort after break-in. Durable construction. Super lightweight. Sizing is spot on. Stays locked through cuts. Game changer for me.,Worth it. Comfort after break-in. Durable construction. Super lightweight. Sizing is spot on. Stays locked through cuts. Game changer for me,worth it comfort after break in durable construction super lightweight sizing is spot on stays locked through cuts game changer for me,22,https://runrepeat.com/nike-book-1,gen_176650,2024-10-05T06:52:05.000+00:00
Nike Book 1,gen_5454663,3,neutral,Good not great,"Finally pulled the trigger on these and glad I did. Padding. However, poor breathability and the need for a break-in period. Decent shoe overall but nothing special.","Good not great. Finally pulled the trigger on these and glad I did. Padding. However, poor breathability and the need for a break-in period. Decent shoe overall but nothing special",good not great finally pulled the trigger on these and glad i did padding however poor breathability and the need for a break in period decent shoe overall but nothing special,31,https://runrepeat.com/nike-book-1,gen_176650,2025-02-27T06:52:05.000+00:00
Nike Book 1,gen_270787662,5,positive,Best on the court,"For rec league ball, Padding. Comfort after break-in. Feels like running on clouds. Ordered my normal size and it fits perfectly. Stays locked through cuts.","Best on the court. For rec league ball, Padding. Comfort after break-in. Feels like running on clouds. Ordered my normal size and it fits perfectly. Stays locked through cuts",best on the court for rec league ball padding comfort after break in feels like running on clouds ordered my normal size and it fits perfectly stays locked through cuts,30,https://runrepeat.com/nike-book-1,gen_176650,2025-10-18T06:52:05.000+00:00
Nike Book 1,gen_705124189,5,positive,Highly recommend,And acceptable occasional outdoor use. Comfort after break-in. Impact protection is top notch. Fits true to size. Foot doesn't move at all. Best shoe I've played in this year.,Highly recommend. And acceptable occasional outdoor use. Comfort after break-in. Impact protection is top notch. Fits true to size. Foot doesn't move at all. Best shoe I've played in this year,highly recommend and acceptable occasional outdoor use comfort after break in impact protection is top notch fits true to size foot doesn't move at all best shoe i've played in this year,32,https://runrepeat.com/nike-book-1,gen_176650,2025-07-06T06:52:05.000+00:00
Nike Book 1,gen_419887974,5,positive,Great basketball shoe,Got these for my daughter and Strong outsole grip. Durable construction. Great underfoot feel. Ordered my normal size and it fits perfectly. Foot doesn't move at all. Best shoe I've played in this year.,Great basketball shoe. Got these for my daughter and Strong outsole grip. Durable construction. Great underfoot feel. Ordered my normal size and it fits perfectly. Foot doesn't move at all. Best shoe I've played in this year,great basketball shoe got these for my daughter and strong outsole grip durable construction great underfoot feel ordered my normal size and it fits perfectly foot doesn't move at all best shoe i've played in this year,37,https://runrepeat.com/nike-book-1,gen_176650,2025-11-16T06:52:05.000+00:00
Nike Book 1,gen_368744141,5,positive,Worth it,And acceptable occasional outdoor use. Lockdown. The grip is phenomenal. Lockdown is excellent.,Worth it. And acceptable occasional outdoor use. Lockdown. The grip is phenomenal. Lockdown is excellent,worth it and acceptable occasional outdoor use lockdown the grip is phenomenal lockdown is excellent,15,https://runrepeat.com/nike-book-1,gen_176650,2024-09-09T06:52:05.000+00:00
Nike Book 1,gen_832167654,5,positive,Worth it,These shoes are solid. Smooth heel-to-toe transitions. Padding. Impact protection is top notch. Sizing is spot on.,Worth it. These shoes are solid. Smooth heel-to-toe transitions. Padding. Impact protection is top notch. Sizing is spot on,worth it these shoes are solid smooth heel to toe transitions padding impact protection is top notch sizing is spot on,21,https://runrepeat.com/nike-book-1,gen_176650,2024-05-21T06:52:05.000+00:00
Nike Book 1,gen_886623004,2,negative,Expected better,I recommend these to my players. Poor breathability and the need for a break-in period. Disappointed overall.,Expected better. I recommend these to my players. Poor breathability and the need for a break-in period. Disappointed overall,expected better i recommend these to my players poor breathability and the need for a break in period disappointed overall,20,https://runrepeat.com/nike-book-1,gen_176650,2025-02-21T06:52:05.000+00:00
Nike Book 1,gen_596487335,4,positive,Solid performance shoe,"As a competitive player, Strong outsole grip. Padding. Sticky rubber outsole.","Solid performance shoe. As a competitive player, Strong outsole grip. Padding. Sticky rubber outsole",solid performance shoe as a competitive player strong outsole grip padding sticky rubber outsole,14,https://runrepeat.com/nike-book-1,gen_176650,2025-12-10T06:52:05.000+00:00
PUMA All Pro Nitro,gen_642236706,4,positive,Solid performance shoe,"For rec league ball, Decent impact protection. Occasional outdoor usability. Super secure fit. One of my favorite basketball shoes.","Solid performance shoe. For rec league ball, Decent impact protection. Occasional outdoor usability. Super secure fit. One of my favorite basketball shoes",solid performance shoe for rec league ball decent impact protection occasional outdoor usability super secure fit one of my favorite basketball shoes,22,https://runrepeat.com/puma-all-pro-nitro,gen_332535,2024-12-02T06:52:05.000+00:00
PUMA All Pro Nitro,gen_840432491,3,neutral,Okay shoe overall,"I recommend these to my players. And flexibility. However, a snug fit for wide feet and only average court feel. Decent shoe overall but nothing special.","Okay shoe overall. I recommend these to my players. And flexibility. However, a snug fit for wide feet and only average court feel. Decent shoe overall but nothing special",okay shoe overall i recommend these to my players and flexibility however a snug fit for wide feet and only average court feel decent shoe overall but nothing special,29,https://runrepeat.com/puma-all-pro-nitro,gen_332535,2025-12-06T06:52:05.000+00:00
PUMA All Pro Nitro,gen_722036387,5,positive,Worth it,Finally pulled the trigger on these and glad I did. Excellent grip. Decent impact protection. Super secure fit. Best shoe I've played in this year.,Worth it. Finally pulled the trigger on these and glad I did. Excellent grip. Decent impact protection. Super secure fit. Best shoe I've played in this year,worth it finally pulled the trigger on these and glad i did excellent grip decent impact protection super secure fit best shoe i've played in this year,27,https://runrepeat.com/puma-all-pro-nitro,gen_332535,2025-01-16T06:52:05.000+00:00
PUMA All Pro Nitro,gen_464407277,5,positive,Best on the court,Decent impact protection. Excellent grip. Fits true to size. Super secure fit. One of my favorite basketball shoes.,Best on the court. Decent impact protection. Excellent grip. Fits true to size. Super secure fit. One of my favorite basketball shoes,best on the court decent impact protection excellent grip fits true to size super secure fit one of my favorite basketball shoes,22,https://runrepeat.com/puma-all-pro-nitro,gen_332535,2025-11-26T06:52:05.000+00:00
PUMA All Pro Nitro,gen_874744447,5,positive,Best on the court,These shoes are solid. Stability. Low weight. Sizing is spot on. Best shoe I've played in this year.,Best on the court. These shoes are solid. Stability. Low weight. Sizing is spot on. Best shoe I've played in this year,best on the court these shoes are solid stability low weight sizing is spot on best shoe i've played in this year,22,https://runrepeat.com/puma-all-pro-nitro,gen_332535,2025-11-30T06:52:05.000+00:00
PUMA All Pro Nitro,gen_957096473,5,positive,Best on the court,Got these for my daughter and Low weight. Containment. Game changer for me.,Best on the court. Got these for my daughter and Low weight. Containment. Game changer for me,best on the court got these for my daughter and low weight containment game changer for me,17,https://runrepeat.com/puma-all-pro-nitro,gen_332535,2024-04-27T06:52:05.000+00:00
PUMA All Pro Nitro,gen_273495676,4,positive,Love these shoes,Really happy with this purchase. Occasional outdoor usability. Decent impact protection. Ordered my normal size and it fits perfectly.,Love these shoes. Really happy with this purchase. Occasional outdoor usability. Decent impact protection. Ordered my normal size and it fits perfectly,love these shoes really happy with this purchase occasional outdoor usability decent impact protection ordered my normal size and it fits perfectly,22,https://runrepeat.com/puma-all-pro-nitro,gen_332535,2024-08-19T06:52:05.000+00:00
PUMA All Pro Nitro,gen_413377689,4,positive,Love these shoes,Decent impact protection. Occasional outdoor usability. Ordered my normal size and it fits perfectly.,Love these shoes. Decent impact protection. Occasional outdoor usability. Ordered my normal size and it fits perfectly,love these shoes decent impact protection occasional outdoor usability ordered my normal size and it fits perfectly,17,https://runrepeat.com/puma-all-pro-nitro,gen_332535,2025-03-29T06:52:05.000+00:00
PUMA All Pro Nitro,gen_212694136,5,positive,stability,I play D3 ball and Excellent grip. Stability. Sizing is spot on. Would buy again.,stability. I play D3 ball and Excellent grip. Stability. Sizing is spot on. Would buy again,stability i play d3 ball and excellent grip stability sizing is spot on would buy again,16,https://runrepeat.com/puma-all-pro-nitro,gen_332535,2025-02-26T06:52:05.000+00:00
PUMA All Pro Nitro,gen_535262868,4,positive,decent impact protection,Low weight. And flexibility. Fits true to size. Game changer for me.,decent impact protection. Low weight. And flexibility. Fits true to size. Game changer for me,decent impact protection low weight and flexibility fits true to size game changer for me,15,https://runrepeat.com/puma-all-pro-nitro,gen_332535,2024-10-31T06:52:05.000+00:00
PUMA All Pro Nitro,gen_295499006,2,negative,Expected better,A snug fit for wide feet and only average court feel. Expected more.,Expected better. A snug fit for wide feet and only average court feel. Expected more,expected better a snug fit for wide feet and only average court feel expected more,15,https://runrepeat.com/puma-all-pro-nitro,gen_332535,2024-05-25T06:52:05.000+00:00
PUMA All Pro Nitro,gen_355346350,5,positive,low weight,Just finished my third week in these. Containment. Decent impact protection. Sizing is spot on.,low weight. Just finished my third week in these. Containment. Decent impact protection. Sizing is spot on,low weight just finished my third week in these containment decent impact protection sizing is spot on,17,https://runrepeat.com/puma-all-pro-nitro,gen_332535,2024-05-16T06:52:05.000+00:00
PUMA All Pro Nitro,gen_840177830,5,positive,Solid performance shoe,And flexibility. Low weight. Fits true to size. Game changer for me.,Solid performance shoe. And flexibility. Low weight. Fits true to size. Game changer for me,solid performance shoe and flexibility low weight fits true to size game changer for me,15,https://runrepeat.com/puma-all-pro-nitro,gen_332535,2025-05-04T06:52:05.000+00:00
PUMA All Pro Nitro,gen_374130090,3,neutral,Good not great,"Got these for my daughter and Excellent grip. However, a snug fit for wide feet and only average court feel. Decent shoe overall but nothing special.","Good not great. Got these for my daughter and Excellent grip. However, a snug fit for wide feet and only average court feel. Decent shoe overall but nothing special",good not great got these for my daughter and excellent grip however a snug fit for wide feet and only average court feel decent shoe overall but nothing special,29,https://runrepeat.com/puma-all-pro-nitro,gen_332535,2024-06-20T06:52:05.000+00:00
PUMA All Pro Nitro,gen_595798699,5,positive,Worth it,"Bought these for several players on my team, Containment. Decent impact protection. Stays locked through cuts.","Worth it. Bought these for several players on my team, Containment. Decent impact protection. Stays locked through cuts",worth it bought these for several players on my team containment decent impact protection stays locked through cuts,18,https://runrepeat.com/puma-all-pro-nitro,gen_332535,2025-08-20T06:52:05.000+00:00
PUMA All Pro Nitro,gen_493978362,4,positive,Great basketball shoe,I own about 30 pairs of basketball shoes and Excellent grip. And flexibility. Ordered my normal size and it fits perfectly.,Great basketball shoe. I own about 30 pairs of basketball shoes and Excellent grip. And flexibility. Ordered my normal size and it fits perfectly,great basketball shoe i own about 30 pairs of basketball shoes and excellent grip and flexibility ordered my normal size and it fits perfectly,24,https://runrepeat.com/puma-all-pro-nitro,gen_332535,2025-12-03T06:52:05.000+00:00
PUMA All Pro Nitro,gen_156066950,4,positive,Best on the court,Occasional outdoor usability. And flexibility. One of my favorite basketball shoes.,Best on the court. Occasional outdoor usability. And flexibility. One of my favorite basketball shoes,best on the court occasional outdoor usability and flexibility one of my favorite basketball shoes,15,https://runrepeat.com/puma-all-pro-nitro,gen_332535,2024-06-30T06:52:05.000+00:00
PUMA All Pro Nitro,gen_877417444,5,positive,Excellent grip,These shoes are solid. Stability. Occasional outdoor usability. Lockdown is excellent.,Excellent grip. These shoes are solid. Stability. Occasional outdoor usability. Lockdown is excellent,excellent grip these shoes are solid stability occasional outdoor usability lockdown is excellent,13,https://runrepeat.com/puma-all-pro-nitro,gen_332535,2025-03-12T06:52:05.000+00:00
PUMA All Pro Nitro,gen_254158034,5,positive,Solid performance shoe,Containment. Excellent grip. Ordered my normal size and it fits perfectly.,Solid performance shoe. Containment. Excellent grip. Ordered my normal size and it fits perfectly,solid performance shoe containment excellent grip ordered my normal size and it fits perfectly,14,https://runrepeat.com/puma-all-pro-nitro,gen_332535,2025-05-14T06:52:05.000+00:00
PUMA All Pro Nitro,gen_379145646,4,positive,Solid performance shoe,Stability. Decent impact protection. Fits true to size. Game changer for me.,Solid performance shoe. Stability. Decent impact protection. Fits true to size. Game changer for me,solid performance shoe stability decent impact protection fits true to size game changer for me,15,https://runrepeat.com/puma-all-pro-nitro,gen_332535,2024-06-28T06:52:05.000+00:00
Nike KD 18,gen_956775639,4,positive,Love these shoes,Game-tested these for about 10 sessions. Good ankle support. Excellent shock absorption. Great underfoot feel. Sizing is spot on. Stays locked through cuts.,Love these shoes. Game-tested these for about 10 sessions. Good ankle support. Excellent shock absorption. Great underfoot feel. Sizing is spot on. Stays locked through cuts,love these shoes game tested these for about 10 sessions good ankle support excellent shock absorption great underfoot feel sizing is spot on stays locked through cuts,27,https://runrepeat.com/nike-kd-18,gen_482351,2024-05-02T06:52:05.000+00:00
Nike KD 18,gen_921106530,5,positive,Worth it,Comfort. Secure lockdown. Locks in on hardwood. Fits true to size. Best shoe I've played in this year.,Worth it. Comfort. Secure lockdown. Locks in on hardwood. Fits true to size. Best shoe I've played in this year,worth it comfort secure lockdown locks in on hardwood fits true to size best shoe i've played in this year,20,https://runrepeat.com/nike-kd-18,gen_482351,2025-04-05T06:52:05.000+00:00
Nike KD 18,gen_618680889,4,positive,Worth it,Good ankle support. Decent breathability. Locks in on hardwood.,Worth it. Good ankle support. Decent breathability. Locks in on hardwood,worth it good ankle support decent breathability locks in on hardwood,11,https://runrepeat.com/nike-kd-18,gen_482351,2024-10-31T06:52:05.000+00:00
Nike KD 18,gen_552975215,3,neutral,Mixed feelings,"Needed a new pair for the season and these delivered. Strong forefoot energy return. However, above-average weight. Needed about a week to feel natural","Mixed feelings. Needed a new pair for the season and these delivered. Strong forefoot energy return. However, above-average weight. Needed about a week to feel natural",mixed feelings needed a new pair for the season and these delivered strong forefoot energy return however above average weight needed about a week to feel natural,27,https://runrepeat.com/nike-kd-18,gen_482351,2024-09-13T06:52:05.000+00:00
Nike KD 18,gen_800203539,3,neutral,Okay shoe overall,"I play D3 ball and And promising durability. However, above-average weight. Needed about a week to feel natural","Okay shoe overall. I play D3 ball and And promising durability. However, above-average weight. Needed about a week to feel natural",okay shoe overall i play d3 ball and and promising durability however above average weight needed about a week to feel natural,22,https://runrepeat.com/nike-kd-18,gen_482351,2024-09-02T06:52:05.000+00:00
Nike KD 18,gen_172602168,4,positive,Great basketball shoe,Been wearing these for a few months now. Decent breathability. Good ankle support. Absorbs landings beautifully. Sizing is spot on. Highly recommend.,Great basketball shoe. Been wearing these for a few months now. Decent breathability. Good ankle support. Absorbs landings beautifully. Sizing is spot on. Highly recommend,great basketball shoe been wearing these for a few months now decent breathability good ankle support absorbs landings beautifully sizing is spot on highly recommend,25,https://runrepeat.com/nike-kd-18,gen_482351,2025-03-13T06:52:05.000+00:00
Nike KD 18,gen_927525178,5,positive,secure lockdown,Excellent shock absorption. Good ankle support. Sticky rubber outsole. Highly recommend.,secure lockdown. Excellent shock absorption. Good ankle support. Sticky rubber outsole. Highly recommend,secure lockdown excellent shock absorption good ankle support sticky rubber outsole highly recommend,13,https://runrepeat.com/nike-kd-18,gen_482351,2024-12-25T06:52:05.000+00:00
Nike KD 18,gen_297330909,5,positive,Love these shoes,I recommend these to my players. Decent breathability. Superb traction. You feel the weight after a long game. Sizing is spot on. Stays locked through cuts. One of my favorite basketball shoes.,Love these shoes. I recommend these to my players. Decent breathability. Superb traction. You feel the weight after a long game. Sizing is spot on. Stays locked through cuts. One of my favorite basketball shoes,love these shoes i recommend these to my players decent breathability superb traction you feel the weight after a long game sizing is spot on stays locked through cuts one of my favorite basketball shoes,35,https://runrepeat.com/nike-kd-18,gen_482351,2025-12-22T06:52:05.000+00:00
Nike KD 18,gen_595519839,5,positive,Best on the court,Good ankle support. Decent breathability. The grip is phenomenal. Best shoe I've played in this year.,Best on the court. Good ankle support. Decent breathability. The grip is phenomenal. Best shoe I've played in this year,best on the court good ankle support decent breathability the grip is phenomenal best shoe i've played in this year,20,https://runrepeat.com/nike-kd-18,gen_482351,2025-02-12T06:52:05.000+00:00
Nike KD 18,gen_732558201,4,positive,decent breathability,Been playing for 15 years and Superb traction. And promising durability. Locks in on hardwood. Game changer for me.,decent breathability. Been playing for 15 years and Superb traction. And promising durability. Locks in on hardwood. Game changer for me,decent breathability been playing for 15 years and superb traction and promising durability locks in on hardwood game changer for me,21,https://runrepeat.com/nike-kd-18,gen_482351,2024-08-01T06:52:05.000+00:00
Nike KD 18,gen_8160510,4,positive,Highly recommend,I play D3 ball and Excellent shock absorption. Good ankle support. Absorbs landings beautifully. Highly recommend.,Highly recommend. I play D3 ball and Excellent shock absorption. Good ankle support. Absorbs landings beautifully. Highly recommend,highly recommend i play d3 ball and excellent shock absorption good ankle support absorbs landings beautifully highly recommend,18,https://runrepeat.com/nike-kd-18,gen_482351,2025-03-07T06:52:05.000+00:00
Nike KD 18,gen_69180846,4,positive,Highly recommend,I own about 30 pairs of basketball shoes and Superb traction. Secure lockdown. Never slipped once. Ordered my normal size and it fits perfectly. One of my favorite basketball shoes.,Highly recommend. I own about 30 pairs of basketball shoes and Superb traction. Secure lockdown. Never slipped once. Ordered my normal size and it fits perfectly. One of my favorite basketball shoes,highly recommend i own about 30 pairs of basketball shoes and superb traction secure lockdown never slipped once ordered my normal size and it fits perfectly one of my favorite basketball shoes,32,https://runrepeat.com/nike-kd-18,gen_482351,2025-08-23T06:52:05.000+00:00
Nike KD 18,gen_103636050,4,positive,Highly recommend,Big sneaker collector here — Secure lockdown. Excellent shock absorption. Impact protection is top notch.,Highly recommend. Big sneaker collector here — Secure lockdown. Excellent shock absorption. Impact protection is top notch,highly recommend big sneaker collector here secure lockdown excellent shock absorption impact protection is top notch,16,https://runrepeat.com/nike-kd-18,gen_482351,2024-07-20T06:52:05.000+00:00
Nike KD 18,gen_845109358,4,positive,Best on the court,As a coach I've seen a lot of shoes and Decent breathability. And promising durability. Impact protection is top notch. Sizing is spot on. Would buy again.,Best on the court. As a coach I've seen a lot of shoes and Decent breathability. And promising durability. Impact protection is top notch. Sizing is spot on. Would buy again,best on the court as a coach i've seen a lot of shoes and decent breathability and promising durability impact protection is top notch sizing is spot on would buy again,31,https://runrepeat.com/nike-kd-18,gen_482351,2024-10-19T06:52:05.000+00:00
Nike KD 18,gen_548412324,5,positive,Highly recommend,I play D3 ball and Superb traction. Decent breathability. Feels like running on clouds.,Highly recommend. I play D3 ball and Superb traction. Decent breathability. Feels like running on clouds,highly recommend i play d3 ball and superb traction decent breathability feels like running on clouds,16,https://runrepeat.com/nike-kd-18,gen_482351,2024-09-29T06:52:05.000+00:00
Nike KD 18,gen_708020613,5,positive,Solid performance shoe,Been playing for 15 years and Strong forefoot energy return. Good ankle support. Could be lighter. Ordered my normal size and it fits perfectly. One of my favorite basketball shoes.,Solid performance shoe. Been playing for 15 years and Strong forefoot energy return. Good ankle support. Could be lighter. Ordered my normal size and it fits perfectly. One of my favorite basketball shoes,solid performance shoe been playing for 15 years and strong forefoot energy return good ankle support could be lighter ordered my normal size and it fits perfectly one of my favorite basketball shoes,33,https://runrepeat.com/nike-kd-18,gen_482351,2025-04-01T06:52:05.000+00:00
Nike KD 18,gen_28856564,5,positive,Excellent shock absorption,"As a casual hooper, Good ankle support. And promising durability. Locks in on hardwood. Lockdown is excellent. Would buy again.","Excellent shock absorption. As a casual hooper, Good ankle support. And promising durability. Locks in on hardwood. Lockdown is excellent. Would buy again",excellent shock absorption as a casual hooper good ankle support and promising durability locks in on hardwood lockdown is excellent would buy again,23,https://runrepeat.com/nike-kd-18,gen_482351,2025-12-23T06:52:05.000+00:00
Nike KD 18,gen_497197572,5,positive,Highly recommend,Just finished my third week in these. Comfort. Decent breathability. Never slipped once. Ordered my normal size and it fits perfectly. One of my favorite basketball shoes.,Highly recommend. Just finished my third week in these. Comfort. Decent breathability. Never slipped once. Ordered my normal size and it fits perfectly. One of my favorite basketball shoes,highly recommend just finished my third week in these comfort decent breathability never slipped once ordered my normal size and it fits perfectly one of my favorite basketball shoes,29,https://runrepeat.com/nike-kd-18,gen_482351,2024-11-13T06:52:05.000+00:00
Nike KD 18,gen_522541790,5,positive,Solid performance shoe,Comfort. Strong forefoot energy return. Sticky rubber outsole. Fits true to size. Would buy again.,Solid performance shoe. Comfort. Strong forefoot energy return. Sticky rubber outsole. Fits true to size. Would buy again,solid performance shoe comfort strong forefoot energy return sticky rubber outsole fits true to size would buy again,18,https://runrepeat.com/nike-kd-18,gen_482351,2026-04-06T06:52:05.000+00:00
Nike KD 18,gen_671726224,5,positive,Best on the court,Been wearing these for a few months now. Good ankle support. Superb traction. Locks in on hardwood. Fits true to size.,Best on the court. Been wearing these for a few months now. Good ankle support. Superb traction. Locks in on hardwood. Fits true to size,best on the court been wearing these for a few months now good ankle support superb traction locks in on hardwood fits true to size,25,https://runrepeat.com/nike-kd-18,gen_482351,2024-05-21T06:52:05.000+00:00
Nike Sabrina 2,gen_212393108,4,positive,a speedy feel,"As a competitive player, High-level playability. Responsive cushioning. Thin on cushioning. Fits true to size.","a speedy feel. As a competitive player, High-level playability. Responsive cushioning. Thin on cushioning. Fits true to size",a speedy feel as a competitive player high level playability responsive cushioning thin on cushioning fits true to size,19,https://runrepeat.com/nike-sabrina-2,gen_449547,2024-07-30T06:52:05.000+00:00
Nike Sabrina 2,gen_680456039,5,positive,Worth it,"Bought these for several players on my team, Court feel. High-level playability. The grip is phenomenal. Super secure fit. Game changer for me.","Worth it. Bought these for several players on my team, Court feel. High-level playability. The grip is phenomenal. Super secure fit. Game changer for me",worth it bought these for several players on my team court feel high level playability the grip is phenomenal super secure fit game changer for me,26,https://runrepeat.com/nike-sabrina-2,gen_449547,2025-10-21T06:52:05.000+00:00
Nike Sabrina 2,gen_211777894,3,neutral,Decent but not perfect,"Needed a new pair for the season and these delivered. Durable upper construction. However, poor streetball suitability and limited appeal for heavier players. Stiff at first but loosens up nicely","Decent but not perfect. Needed a new pair for the season and these delivered. Durable upper construction. However, poor streetball suitability and limited appeal for heavier players. Stiff at first but loosens up nicely",decent but not perfect needed a new pair for the season and these delivered durable upper construction however poor streetball suitability and limited appeal for heavier players stiff at first but loosens up nicely,34,https://runrepeat.com/nike-sabrina-2,gen_449547,2025-03-12T06:52:05.000+00:00
Nike Sabrina 2,gen_925181083,5,positive,Love these shoes,Just finished my third week in these. Durable upper construction. Decent breathability. Traction is elite.,Love these shoes. Just finished my third week in these. Durable upper construction. Decent breathability. Traction is elite,love these shoes just finished my third week in these durable upper construction decent breathability traction is elite,18,https://runrepeat.com/nike-sabrina-2,gen_449547,2026-01-17T06:52:05.000+00:00
Nike Sabrina 2,gen_256584023,5,positive,Solid performance shoe,These shoes are solid. A speedy feel. High-level playability. Not the softest ride. Highly recommend.,Solid performance shoe. These shoes are solid. A speedy feel. High-level playability. Not the softest ride. Highly recommend,solid performance shoe these shoes are solid a speedy feel high level playability not the softest ride highly recommend,19,https://runrepeat.com/nike-sabrina-2,gen_449547,2024-10-29T06:52:05.000+00:00
Nike Sabrina 2,gen_161527350,4,positive,Highly recommend,And no break-in period. A speedy feel. The grip is phenomenal. Best shoe I've played in this year.,Highly recommend. And no break-in period. A speedy feel. The grip is phenomenal. Best shoe I've played in this year,highly recommend and no break in period a speedy feel the grip is phenomenal best shoe i've played in this year,21,https://runrepeat.com/nike-sabrina-2,gen_449547,2024-09-22T06:52:05.000+00:00
Nike Sabrina 2,gen_42098962,5,positive,Highly recommend,Bought these for my son and A speedy feel. Court feel. Doesn't slow you down. Best shoe I've played in this year.,Highly recommend. Bought these for my son and A speedy feel. Court feel. Doesn't slow you down. Best shoe I've played in this year,highly recommend bought these for my son and a speedy feel court feel doesn't slow you down best shoe i've played in this year,24,https://runrepeat.com/nike-sabrina-2,gen_449547,2025-08-19T06:52:05.000+00:00
Nike Sabrina 2,gen_717824171,4,positive,Worth it,"Compared to my other pairs, A speedy feel. Court feel. Doesn't slow you down.","Worth it. Compared to my other pairs, A speedy feel. Court feel. Doesn't slow you down",worth it compared to my other pairs a speedy feel court feel doesn't slow you down,16,https://runrepeat.com/nike-sabrina-2,gen_449547,2026-02-27T06:52:05.000+00:00
Nike Sabrina 2,gen_884023825,5,positive,Solid performance shoe,Needed a new pair for the season and these delivered. Court feel. And no break-in period. Sticky rubber outsole. Sizing is spot on. Would buy again.,Solid performance shoe. Needed a new pair for the season and these delivered. Court feel. And no break-in period. Sticky rubber outsole. Sizing is spot on. Would buy again,solid performance shoe needed a new pair for the season and these delivered court feel and no break in period sticky rubber outsole sizing is spot on would buy again,30,https://runrepeat.com/nike-sabrina-2,gen_449547,2025-04-23T06:52:05.000+00:00
Nike Sabrina 2,gen_162059259,5,positive,Solid performance shoe,Responsive cushioning. Court feel. Super lightweight. Fits true to size. Would buy again.,Solid performance shoe. Responsive cushioning. Court feel. Super lightweight. Fits true to size. Would buy again,solid performance shoe responsive cushioning court feel super lightweight fits true to size would buy again,16,https://runrepeat.com/nike-sabrina-2,gen_449547,2025-03-29T06:52:05.000+00:00
Nike Sabrina 2,gen_327205876,5,positive,Worth it,I recommend these to my players. Responsive cushioning. High-level playability. Never slipped once. Sizing is spot on. Lockdown is excellent. Game changer for me.,Worth it. I recommend these to my players. Responsive cushioning. High-level playability. Never slipped once. Sizing is spot on. Lockdown is excellent. Game changer for me,worth it i recommend these to my players responsive cushioning high level playability never slipped once sizing is spot on lockdown is excellent game changer for me,27,https://runrepeat.com/nike-sabrina-2,gen_449547,2024-09-29T06:52:05.000+00:00
Nike Sabrina 2,gen_294809368,5,positive,Great basketball shoe,"As a casual hooper, Responsive cushioning. Durable upper construction. Super lightweight. Game changer for me.","Great basketball shoe. As a casual hooper, Responsive cushioning. Durable upper construction. Super lightweight. Game changer for me",great basketball shoe as a casual hooper responsive cushioning durable upper construction super lightweight game changer for me,18,https://runrepeat.com/nike-sabrina-2,gen_449547,2025-03-21T06:52:05.000+00:00
Nike Sabrina 2,gen_599046248,5,positive,Worth it,A speedy feel. Decent breathability. A bit firm underfoot. Sizing is spot on. No heel slip whatsoever. Would buy again.,Worth it. A speedy feel. Decent breathability. A bit firm underfoot. Sizing is spot on. No heel slip whatsoever. Would buy again,worth it a speedy feel decent breathability a bit firm underfoot sizing is spot on no heel slip whatsoever would buy again,22,https://runrepeat.com/nike-sabrina-2,gen_449547,2025-02-01T06:52:05.000+00:00
Nike Sabrina 2,gen_103074730,4,positive,Solid performance shoe,Bought these for the season and have no regrets. Light weight. Decent breathability. Feels almost weightless on foot. Ordered my normal size and it fits perfectly. Lockdown is excellent. Highly recommend.,Solid performance shoe. Bought these for the season and have no regrets. Light weight. Decent breathability. Feels almost weightless on foot. Ordered my normal size and it fits perfectly. Lockdown is excellent. Highly recommend,solid performance shoe bought these for the season and have no regrets light weight decent breathability feels almost weightless on foot ordered my normal size and it fits perfectly lockdown is excellent highly recommend,34,https://runrepeat.com/nike-sabrina-2,gen_449547,2025-03-13T06:52:05.000+00:00
Nike Sabrina 2,gen_433950513,3,neutral,Has its pros and cons,"Big sneaker collector here — And no break-in period. However, poor streetball suitability and limited appeal for heavier players. Decent shoe overall but nothing special.","Has its pros and cons. Big sneaker collector here — And no break-in period. However, poor streetball suitability and limited appeal for heavier players. Decent shoe overall but nothing special",has its pros and cons big sneaker collector here and no break in period however poor streetball suitability and limited appeal for heavier players decent shoe overall but nothing special,30,https://runrepeat.com/nike-sabrina-2,gen_449547,2024-06-25T06:52:05.000+00:00
Nike Sabrina 2,gen_68106546,4,positive,Love these shoes,And no break-in period. A speedy feel. Great grip on the court. Game changer for me.,Love these shoes. And no break-in period. A speedy feel. Great grip on the court. Game changer for me,love these shoes and no break in period a speedy feel great grip on the court game changer for me,20,https://runrepeat.com/nike-sabrina-2,gen_449547,2024-09-10T06:52:05.000+00:00
Nike Sabrina 2,gen_663825831,5,positive,Love these shoes,As a coach I've seen a lot of shoes and Decent breathability. High-level playability. Super lightweight. Ordered my normal size and it fits perfectly. Stays locked through cuts. Game changer for me.,Love these shoes. As a coach I've seen a lot of shoes and Decent breathability. High-level playability. Super lightweight. Ordered my normal size and it fits perfectly. Stays locked through cuts. Game changer for me,love these shoes as a coach i've seen a lot of shoes and decent breathability high level playability super lightweight ordered my normal size and it fits perfectly stays locked through cuts game changer for me,36,https://runrepeat.com/nike-sabrina-2,gen_449547,2024-04-27T06:52:05.000+00:00
Nike Sabrina 2,gen_194511904,5,positive,Solid performance shoe,Finally pulled the trigger on these and glad I did. And no break-in period. Responsive cushioning. Feels almost weightless on foot. Sizing is spot on.,Solid performance shoe. Finally pulled the trigger on these and glad I did. And no break-in period. Responsive cushioning. Feels almost weightless on foot. Sizing is spot on,solid performance shoe finally pulled the trigger on these and glad i did and no break in period responsive cushioning feels almost weightless on foot sizing is spot on,29,https://runrepeat.com/nike-sabrina-2,gen_449547,2025-04-01T06:52:05.000+00:00
Nike Sabrina 2,gen_661655199,5,positive,Solid performance shoe,Bought these after my old pair died. Court feel. Durable upper construction. The grip is phenomenal. Stays locked through cuts. Highly recommend.,Solid performance shoe. Bought these after my old pair died. Court feel. Durable upper construction. The grip is phenomenal. Stays locked through cuts. Highly recommend,solid performance shoe bought these after my old pair died court feel durable upper construction the grip is phenomenal stays locked through cuts highly recommend,25,https://runrepeat.com/nike-sabrina-2,gen_449547,2026-01-01T06:52:05.000+00:00
Nike Sabrina 2,gen_249318916,5,positive,Worth it,Got these for my daughter and High-level playability. Durable upper construction. Feels almost weightless on foot. Super secure fit.,Worth it. Got these for my daughter and High-level playability. Durable upper construction. Feels almost weightless on foot. Super secure fit,worth it got these for my daughter and high level playability durable upper construction feels almost weightless on foot super secure fit,22,https://runrepeat.com/nike-sabrina-2,gen_449547,2025-02-06T06:52:05.000+00:00
Adidas Harden Vol. 8,gen_515308793,4,positive,Highly recommend,I recommend these to my players. Excellent grip. Very good cushioning and bounce. Runs a little heavy. Fits true to size. Super secure fit.,Highly recommend. I recommend these to my players. Excellent grip. Very good cushioning and bounce. Runs a little heavy. Fits true to size. Super secure fit,highly recommend i recommend these to my players excellent grip very good cushioning and bounce runs a little heavy fits true to size super secure fit,26,https://runrepeat.com/adidas-harden-volume-8,gen_917671,2026-03-09T06:52:42.000+00:00
Adidas Harden Vol. 8,gen_516515624,4,positive,Solid performance shoe,Big sneaker collector here — Elite containment. Comfort from the first wear. Could be lighter.,Solid performance shoe. Big sneaker collector here — Elite containment. Comfort from the first wear. Could be lighter,solid performance shoe big sneaker collector here elite containment comfort from the first wear could be lighter,17,https://runrepeat.com/adidas-harden-volume-8,gen_917671,2024-09-08T06:52:42.000+00:00
Adidas Harden Vol. 8,gen_871012133,4,positive,Worth it,I play pickup 3x a week and And smooth transitions. Very good cushioning and bounce. Runs a little heavy. Game changer for me.,Worth it. I play pickup 3x a week and And smooth transitions. Very good cushioning and bounce. Runs a little heavy. Game changer for me,worth it i play pickup 3x a week and and smooth transitions very good cushioning and bounce runs a little heavy game changer for me,25,https://runrepeat.com/adidas-harden-volume-8,gen_917671,2024-07-11T06:52:42.000+00:00
Adidas Harden Vol. 8,gen_593777101,5,positive,Love these shoes,"As a competitive player, Heel support. Very good cushioning and bounce. You feel the weight after a long game.","Love these shoes. As a competitive player, Heel support. Very good cushioning and bounce. You feel the weight after a long game",love these shoes as a competitive player heel support very good cushioning and bounce you feel the weight after a long game,22,https://runrepeat.com/adidas-harden-volume-8,gen_917671,2025-10-29T06:52:42.000+00:00
Adidas Harden Vol. 8,gen_295157653,4,positive,Worth it,Been playing for 15 years and Very good cushioning and bounce. Heel support. You feel the weight after a long game.,Worth it. Been playing for 15 years and Very good cushioning and bounce. Heel support. You feel the weight after a long game,worth it been playing for 15 years and very good cushioning and bounce heel support you feel the weight after a long game,23,https://runrepeat.com/adidas-harden-volume-8,gen_917671,2026-02-24T06:52:42.000+00:00
Adidas Harden Vol. 8,gen_940869227,3,neutral,Good not great,"Really happy with this purchase. Excellent grip. However, and weak streetball suitability. Stiff at first but loosens up nicely","Good not great. Really happy with this purchase. Excellent grip. However, and weak streetball suitability. Stiff at first but loosens up nicely",good not great really happy with this purchase excellent grip however and weak streetball suitability stiff at first but loosens up nicely,22,https://runrepeat.com/adidas-harden-volume-8,gen_917671,2025-09-17T06:52:42.000+00:00
Adidas Harden Vol. 8,gen_479037049,5,positive,Solid performance shoe,Excellent grip. Very good cushioning and bounce. Runs a little heavy. Ordered my normal size and it fits perfectly.,Solid performance shoe. Excellent grip. Very good cushioning and bounce. Runs a little heavy. Ordered my normal size and it fits perfectly,solid performance shoe excellent grip very good cushioning and bounce runs a little heavy ordered my normal size and it fits perfectly,22,https://runrepeat.com/adidas-harden-volume-8,gen_917671,2025-02-08T06:52:42.000+00:00
Adidas Harden Vol. 8,gen_654511908,4,positive,Solid performance shoe,Bought these for my son and Comfort from the first wear. Stability. Runs a little heavy. Would buy again.,Solid performance shoe. Bought these for my son and Comfort from the first wear. Stability. Runs a little heavy. Would buy again,solid performance shoe bought these for my son and comfort from the first wear stability runs a little heavy would buy again,22,https://runrepeat.com/adidas-harden-volume-8,gen_917671,2024-05-26T06:52:42.000+00:00
Adidas Harden Vol. 8,gen_291385878,4,positive,Best on the court,"As a casual hooper, Stability. Comfort from the first wear. Could be lighter. Highly recommend.","Best on the court. As a casual hooper, Stability. Comfort from the first wear. Could be lighter. Highly recommend",best on the court as a casual hooper stability comfort from the first wear could be lighter highly recommend,19,https://runrepeat.com/adidas-harden-volume-8,gen_917671,2024-05-24T06:52:42.000+00:00
Adidas Harden Vol. 8,gen_800871665,5,positive,comfort from the first wear,Bought these for the season and have no regrets. Stability. Excellent grip. Could be lighter. Ordered my normal size and it fits perfectly. Best shoe I've played in this year.,comfort from the first wear. Bought these for the season and have no regrets. Stability. Excellent grip. Could be lighter. Ordered my normal size and it fits perfectly. Best shoe I've played in this year,comfort from the first wear bought these for the season and have no regrets stability excellent grip could be lighter ordered my normal size and it fits perfectly best shoe i've played in this year,35,https://runrepeat.com/adidas-harden-volume-8,gen_917671,2025-10-22T06:52:42.000+00:00
Adidas Harden Vol. 8,gen_163808053,5,positive,Great basketball shoe,Excellent grip. And smooth transitions. Could be lighter.,Great basketball shoe. Excellent grip. And smooth transitions. Could be lighter,great basketball shoe excellent grip and smooth transitions could be lighter,11,https://runrepeat.com/adidas-harden-volume-8,gen_917671,2024-10-26T06:52:42.000+00:00
Adidas Harden Vol. 8,gen_466472552,5,positive,Best on the court,Game-tested these for about 10 sessions. And smooth transitions. Very good cushioning and bounce. Runs a little heavy. Ordered my normal size and it fits perfectly. Game changer for me.,Best on the court. Game-tested these for about 10 sessions. And smooth transitions. Very good cushioning and bounce. Runs a little heavy. Ordered my normal size and it fits perfectly. Game changer for me,best on the court game tested these for about 10 sessions and smooth transitions very good cushioning and bounce runs a little heavy ordered my normal size and it fits perfectly game changer for me,35,https://runrepeat.com/adidas-harden-volume-8,gen_917671,2026-02-11T06:52:42.000+00:00
Adidas Harden Vol. 8,gen_492634599,5,positive,Best on the court,Been playing for 15 years and Comfort from the first wear. Excellent grip. Could be lighter.,Best on the court. Been playing for 15 years and Comfort from the first wear. Excellent grip. Could be lighter,best on the court been playing for 15 years and comfort from the first wear excellent grip could be lighter,20,https://runrepeat.com/adidas-harden-volume-8,gen_917671,2024-10-17T06:52:42.000+00:00
Adidas Harden Vol. 8,gen_446132468,5,positive,Worth it,Game-tested these for about 10 sessions. Stability. Comfort from the first wear. Could be lighter. Fits true to size. Lockdown is excellent. Would buy again.,Worth it. Game-tested these for about 10 sessions. Stability. Comfort from the first wear. Could be lighter. Fits true to size. Lockdown is excellent. Would buy again,worth it game tested these for about 10 sessions stability comfort from the first wear could be lighter fits true to size lockdown is excellent would buy again,28,https://runrepeat.com/adidas-harden-volume-8,gen_917671,2024-08-28T06:52:42.000+00:00
Adidas Harden Vol. 8,gen_394587892,4,positive,Great basketball shoe,Really happy with this purchase. Elite containment. Very good cushioning and bounce. Runs a little heavy. No heel slip whatsoever. Would buy again.,Great basketball shoe. Really happy with this purchase. Elite containment. Very good cushioning and bounce. Runs a little heavy. No heel slip whatsoever. Would buy again,great basketball shoe really happy with this purchase elite containment very good cushioning and bounce runs a little heavy no heel slip whatsoever would buy again,26,https://runrepeat.com/adidas-harden-volume-8,gen_917671,2024-09-15T06:52:42.000+00:00
Adidas Harden Vol. 8,gen_788778192,4,positive,Solid performance shoe,Excellent grip. Elite containment. Runs a little heavy. No heel slip whatsoever. Highly recommend.,Solid performance shoe. Excellent grip. Elite containment. Runs a little heavy. No heel slip whatsoever. Highly recommend,solid performance shoe excellent grip elite containment runs a little heavy no heel slip whatsoever highly recommend,17,https://runrepeat.com/adidas-harden-volume-8,gen_917671,2024-06-02T06:52:42.000+00:00
Adidas Harden Vol. 8,gen_367263060,5,positive,Worth it,"As a casual hooper, Very good cushioning and bounce. Elite containment. Runs a little heavy. Ordered my normal size and it fits perfectly. One of my favorite basketball shoes.","Worth it. As a casual hooper, Very good cushioning and bounce. Elite containment. Runs a little heavy. Ordered my normal size and it fits perfectly. One of my favorite basketball shoes",worth it as a casual hooper very good cushioning and bounce elite containment runs a little heavy ordered my normal size and it fits perfectly one of my favorite basketball shoes,31,https://runrepeat.com/adidas-harden-volume-8,gen_917671,2025-01-04T06:52:42.000+00:00
Adidas Harden Vol. 8,gen_648285473,5,positive,excellent grip,Comfort from the first wear. Elite containment. Runs a little heavy. Highly recommend.,excellent grip. Comfort from the first wear. Elite containment. Runs a little heavy. Highly recommend,excellent grip comfort from the first wear elite containment runs a little heavy highly recommend,15,https://runrepeat.com/adidas-harden-volume-8,gen_917671,2025-08-23T06:52:42.000+00:00
Adidas Harden Vol. 8,gen_52971704,5,positive,Solid performance shoe,Elite containment. Excellent grip. Could be lighter. Sizing is spot on. No heel slip whatsoever. Best shoe I've played in this year.,Solid performance shoe. Elite containment. Excellent grip. Could be lighter. Sizing is spot on. No heel slip whatsoever. Best shoe I've played in this year,solid performance shoe elite containment excellent grip could be lighter sizing is spot on no heel slip whatsoever best shoe i've played in this year,25,https://runrepeat.com/adidas-harden-volume-8,gen_917671,2024-06-14T06:52:42.000+00:00
Adidas Harden Vol. 8,gen_170319752,5,positive,Solid performance shoe,"As a competitive player, Elite containment. Comfort from the first wear. You feel the weight after a long game. Best shoe I've played in this year.","Solid performance shoe. As a competitive player, Elite containment. Comfort from the first wear. You feel the weight after a long game. Best shoe I've played in this year",solid performance shoe as a competitive player elite containment comfort from the first wear you feel the weight after a long game best shoe i've played in this year,29,https://runrepeat.com/adidas-harden-volume-8,gen_917671,2024-12-20T06:52:42.000+00:00
Nike G.T. Cut Academy,gen_2260660,3,neutral,Good not great,"Got these for my daughter and Forefoot air zoom bounce. However, average durability and limited ventilation. Decent shoe overall but nothing special.","Good not great. Got these for my daughter and Forefoot air zoom bounce. However, average durability and limited ventilation. Decent shoe overall but nothing special",good not great got these for my daughter and forefoot air zoom bounce however average durability and limited ventilation decent shoe overall but nothing special,25,https://runrepeat.com/nike-gt-cut-academy,gen_968363,2025-06-03T06:52:42.000+00:00
Nike G.T. Cut Academy,gen_849053864,4,positive,Great basketball shoe,Adjustable fit options. And affordability. Impact protection is top notch. Sizing is spot on. Super secure fit.,Great basketball shoe. Adjustable fit options. And affordability. Impact protection is top notch. Sizing is spot on. Super secure fit,great basketball shoe adjustable fit options and affordability impact protection is top notch sizing is spot on super secure fit,20,https://runrepeat.com/nike-gt-cut-academy,gen_968363,2025-08-15T06:52:42.000+00:00
Nike G.T. Cut Academy,gen_248520981,5,positive,Love these shoes,Nimble feel. Solid cushioning. Super lightweight. Stays locked through cuts. Highly recommend.,Love these shoes. Nimble feel. Solid cushioning. Super lightweight. Stays locked through cuts. Highly recommend,love these shoes nimble feel solid cushioning super lightweight stays locked through cuts highly recommend,15,https://runrepeat.com/nike-gt-cut-academy,gen_968363,2025-12-06T06:52:42.000+00:00
Nike G.T. Cut Academy,gen_939254930,5,positive,Great basketball shoe,Bought these for the season and have no regrets. Solid cushioning. Excellent lockdown. Responsive cushioning. Ordered my normal size and it fits perfectly. Game changer for me.,Great basketball shoe. Bought these for the season and have no regrets. Solid cushioning. Excellent lockdown. Responsive cushioning. Ordered my normal size and it fits perfectly. Game changer for me,great basketball shoe bought these for the season and have no regrets solid cushioning excellent lockdown responsive cushioning ordered my normal size and it fits perfectly game changer for me,30,https://runrepeat.com/nike-gt-cut-academy,gen_968363,2025-08-08T06:52:42.000+00:00
Nike G.T. Cut Academy,gen_893165951,5,positive,Great basketball shoe,Adjustable fit options. And affordability. Sticky rubber outsole. Game changer for me.,Great basketball shoe. Adjustable fit options. And affordability. Sticky rubber outsole. Game changer for me,great basketball shoe adjustable fit options and affordability sticky rubber outsole game changer for me,15,https://runrepeat.com/nike-gt-cut-academy,gen_968363,2024-10-05T06:52:42.000+00:00
Nike G.T. Cut Academy,gen_805593015,5,positive,Solid performance shoe,I own about 30 pairs of basketball shoes and Forefoot air zoom bounce. Excellent lockdown. Impact protection is top notch. Sizing is spot on. Would buy again.,Solid performance shoe. I own about 30 pairs of basketball shoes and Forefoot air zoom bounce. Excellent lockdown. Impact protection is top notch. Sizing is spot on. Would buy again,solid performance shoe i own about 30 pairs of basketball shoes and forefoot air zoom bounce excellent lockdown impact protection is top notch sizing is spot on would buy again,30,https://runrepeat.com/nike-gt-cut-academy,gen_968363,2026-03-11T06:52:42.000+00:00
Nike G.T. Cut Academy,gen_186072581,3,neutral,Has its pros and cons,"And affordability. However, average durability and limited ventilation. Stiff at first but loosens up nicely","Has its pros and cons. And affordability. However, average durability and limited ventilation. Stiff at first but loosens up nicely",has its pros and cons and affordability however average durability and limited ventilation stiff at first but loosens up nicely,20,https://runrepeat.com/nike-gt-cut-academy,gen_968363,2025-09-19T06:52:42.000+00:00
Nike G.T. Cut Academy,gen_644852298,4,positive,Highly recommend,"As a casual hooper, And affordability. Reliable traction on clean courts. Absorbs landings beautifully. Would buy again.","Highly recommend. As a casual hooper, And affordability. Reliable traction on clean courts. Absorbs landings beautifully. Would buy again",highly recommend as a casual hooper and affordability reliable traction on clean courts absorbs landings beautifully would buy again,19,https://runrepeat.com/nike-gt-cut-academy,gen_968363,2025-10-23T06:52:42.000+00:00
Nike G.T. Cut Academy,gen_668597285,5,positive,Great basketball shoe,Finally pulled the trigger on these and glad I did. And affordability. Forefoot air zoom bounce. Feels almost weightless on foot. Foot doesn't move at all.,Great basketball shoe. Finally pulled the trigger on these and glad I did. And affordability. Forefoot air zoom bounce. Feels almost weightless on foot. Foot doesn't move at all,great basketball shoe finally pulled the trigger on these and glad i did and affordability forefoot air zoom bounce feels almost weightless on foot foot doesn't move at all,29,https://runrepeat.com/nike-gt-cut-academy,gen_968363,2026-01-02T06:52:42.000+00:00
Nike G.T. Cut Academy,gen_862977160,5,positive,reliable traction on clean courts,Tried these on a whim and they're now my go-to. Nimble feel. And affordability. Feels almost weightless on foot. Lockdown is excellent.,reliable traction on clean courts. Tried these on a whim and they're now my go-to. Nimble feel. And affordability. Feels almost weightless on foot. Lockdown is excellent,reliable traction on clean courts tried these on a whim and they're now my go to nimble feel and affordability feels almost weightless on foot lockdown is excellent,28,https://runrepeat.com/nike-gt-cut-academy,gen_968363,2025-03-10T06:52:42.000+00:00
Nike G.T. Cut Academy,gen_393070213,5,positive,Love these shoes,Bought these after my old pair died. Reliable traction on clean courts. Forefoot air zoom bounce. Feels almost weightless on foot. One of my favorite basketball shoes.,Love these shoes. Bought these after my old pair died. Reliable traction on clean courts. Forefoot air zoom bounce. Feels almost weightless on foot. One of my favorite basketball shoes,love these shoes bought these after my old pair died reliable traction on clean courts forefoot air zoom bounce feels almost weightless on foot one of my favorite basketball shoes,30,https://runrepeat.com/nike-gt-cut-academy,gen_968363,2025-10-22T06:52:42.000+00:00
Nike G.T. Cut Academy,gen_665113868,4,positive,Love these shoes,"For rec league ball, Nimble feel. Forefoot air zoom bounce. Super lightweight. Ordered my normal size and it fits perfectly. Best shoe I've played in this year.","Love these shoes. For rec league ball, Nimble feel. Forefoot air zoom bounce. Super lightweight. Ordered my normal size and it fits perfectly. Best shoe I've played in this year",love these shoes for rec league ball nimble feel forefoot air zoom bounce super lightweight ordered my normal size and it fits perfectly best shoe i've played in this year,30,https://runrepeat.com/nike-gt-cut-academy,gen_968363,2025-10-10T06:52:42.000+00:00
Nike G.T. Cut Academy,gen_593638439,3,neutral,Has its pros and cons,"Bought these after my old pair died. Forefoot air zoom bounce. However, average durability and limited ventilation. Stiff at first but loosens up nicely","Has its pros and cons. Bought these after my old pair died. Forefoot air zoom bounce. However, average durability and limited ventilation. Stiff at first but loosens up nicely",has its pros and cons bought these after my old pair died forefoot air zoom bounce however average durability and limited ventilation stiff at first but loosens up nicely,29,https://runrepeat.com/nike-gt-cut-academy,gen_968363,2025-02-05T06:52:42.000+00:00
Nike G.T. Cut Academy,gen_511329995,4,positive,Worth it,Adjustable fit options. Forefoot air zoom bounce. Doesn't slow you down. Sizing is spot on. One of my favorite basketball shoes.,Worth it. Adjustable fit options. Forefoot air zoom bounce. Doesn't slow you down. Sizing is spot on. One of my favorite basketball shoes,worth it adjustable fit options forefoot air zoom bounce doesn't slow you down sizing is spot on one of my favorite basketball shoes,23,https://runrepeat.com/nike-gt-cut-academy,gen_968363,2024-10-02T06:52:42.000+00:00
Nike G.T. Cut Academy,gen_202047121,3,neutral,Good not great,"Forefoot air zoom bounce. However, average durability and limited ventilation. Stiff at first but loosens up nicely","Good not great. Forefoot air zoom bounce. However, average durability and limited ventilation. Stiff at first but loosens up nicely",good not great forefoot air zoom bounce however average durability and limited ventilation stiff at first but loosens up nicely,20,https://runrepeat.com/nike-gt-cut-academy,gen_968363,2025-03-03T06:52:42.000+00:00
Nike G.T. Cut Academy,gen_108982296,5,positive,solid cushioning,I play pickup 3x a week and Reliable traction on clean courts. Solid cushioning. Absorbs landings beautifully. Would buy again.,solid cushioning. I play pickup 3x a week and Reliable traction on clean courts. Solid cushioning. Absorbs landings beautifully. Would buy again,solid cushioning i play pickup 3x a week and reliable traction on clean courts solid cushioning absorbs landings beautifully would buy again,22,https://runrepeat.com/nike-gt-cut-academy,gen_968363,2024-11-15T06:52:42.000+00:00
Nike G.T. Cut Academy,gen_29276951,2,negative,Not worth it,"As a casual hooper, Average durability and limited ventilation. Wouldn't buy again.","Not worth it. As a casual hooper, Average durability and limited ventilation. Wouldn't buy again",not worth it as a casual hooper average durability and limited ventilation wouldn't buy again,15,https://runrepeat.com/nike-gt-cut-academy,gen_968363,2025-08-25T06:52:42.000+00:00
Nike G.T. Cut Academy,gen_574549076,4,positive,Love these shoes,These shoes are solid. Excellent lockdown. Reliable traction on clean courts. Absorbs landings beautifully. No heel slip whatsoever.,Love these shoes. These shoes are solid. Excellent lockdown. Reliable traction on clean courts. Absorbs landings beautifully. No heel slip whatsoever,love these shoes these shoes are solid excellent lockdown reliable traction on clean courts absorbs landings beautifully no heel slip whatsoever,21,https://runrepeat.com/nike-gt-cut-academy,gen_968363,2024-09-10T06:52:42.000+00:00
Nike G.T. Cut Academy,gen_10629664,5,positive,Worth it,These shoes are solid. And affordability. Adjustable fit options. Super lightweight. Fits true to size.,Worth it. These shoes are solid. And affordability. Adjustable fit options. Super lightweight. Fits true to size,worth it these shoes are solid and affordability adjustable fit options super lightweight fits true to size,17,https://runrepeat.com/nike-gt-cut-academy,gen_968363,2025-01-02T06:52:42.000+00:00
Nike G.T. Cut Academy,gen_17137465,5,positive,Best on the court,Been wearing these for a few months now. And affordability. Reliable traction on clean courts. Great underfoot feel. Game changer for me.,Best on the court. Been wearing these for a few months now. And affordability. Reliable traction on clean courts. Great underfoot feel. Game changer for me,best on the court been wearing these for a few months now and affordability reliable traction on clean courts great underfoot feel game changer for me,26,https://runrepeat.com/nike-gt-cut-academy,gen_968363,2024-08-03T06:52:42.000+00:00
Nike Ja 1,gen_64748108,5,positive,Highly recommend,Court grip. Comfortable wraparound feel. Feels almost weightless on foot. Sizing is spot on. Game changer for me.,Highly recommend. Court grip. Comfortable wraparound feel. Feels almost weightless on foot. Sizing is spot on. Game changer for me,highly recommend court grip comfortable wraparound feel feels almost weightless on foot sizing is spot on game changer for me,20,https://runrepeat.com/nike-ja-1,gen_971284,2025-03-20T06:52:42.000+00:00
Nike Ja 1,gen_833826818,3,neutral,Okay shoe overall,"Durability. However, cheap-feeling materials and a required break-in period. Takes a few sessions to break in","Okay shoe overall. Durability. However, cheap-feeling materials and a required break-in period. Takes a few sessions to break in",okay shoe overall durability however cheap feeling materials and a required break in period takes a few sessions to break in,21,https://runrepeat.com/nike-ja-1,gen_971284,2025-04-27T06:52:42.000+00:00
Nike Ja 1,gen_929601599,3,neutral,Has its pros and cons,"Durability. However, cheap-feeling materials and a required break-in period. Decent shoe overall but nothing special.","Has its pros and cons. Durability. However, cheap-feeling materials and a required break-in period. Decent shoe overall but nothing special",has its pros and cons durability however cheap feeling materials and a required break in period decent shoe overall but nothing special,22,https://runrepeat.com/nike-ja-1,gen_971284,2025-09-10T06:52:42.000+00:00
Nike Ja 1,gen_22062772,5,positive,Solid performance shoe,As a coach I've seen a lot of shoes and Durability. Forefoot bounce. Super lightweight.,Solid performance shoe. As a coach I've seen a lot of shoes and Durability. Forefoot bounce. Super lightweight,solid performance shoe as a coach i've seen a lot of shoes and durability forefoot bounce super lightweight,18,https://runrepeat.com/nike-ja-1,gen_971284,2024-10-23T06:52:42.000+00:00
Nike Ja 1,gen_696980928,4,positive,Solid performance shoe,Finally pulled the trigger on these and glad I did. Supportive ride. Durability. Feels almost weightless on foot. Sizing is spot on. Foot doesn't move at all. One of my favorite basketball shoes.,Solid performance shoe. Finally pulled the trigger on these and glad I did. Supportive ride. Durability. Feels almost weightless on foot. Sizing is spot on. Foot doesn't move at all. One of my favorite basketball shoes,solid performance shoe finally pulled the trigger on these and glad i did supportive ride durability feels almost weightless on foot sizing is spot on foot doesn't move at all one of my favorite basketball shoes,36,https://runrepeat.com/nike-ja-1,gen_971284,2025-03-30T06:52:42.000+00:00
Nike Ja 1,gen_297108552,5,positive,plush heel padding,I recommend these to my players. And true-to-size fit. Value. Doesn't slow you down. Highly recommend.,plush heel padding. I recommend these to my players. And true-to-size fit. Value. Doesn't slow you down. Highly recommend,plush heel padding i recommend these to my players and true to size fit value doesn't slow you down highly recommend,21,https://runrepeat.com/nike-ja-1,gen_971284,2024-06-24T06:52:42.000+00:00
Nike Ja 1,gen_383136855,5,positive,Value,These shoes are solid. Supportive ride. Court grip. Super lightweight. Fits true to size. One of my favorite basketball shoes.,Value. These shoes are solid. Supportive ride. Court grip. Super lightweight. Fits true to size. One of my favorite basketball shoes,value these shoes are solid supportive ride court grip super lightweight fits true to size one of my favorite basketball shoes,21,https://runrepeat.com/nike-ja-1,gen_971284,2025-04-10T06:52:42.000+00:00
Nike Ja 1,gen_520878001,4,positive,Best on the court,Supportive ride. And true-to-size fit. Super lightweight. Game changer for me.,Best on the court. Supportive ride. And true-to-size fit. Super lightweight. Game changer for me,best on the court supportive ride and true to size fit super lightweight game changer for me,17,https://runrepeat.com/nike-ja-1,gen_971284,2025-03-12T06:52:42.000+00:00
Nike Ja 1,gen_382854797,5,positive,Great basketball shoe,Court grip. Forefoot bounce. Feels almost weightless on foot. Best shoe I've played in this year.,Great basketball shoe. Court grip. Forefoot bounce. Feels almost weightless on foot. Best shoe I've played in this year,great basketball shoe court grip forefoot bounce feels almost weightless on foot best shoe i've played in this year,19,https://runrepeat.com/nike-ja-1,gen_971284,2026-03-11T06:52:42.000+00:00
Nike Ja 1,gen_814602868,3,neutral,Has its pros and cons,"Bought these after my old pair died. Forefoot bounce. However, cheap-feeling materials and a required break-in period. Decent shoe overall but nothing special.","Has its pros and cons. Bought these after my old pair died. Forefoot bounce. However, cheap-feeling materials and a required break-in period. Decent shoe overall but nothing special",has its pros and cons bought these after my old pair died forefoot bounce however cheap feeling materials and a required break in period decent shoe overall but nothing special,30,https://runrepeat.com/nike-ja-1,gen_971284,2024-12-07T06:52:42.000+00:00
Nike Ja 1,gen_619492430,4,positive,Solid performance shoe,Supportive ride. Comfortable wraparound feel. Super lightweight. Best shoe I've played in this year.,Solid performance shoe. Supportive ride. Comfortable wraparound feel. Super lightweight. Best shoe I've played in this year,solid performance shoe supportive ride comfortable wraparound feel super lightweight best shoe i've played in this year,17,https://runrepeat.com/nike-ja-1,gen_971284,2024-12-13T06:52:42.000+00:00
Nike Ja 1,gen_817555530,5,positive,Solid performance shoe,I own about 30 pairs of basketball shoes and Court grip. Supportive ride. Feels almost weightless on foot. Sizing is spot on.,Solid performance shoe. I own about 30 pairs of basketball shoes and Court grip. Supportive ride. Feels almost weightless on foot. Sizing is spot on,solid performance shoe i own about 30 pairs of basketball shoes and court grip supportive ride feels almost weightless on foot sizing is spot on,25,https://runrepeat.com/nike-ja-1,gen_971284,2025-05-13T06:52:42.000+00:00
Nike Ja 1,gen_963945202,4,positive,Solid performance shoe,Bought these for my son and Forefoot bounce. Durability. Feels almost weightless on foot. Ordered my normal size and it fits perfectly. Highly recommend.,Solid performance shoe. Bought these for my son and Forefoot bounce. Durability. Feels almost weightless on foot. Ordered my normal size and it fits perfectly. Highly recommend,solid performance shoe bought these for my son and forefoot bounce durability feels almost weightless on foot ordered my normal size and it fits perfectly highly recommend,27,https://runrepeat.com/nike-ja-1,gen_971284,2024-11-09T06:52:42.000+00:00
Nike Ja 1,gen_65103727,5,positive,Great basketball shoe,Just finished my third week in these. And true-to-size fit. Forefoot bounce. Doesn't slow you down. Fits true to size. Foot doesn't move at all. Would buy again.,Great basketball shoe. Just finished my third week in these. And true-to-size fit. Forefoot bounce. Doesn't slow you down. Fits true to size. Foot doesn't move at all. Would buy again,great basketball shoe just finished my third week in these and true to size fit forefoot bounce doesn't slow you down fits true to size foot doesn't move at all would buy again,33,https://runrepeat.com/nike-ja-1,gen_971284,2025-06-13T06:52:42.000+00:00
Nike Ja 1,gen_809465510,3,neutral,Okay shoe overall,"Durability. However, cheap-feeling materials and a required break-in period. Stiff at first but loosens up nicely","Okay shoe overall. Durability. However, cheap-feeling materials and a required break-in period. Stiff at first but loosens up nicely",okay shoe overall durability however cheap feeling materials and a required break in period stiff at first but loosens up nicely,21,https://runrepeat.com/nike-ja-1,gen_971284,2024-05-03T06:52:42.000+00:00
Nike Ja 1,gen_109276818,5,positive,Love these shoes,Bought these for my son and Comfortable wraparound feel. Supportive ride. Super lightweight.,Love these shoes. Bought these for my son and Comfortable wraparound feel. Supportive ride. Super lightweight,love these shoes bought these for my son and comfortable wraparound feel supportive ride super lightweight,16,https://runrepeat.com/nike-ja-1,gen_971284,2025-10-08T06:52:42.000+00:00
Nike Ja 1,gen_432549930,5,positive,Worth it,"Bought these for several players on my team, Plush heel padding. Value. Super lightweight. Sizing is spot on. Lockdown is excellent.","Worth it. Bought these for several players on my team, Plush heel padding. Value. Super lightweight. Sizing is spot on. Lockdown is excellent",worth it bought these for several players on my team plush heel padding value super lightweight sizing is spot on lockdown is excellent,23,https://runrepeat.com/nike-ja-1,gen_971284,2025-12-14T06:52:42.000+00:00
Nike Ja 1,gen_653356053,5,positive,Great basketball shoe,Supportive ride. Forefoot bounce. Feels almost weightless on foot. Fits true to size. Game changer for me.,Great basketball shoe. Supportive ride. Forefoot bounce. Feels almost weightless on foot. Fits true to size. Game changer for me,great basketball shoe supportive ride forefoot bounce feels almost weightless on foot fits true to size game changer for me,20,https://runrepeat.com/nike-ja-1,gen_971284,2025-05-09T06:52:42.000+00:00
Nike Ja 1,gen_185405341,5,positive,Great basketball shoe,Really happy with this purchase. Durability. Comfortable wraparound feel. Super lightweight. Best shoe I've played in this year.,Great basketball shoe. Really happy with this purchase. Durability. Comfortable wraparound feel. Super lightweight. Best shoe I've played in this year,great basketball shoe really happy with this purchase durability comfortable wraparound feel super lightweight best shoe i've played in this year,21,https://runrepeat.com/nike-ja-1,gen_971284,2025-06-15T06:52:42.000+00:00
Nike Ja 1,gen_333965153,4,positive,Highly recommend,Needed a new pair for the season and these delivered. Comfortable wraparound feel. Durability. Doesn't slow you down. Sizing is spot on. Stays locked through cuts.,Highly recommend. Needed a new pair for the season and these delivered. Comfortable wraparound feel. Durability. Doesn't slow you down. Sizing is spot on. Stays locked through cuts,highly recommend needed a new pair for the season and these delivered comfortable wraparound feel durability doesn't slow you down sizing is spot on stays locked through cuts,28,https://runrepeat.com/nike-ja-1,gen_971284,2025-06-14T06:52:42.000+00:00
Nike LeBron 23,gen_346503716,4,positive,fantastic traction,Elite stability and ankle support. Excellent bounce. Impact protection is top notch. Fits true to size.,fantastic traction. Elite stability and ankle support. Excellent bounce. Impact protection is top notch. Fits true to size,fantastic traction elite stability and ankle support excellent bounce impact protection is top notch fits true to size,18,https://runrepeat.com/nike-le-bron-23,gen_780102,2026-02-08T06:52:42.000+00:00
Nike LeBron 23,gen_839903038,4,positive,Highly recommend,Fantastic traction. Elite stability and ankle support. Traction is elite. Sizing is spot on.,Highly recommend. Fantastic traction. Elite stability and ankle support. Traction is elite. Sizing is spot on,highly recommend fantastic traction elite stability and ankle support traction is elite sizing is spot on,16,https://runrepeat.com/nike-le-bron-23,gen_780102,2024-11-26T06:52:42.000+00:00
Nike LeBron 23,gen_21963007,5,positive,Solid performance shoe,I recommend these to my players. Elite stability and ankle support. Durability. Sticky rubber outsole. Foot doesn't move at all.,Solid performance shoe. I recommend these to my players. Elite stability and ankle support. Durability. Sticky rubber outsole. Foot doesn't move at all,solid performance shoe i recommend these to my players elite stability and ankle support durability sticky rubber outsole foot doesn't move at all,23,https://runrepeat.com/nike-le-bron-23,gen_780102,2024-09-10T06:52:42.000+00:00
Nike LeBron 23,gen_83727791,4,positive,Great basketball shoe,Strong heel shock absorption. Elite stability and ankle support. Impact protection is top notch. Best shoe I've played in this year.,Great basketball shoe. Strong heel shock absorption. Elite stability and ankle support. Impact protection is top notch. Best shoe I've played in this year,great basketball shoe strong heel shock absorption elite stability and ankle support impact protection is top notch best shoe i've played in this year,24,https://runrepeat.com/nike-le-bron-23,gen_780102,2025-01-31T06:52:42.000+00:00
Nike LeBron 23,gen_824960955,5,positive,durability,Finally pulled the trigger on these and glad I did. Fantastic traction. And a true-to-size fit. Great underfoot feel. Fits true to size. No heel slip whatsoever. Game changer for me.,durability. Finally pulled the trigger on these and glad I did. Fantastic traction. And a true-to-size fit. Great underfoot feel. Fits true to size. No heel slip whatsoever. Game changer for me,durability finally pulled the trigger on these and glad i did fantastic traction and a true to size fit great underfoot feel fits true to size no heel slip whatsoever game changer for me,34,https://runrepeat.com/nike-le-bron-23,gen_780102,2024-10-06T06:52:42.000+00:00
Nike LeBron 23,gen_799091492,3,neutral,Decent but not perfect,"As a coach I've seen a lot of shoes and Fantastic traction. However, heavy weight. Decent shoe overall but nothing special.","Decent but not perfect. As a coach I've seen a lot of shoes and Fantastic traction. However, heavy weight. Decent shoe overall but nothing special",decent but not perfect as a coach i've seen a lot of shoes and fantastic traction however heavy weight decent shoe overall but nothing special,25,https://runrepeat.com/nike-le-bron-23,gen_780102,2024-11-12T06:52:42.000+00:00
Nike LeBron 23,gen_480045246,4,positive,Great basketball shoe,Bought these after my old pair died. Fantastic traction. Secure lockdown. Runs a little heavy. Sizing is spot on. Best shoe I've played in this year.,Great basketball shoe. Bought these after my old pair died. Fantastic traction. Secure lockdown. Runs a little heavy. Sizing is spot on. Best shoe I've played in this year,great basketball shoe bought these after my old pair died fantastic traction secure lockdown runs a little heavy sizing is spot on best shoe i've played in this year,29,https://runrepeat.com/nike-le-bron-23,gen_780102,2025-12-09T06:52:42.000+00:00
Nike LeBron 23,gen_759564407,5,positive,Solid performance shoe,"Bought these for several players on my team, Secure lockdown. Strong heel shock absorption. Responsive cushioning. Ordered my normal size and it fits perfectly. No heel slip whatsoever. Highly recommend.","Solid performance shoe. Bought these for several players on my team, Secure lockdown. Strong heel shock absorption. Responsive cushioning. Ordered my normal size and it fits perfectly. No heel slip whatsoever. Highly recommend",solid performance shoe bought these for several players on my team secure lockdown strong heel shock absorption responsive cushioning ordered my normal size and it fits perfectly no heel slip whatsoever highly recommend,33,https://runrepeat.com/nike-le-bron-23,gen_780102,2025-01-05T06:52:42.000+00:00
Nike LeBron 23,gen_29440174,5,positive,Worth it,Secure lockdown. Durability. Never slipped once. Sizing is spot on. Best shoe I've played in this year.,Worth it. Secure lockdown. Durability. Never slipped once. Sizing is spot on. Best shoe I've played in this year,worth it secure lockdown durability never slipped once sizing is spot on best shoe i've played in this year,19,https://runrepeat.com/nike-le-bron-23,gen_780102,2025-11-25T06:52:42.000+00:00
Nike LeBron 23,gen_364270197,5,positive,Highly recommend,And a true-to-size fit. Excellent bounce. Never slipped once. Best shoe I've played in this year.,Highly recommend. And a true-to-size fit. Excellent bounce. Never slipped once. Best shoe I've played in this year,highly recommend and a true to size fit excellent bounce never slipped once best shoe i've played in this year,20,https://runrepeat.com/nike-le-bron-23,gen_780102,2025-07-23T06:52:42.000+00:00
Nike LeBron 23,gen_332167559,5,positive,Great basketball shoe,Secure lockdown. Durability. Feels like running on clouds. One of my favorite basketball shoes.,Great basketball shoe. Secure lockdown. Durability. Feels like running on clouds. One of my favorite basketball shoes,great basketball shoe secure lockdown durability feels like running on clouds one of my favorite basketball shoes,17,https://runrepeat.com/nike-le-bron-23,gen_780102,2024-10-04T06:52:42.000+00:00
Nike LeBron 23,gen_377004397,5,positive,Best on the court,Just finished my third week in these. Durability. Strong heel shock absorption. Absorbs landings beautifully. Sizing is spot on. No heel slip whatsoever.,Best on the court. Just finished my third week in these. Durability. Strong heel shock absorption. Absorbs landings beautifully. Sizing is spot on. No heel slip whatsoever,best on the court just finished my third week in these durability strong heel shock absorption absorbs landings beautifully sizing is spot on no heel slip whatsoever,27,https://runrepeat.com/nike-le-bron-23,gen_780102,2025-03-28T06:52:42.000+00:00
Nike LeBron 23,gen_117956143,4,positive,Worth it,Bought these after my old pair died. Secure lockdown. Fantastic traction. Could be lighter. Sizing is spot on. No heel slip whatsoever. Would buy again.,Worth it. Bought these after my old pair died. Secure lockdown. Fantastic traction. Could be lighter. Sizing is spot on. No heel slip whatsoever. Would buy again,worth it bought these after my old pair died secure lockdown fantastic traction could be lighter sizing is spot on no heel slip whatsoever would buy again,27,https://runrepeat.com/nike-le-bron-23,gen_780102,2025-02-27T06:52:42.000+00:00
Nike LeBron 23,gen_640156807,3,neutral,Good not great,"Fantastic traction. However, and a higher price. Decent shoe overall but nothing special.","Good not great. Fantastic traction. However, and a higher price. Decent shoe overall but nothing special",good not great fantastic traction however and a higher price decent shoe overall but nothing special,16,https://runrepeat.com/nike-le-bron-23,gen_780102,2024-06-26T06:52:42.000+00:00
Nike LeBron 23,gen_409075809,5,positive,Excellent bounce,Elite stability and ankle support. Fantastic traction. Great underfoot feel.,Excellent bounce. Elite stability and ankle support. Fantastic traction. Great underfoot feel,excellent bounce elite stability and ankle support fantastic traction great underfoot feel,12,https://runrepeat.com/nike-le-bron-23,gen_780102,2026-03-17T06:52:42.000+00:00
Nike LeBron 23,gen_27643376,5,positive,Great basketball shoe,Strong heel shock absorption. Durability. Traction is elite. Fits true to size.,Great basketball shoe. Strong heel shock absorption. Durability. Traction is elite. Fits true to size,great basketball shoe strong heel shock absorption durability traction is elite fits true to size,15,https://runrepeat.com/nike-le-bron-23,gen_780102,2026-01-10T06:52:42.000+00:00
Nike LeBron 23,gen_221181581,4,positive,Highly recommend,These shoes are solid. Fantastic traction. And a true-to-size fit. Sticky rubber outsole. Fits true to size. Would buy again.,Highly recommend. These shoes are solid. Fantastic traction. And a true-to-size fit. Sticky rubber outsole. Fits true to size. Would buy again,highly recommend these shoes are solid fantastic traction and a true to size fit sticky rubber outsole fits true to size would buy again,24,https://runrepeat.com/nike-le-bron-23,gen_780102,2025-10-30T06:52:42.000+00:00
Nike LeBron 23,gen_261931155,5,positive,Great basketball shoe,Strong heel shock absorption. Elite stability and ankle support. You feel the weight after a long game. Super secure fit. Highly recommend.,Great basketball shoe. Strong heel shock absorption. Elite stability and ankle support. You feel the weight after a long game. Super secure fit. Highly recommend,great basketball shoe strong heel shock absorption elite stability and ankle support you feel the weight after a long game super secure fit highly recommend,25,https://runrepeat.com/nike-le-bron-23,gen_780102,2025-01-01T06:52:42.000+00:00
Nike LeBron 23,gen_56231483,5,positive,Worth it,Big sneaker collector here — Fantastic traction. Secure lockdown. Never slipped once. One of my favorite basketball shoes.,Worth it. Big sneaker collector here — Fantastic traction. Secure lockdown. Never slipped once. One of my favorite basketball shoes,worth it big sneaker collector here fantastic traction secure lockdown never slipped once one of my favorite basketball shoes,19,https://runrepeat.com/nike-le-bron-23,gen_780102,2025-10-01T06:52:42.000+00:00
Nike LeBron 23,gen_414830549,5,positive,elite stability and ankle support,As a coach I've seen a lot of shoes and Secure lockdown. Fantastic traction. Absorbs landings beautifully. Ordered my normal size and it fits perfectly. No heel slip whatsoever. Best shoe I've played in this year.,elite stability and ankle support. As a coach I've seen a lot of shoes and Secure lockdown. Fantastic traction. Absorbs landings beautifully. Ordered my normal size and it fits perfectly. No heel slip whatsoever. Best shoe I've played in this year,elite stability and ankle support as a coach i've seen a lot of shoes and secure lockdown fantastic traction absorbs landings beautifully ordered my normal size and it fits perfectly no heel slip whatsoever best shoe i've played in this year,41,https://runrepeat.com/nike-le-bron-23,gen_780102,2024-05-20T06:52:42.000+00:00
Nike G.T. Cut 3,gen_784940259,5,positive,Best on the court,Bought these for the season and have no regrets. Reliable traction on clean courts. And comfort. Cushioning is insane. Fits true to size.,Best on the court. Bought these for the season and have no regrets. Reliable traction on clean courts. And comfort. Cushioning is insane. Fits true to size,best on the court bought these for the season and have no regrets reliable traction on clean courts and comfort cushioning is insane fits true to size,27,https://runrepeat.com/nike-g-t-cut-3,gen_725362,2025-04-13T06:52:42.000+00:00
Nike G.T. Cut 3,gen_304371386,2,negative,and limited ventilation,Tried these on a whim and they're now my go-to. Weak outdoor suitability. And limited ventilation. Wouldn't buy again.,and limited ventilation. Tried these on a whim and they're now my go-to. Weak outdoor suitability. And limited ventilation. Wouldn't buy again,and limited ventilation tried these on a whim and they're now my go to weak outdoor suitability and limited ventilation wouldn't buy again,23,https://runrepeat.com/nike-g-t-cut-3,gen_725362,2024-12-29T06:52:42.000+00:00
Nike G.T. Cut 3,gen_420393659,5,positive,Highly recommend,Durability. And comfort. Super lightweight. No heel slip whatsoever. Best shoe I've played in this year.,Highly recommend. Durability. And comfort. Super lightweight. No heel slip whatsoever. Best shoe I've played in this year,highly recommend durability and comfort super lightweight no heel slip whatsoever best shoe i've played in this year,18,https://runrepeat.com/nike-g-t-cut-3,gen_725362,2025-12-17T06:52:42.000+00:00
Nike G.T. Cut 3,gen_691504641,4,positive,Love these shoes,Reliable traction on clean courts. Nimbleness. Great underfoot feel. Fits true to size.,Love these shoes. Reliable traction on clean courts. Nimbleness. Great underfoot feel. Fits true to size,love these shoes reliable traction on clean courts nimbleness great underfoot feel fits true to size,16,https://runrepeat.com/nike-g-t-cut-3,gen_725362,2025-05-22T06:52:42.000+00:00
Nike G.T. Cut 3,gen_629355377,5,positive,Worth it,Bought these for the season and have no regrets. Durability. Nimbleness. Great grip on the court. Fits true to size. No heel slip whatsoever. Would buy again.,Worth it. Bought these for the season and have no regrets. Durability. Nimbleness. Great grip on the court. Fits true to size. No heel slip whatsoever. Would buy again,worth it bought these for the season and have no regrets durability nimbleness great grip on the court fits true to size no heel slip whatsoever would buy again,29,https://runrepeat.com/nike-g-t-cut-3,gen_725362,2024-10-19T06:52:42.000+00:00
Nike G.T. Cut 3,gen_253449108,3,neutral,Good not great,"Durability. However, and limited ventilation. Needed about a week to feel natural","Good not great. Durability. However, and limited ventilation. Needed about a week to feel natural",good not great durability however and limited ventilation needed about a week to feel natural,15,https://runrepeat.com/nike-g-t-cut-3,gen_725362,2025-02-22T06:52:42.000+00:00
Nike G.T. Cut 3,gen_83989718,5,positive,plush zoomx cushioning,A stable platform. Nimbleness. Responsive cushioning. Sizing is spot on. One of my favorite basketball shoes.,plush zoomx cushioning. A stable platform. Nimbleness. Responsive cushioning. Sizing is spot on. One of my favorite basketball shoes,plush zoomx cushioning a stable platform nimbleness responsive cushioning sizing is spot on one of my favorite basketball shoes,19,https://runrepeat.com/nike-g-t-cut-3,gen_725362,2026-01-11T06:52:42.000+00:00
Nike G.T. Cut 3,gen_351347499,4,positive,Best on the court,My kid loves these shoes. A good balance of impact protection and court feel. Nimbleness. Feels almost weightless on foot. Foot doesn't move at all.,Best on the court. My kid loves these shoes. A good balance of impact protection and court feel. Nimbleness. Feels almost weightless on foot. Foot doesn't move at all,best on the court my kid loves these shoes a good balance of impact protection and court feel nimbleness feels almost weightless on foot foot doesn't move at all,29,https://runrepeat.com/nike-g-t-cut-3,gen_725362,2024-08-19T06:52:42.000+00:00
Nike G.T. Cut 3,gen_718000656,5,positive,Great basketball shoe,Bought these for my son and A good balance of impact protection and court feel. Nimbleness. Feels almost weightless on foot. Foot doesn't move at all.,Great basketball shoe. Bought these for my son and A good balance of impact protection and court feel. Nimbleness. Feels almost weightless on foot. Foot doesn't move at all,great basketball shoe bought these for my son and a good balance of impact protection and court feel nimbleness feels almost weightless on foot foot doesn't move at all,29,https://runrepeat.com/nike-g-t-cut-3,gen_725362,2025-08-27T06:52:42.000+00:00
Nike G.T. Cut 3,gen_621313123,4,positive,reliable traction on clean courts,A stable platform. Durability. Great grip on the court.,reliable traction on clean courts. A stable platform. Durability. Great grip on the court,reliable traction on clean courts a stable platform durability great grip on the court,14,https://runrepeat.com/nike-g-t-cut-3,gen_725362,2025-12-31T06:52:42.000+00:00
Nike G.T. Cut 3,gen_926891586,5,positive,Highly recommend,I play pickup 3x a week and Reliable traction on clean courts. Nimbleness. Great grip on the court. Fits true to size. Highly recommend.,Highly recommend. I play pickup 3x a week and Reliable traction on clean courts. Nimbleness. Great grip on the court. Fits true to size. Highly recommend,highly recommend i play pickup 3x a week and reliable traction on clean courts nimbleness great grip on the court fits true to size highly recommend,26,https://runrepeat.com/nike-g-t-cut-3,gen_725362,2024-12-21T06:52:42.000+00:00
Nike G.T. Cut 3,gen_500927476,5,positive,and comfort,Bought these after my old pair died. A good balance of impact protection and court feel. A stable platform. The grip is phenomenal.,and comfort. Bought these after my old pair died. A good balance of impact protection and court feel. A stable platform. The grip is phenomenal,and comfort bought these after my old pair died a good balance of impact protection and court feel a stable platform the grip is phenomenal,25,https://runrepeat.com/nike-g-t-cut-3,gen_725362,2025-06-18T06:52:42.000+00:00
Nike G.T. Cut 3,gen_765922944,5,positive,Worth it,"For rec league ball, Durability. A good balance of impact protection and court feel. Great underfoot feel. Ordered my normal size and it fits perfectly. Highly recommend.","Worth it. For rec league ball, Durability. A good balance of impact protection and court feel. Great underfoot feel. Ordered my normal size and it fits perfectly. Highly recommend",worth it for rec league ball durability a good balance of impact protection and court feel great underfoot feel ordered my normal size and it fits perfectly highly recommend,29,https://runrepeat.com/nike-g-t-cut-3,gen_725362,2025-05-28T06:52:42.000+00:00
Nike G.T. Cut 3,gen_348778422,3,neutral,Okay shoe overall,"Been playing for 15 years and Reliable traction on clean courts. However, weak outdoor suitability. Stiff at first but loosens up nicely","Okay shoe overall. Been playing for 15 years and Reliable traction on clean courts. However, weak outdoor suitability. Stiff at first but loosens up nicely",okay shoe overall been playing for 15 years and reliable traction on clean courts however weak outdoor suitability stiff at first but loosens up nicely,25,https://runrepeat.com/nike-g-t-cut-3,gen_725362,2025-01-13T06:52:42.000+00:00
Nike G.T. Cut 3,gen_320828215,4,positive,Great basketball shoe,A good balance of impact protection and court feel. And comfort. Feels like running on clouds.,Great basketball shoe. A good balance of impact protection and court feel. And comfort. Feels like running on clouds,great basketball shoe a good balance of impact protection and court feel and comfort feels like running on clouds,19,https://runrepeat.com/nike-g-t-cut-3,gen_725362,2025-03-10T06:52:42.000+00:00
Nike G.T. Cut 3,gen_681004863,4,positive,Worth it,"For rec league ball, A stable platform. Strong energy return. Great grip on the court. Highly recommend.","Worth it. For rec league ball, A stable platform. Strong energy return. Great grip on the court. Highly recommend",worth it for rec league ball a stable platform strong energy return great grip on the court highly recommend,19,https://runrepeat.com/nike-g-t-cut-3,gen_725362,2026-01-17T06:52:42.000+00:00
Nike G.T. Cut 3,gen_400971032,5,positive,Great basketball shoe,Reliable traction on clean courts. And comfort. Traction is elite. Ordered my normal size and it fits perfectly. Highly recommend.,Great basketball shoe. Reliable traction on clean courts. And comfort. Traction is elite. Ordered my normal size and it fits perfectly. Highly recommend,great basketball shoe reliable traction on clean courts and comfort traction is elite ordered my normal size and it fits perfectly highly recommend,23,https://runrepeat.com/nike-g-t-cut-3,gen_725362,2025-07-02T06:52:42.000+00:00
Nike G.T. Cut 3,gen_293147673,5,positive,Love these shoes,Tried these on a whim and they're now my go-to. A good balance of impact protection and court feel. Durability. Traction is elite. Ordered my normal size and it fits perfectly. Super secure fit. Game changer for me.,Love these shoes. Tried these on a whim and they're now my go-to. A good balance of impact protection and court feel. Durability. Traction is elite. Ordered my normal size and it fits perfectly. Super secure fit. Game changer for me,love these shoes tried these on a whim and they're now my go to a good balance of impact protection and court feel durability traction is elite ordered my normal size and it fits perfectly super secure fit game changer for me,42,https://runrepeat.com/nike-g-t-cut-3,gen_725362,2024-09-25T06:52:42.000+00:00
Nike G.T. Cut 3,gen_697471653,5,positive,Best on the court,My kid loves these shoes. A stable platform. Strong energy return. Sticky rubber outsole. Fits true to size. Would buy again.,Best on the court. My kid loves these shoes. A stable platform. Strong energy return. Sticky rubber outsole. Fits true to size. Would buy again,best on the court my kid loves these shoes a stable platform strong energy return sticky rubber outsole fits true to size would buy again,25,https://runrepeat.com/nike-g-t-cut-3,gen_725362,2024-07-13T06:52:42.000+00:00
Nike G.T. Cut 3,gen_141398998,5,positive,Great basketball shoe,Big sneaker collector here — And comfort. Strong energy return. Great grip on the court. Ordered my normal size and it fits perfectly. Stays locked through cuts. Highly recommend.,Great basketball shoe. Big sneaker collector here — And comfort. Strong energy return. Great grip on the court. Ordered my normal size and it fits perfectly. Stays locked through cuts. Highly recommend,great basketball shoe big sneaker collector here and comfort strong energy return great grip on the court ordered my normal size and it fits perfectly stays locked through cuts highly recommend,31,https://runrepeat.com/nike-g-t-cut-3,gen_725362,2025-11-14T06:52:42.000+00:00
Adidas Harden Vol. 7,gen_470115285,5,positive,smooth transitions,Really happy with this purchase. Very good grip on clean courts. Reliable impact protection. You feel the weight after a long game. Fits true to size. Foot doesn't move at all. One of my favorite basketball shoes.,smooth transitions. Really happy with this purchase. Very good grip on clean courts. Reliable impact protection. You feel the weight after a long game. Fits true to size. Foot doesn't move at all. One of my favorite basketball shoes,smooth transitions really happy with this purchase very good grip on clean courts reliable impact protection you feel the weight after a long game fits true to size foot doesn't move at all one of my favorite basketball shoes,39,https://runrepeat.com/adidas-harden-vol-7,gen_995792,2026-02-08T06:52:42.000+00:00
Adidas Harden Vol. 7,gen_446171485,5,positive,reliable impact protection,Really happy with this purchase. And great lockdown. Solid court feel. You feel the weight after a long game. Sizing is spot on. Highly recommend.,reliable impact protection. Really happy with this purchase. And great lockdown. Solid court feel. You feel the weight after a long game. Sizing is spot on. Highly recommend,reliable impact protection really happy with this purchase and great lockdown solid court feel you feel the weight after a long game sizing is spot on highly recommend,28,https://runrepeat.com/adidas-harden-vol-7,gen_995792,2025-03-04T06:52:42.000+00:00
Adidas Harden Vol. 7,gen_475628649,4,positive,Love these shoes,And great lockdown. Strong containment. Could be lighter. Fits true to size. Stays locked through cuts. Highly recommend.,Love these shoes. And great lockdown. Strong containment. Could be lighter. Fits true to size. Stays locked through cuts. Highly recommend,love these shoes and great lockdown strong containment could be lighter fits true to size stays locked through cuts highly recommend,21,https://runrepeat.com/adidas-harden-vol-7,gen_995792,2025-03-13T06:52:42.000+00:00
Adidas Harden Vol. 7,gen_522626644,4,positive,Love these shoes,Bought these for my son and Very good grip on clean courts. Good heel comfort. You feel the weight after a long game. Ordered my normal size and it fits perfectly. Super secure fit. Would buy again.,Love these shoes. Bought these for my son and Very good grip on clean courts. Good heel comfort. You feel the weight after a long game. Ordered my normal size and it fits perfectly. Super secure fit. Would buy again,love these shoes bought these for my son and very good grip on clean courts good heel comfort you feel the weight after a long game ordered my normal size and it fits perfectly super secure fit would buy again,40,https://runrepeat.com/adidas-harden-vol-7,gen_995792,2025-08-24T06:52:42.000+00:00
Adidas Harden Vol. 7,gen_27485804,4,positive,Highly recommend,Got these for my daughter and Smooth transitions. Strong containment. Runs a little heavy. Ordered my normal size and it fits perfectly.,Highly recommend. Got these for my daughter and Smooth transitions. Strong containment. Runs a little heavy. Ordered my normal size and it fits perfectly,highly recommend got these for my daughter and smooth transitions strong containment runs a little heavy ordered my normal size and it fits perfectly,24,https://runrepeat.com/adidas-harden-vol-7,gen_995792,2024-09-06T06:52:42.000+00:00
Adidas Harden Vol. 7,gen_730293972,4,positive,Worth it,Solid court feel. Strong containment. Could be lighter. Fits true to size.,Worth it. Solid court feel. Strong containment. Could be lighter. Fits true to size,worth it solid court feel strong containment could be lighter fits true to size,14,https://runrepeat.com/adidas-harden-vol-7,gen_995792,2025-07-15T06:52:42.000+00:00
Adidas Harden Vol. 7,gen_161986090,4,positive,Great basketball shoe,Tried these on a whim and they're now my go-to. Very good grip on clean courts. And great lockdown. Could be lighter. Lockdown is excellent.,Great basketball shoe. Tried these on a whim and they're now my go-to. Very good grip on clean courts. And great lockdown. Could be lighter. Lockdown is excellent,great basketball shoe tried these on a whim and they're now my go to very good grip on clean courts and great lockdown could be lighter lockdown is excellent,29,https://runrepeat.com/adidas-harden-vol-7,gen_995792,2024-11-19T06:52:42.000+00:00
Adidas Harden Vol. 7,gen_999658977,5,positive,Solid performance shoe,Very good grip on clean courts. Reliable impact protection. You feel the weight after a long game. No heel slip whatsoever. Highly recommend.,Solid performance shoe. Very good grip on clean courts. Reliable impact protection. You feel the weight after a long game. No heel slip whatsoever. Highly recommend,solid performance shoe very good grip on clean courts reliable impact protection you feel the weight after a long game no heel slip whatsoever highly recommend,26,https://runrepeat.com/adidas-harden-vol-7,gen_995792,2025-01-16T06:52:42.000+00:00
Adidas Harden Vol. 7,gen_675506382,5,positive,Very good grip on clean courts,Been wearing these for a few months now. Very good grip on clean courts. Smooth transitions. You feel the weight after a long game. Sizing is spot on.,Very good grip on clean courts. Been wearing these for a few months now. Very good grip on clean courts. Smooth transitions. You feel the weight after a long game. Sizing is spot on,very good grip on clean courts been wearing these for a few months now very good grip on clean courts smooth transitions you feel the weight after a long game sizing is spot on,34,https://runrepeat.com/adidas-harden-vol-7,gen_995792,2025-04-15T06:52:42.000+00:00
Adidas Harden Vol. 7,gen_227907438,4,positive,Love these shoes,Needed a new pair for the season and these delivered. Very good grip on clean courts. Strong containment. You feel the weight after a long game. Sizing is spot on. No heel slip whatsoever. Best shoe I've played in this year.,Love these shoes. Needed a new pair for the season and these delivered. Very good grip on clean courts. Strong containment. You feel the weight after a long game. Sizing is spot on. No heel slip whatsoever. Best shoe I've played in this year,love these shoes needed a new pair for the season and these delivered very good grip on clean courts strong containment you feel the weight after a long game sizing is spot on no heel slip whatsoever best shoe i've played in this year,44,https://runrepeat.com/adidas-harden-vol-7,gen_995792,2025-11-20T06:52:42.000+00:00
Adidas Harden Vol. 7,gen_125978422,4,positive,Great basketball shoe,Solid court feel. Strong containment. You feel the weight after a long game. Lockdown is excellent. Game changer for me.,Great basketball shoe. Solid court feel. Strong containment. You feel the weight after a long game. Lockdown is excellent. Game changer for me,great basketball shoe solid court feel strong containment you feel the weight after a long game lockdown is excellent game changer for me,23,https://runrepeat.com/adidas-harden-vol-7,gen_995792,2024-07-03T06:52:42.000+00:00
Adidas Harden Vol. 7,gen_961601846,5,positive,Love these shoes,Strong containment. And great lockdown. You feel the weight after a long game. Ordered my normal size and it fits perfectly. One of my favorite basketball shoes.,Love these shoes. Strong containment. And great lockdown. You feel the weight after a long game. Ordered my normal size and it fits perfectly. One of my favorite basketball shoes,love these shoes strong containment and great lockdown you feel the weight after a long game ordered my normal size and it fits perfectly one of my favorite basketball shoes,30,https://runrepeat.com/adidas-harden-vol-7,gen_995792,2025-06-10T06:52:42.000+00:00
Adidas Harden Vol. 7,gen_79842166,4,positive,Highly recommend,Just finished my third week in these. Smooth transitions. And great lockdown. Runs a little heavy. Fits true to size. Best shoe I've played in this year.,Highly recommend. Just finished my third week in these. Smooth transitions. And great lockdown. Runs a little heavy. Fits true to size. Best shoe I've played in this year,highly recommend just finished my third week in these smooth transitions and great lockdown runs a little heavy fits true to size best shoe i've played in this year,29,https://runrepeat.com/adidas-harden-vol-7,gen_995792,2026-03-15T06:52:42.000+00:00
Adidas Harden Vol. 7,gen_893051016,4,positive,Love these shoes,Big sneaker collector here — Smooth transitions. And great lockdown. Runs a little heavy.,Love these shoes. Big sneaker collector here — Smooth transitions. And great lockdown. Runs a little heavy,love these shoes big sneaker collector here smooth transitions and great lockdown runs a little heavy,16,https://runrepeat.com/adidas-harden-vol-7,gen_995792,2025-11-04T06:52:42.000+00:00
Adidas Harden Vol. 7,gen_983786345,5,positive,Solid performance shoe,Smooth transitions. Reliable impact protection. You feel the weight after a long game. Ordered my normal size and it fits perfectly. Would buy again.,Solid performance shoe. Smooth transitions. Reliable impact protection. You feel the weight after a long game. Ordered my normal size and it fits perfectly. Would buy again,solid performance shoe smooth transitions reliable impact protection you feel the weight after a long game ordered my normal size and it fits perfectly would buy again,27,https://runrepeat.com/adidas-harden-vol-7,gen_995792,2025-06-10T06:52:42.000+00:00
Adidas Harden Vol. 7,gen_679997376,4,positive,and great lockdown,Needed a new pair for the season and these delivered. Reliable impact protection. And great lockdown. Could be lighter. Would buy again.,and great lockdown. Needed a new pair for the season and these delivered. Reliable impact protection. And great lockdown. Could be lighter. Would buy again,and great lockdown needed a new pair for the season and these delivered reliable impact protection and great lockdown could be lighter would buy again,25,https://runrepeat.com/adidas-harden-vol-7,gen_995792,2025-09-30T06:52:42.000+00:00
Adidas Harden Vol. 7,gen_134859992,4,positive,Best on the court,Tried these on a whim and they're now my go-to. And great lockdown. Solid court feel. You feel the weight after a long game. Highly recommend.,Best on the court. Tried these on a whim and they're now my go-to. And great lockdown. Solid court feel. You feel the weight after a long game. Highly recommend,best on the court tried these on a whim and they're now my go to and great lockdown solid court feel you feel the weight after a long game highly recommend,31,https://runrepeat.com/adidas-harden-vol-7,gen_995792,2025-07-05T06:52:42.000+00:00
Adidas Harden Vol. 7,gen_584083905,5,positive,Very good grip on clean courts,I play D3 ball and Smooth transitions. Reliable impact protection. Runs a little heavy. No heel slip whatsoever.,Very good grip on clean courts. I play D3 ball and Smooth transitions. Reliable impact protection. Runs a little heavy. No heel slip whatsoever,very good grip on clean courts i play d3 ball and smooth transitions reliable impact protection runs a little heavy no heel slip whatsoever,24,https://runrepeat.com/adidas-harden-vol-7,gen_995792,2026-03-26T06:52:42.000+00:00
Adidas Harden Vol. 7,gen_854947772,5,positive,Great basketball shoe,Really happy with this purchase. Solid court feel. Smooth transitions. Runs a little heavy. Fits true to size.,Great basketball shoe. Really happy with this purchase. Solid court feel. Smooth transitions. Runs a little heavy. Fits true to size,great basketball shoe really happy with this purchase solid court feel smooth transitions runs a little heavy fits true to size,21,https://runrepeat.com/adidas-harden-vol-7,gen_995792,2025-11-24T06:52:42.000+00:00
Adidas Harden Vol. 7,gen_717102216,5,positive,Great basketball shoe,Been wearing these for a few months now. And great lockdown. Strong containment. Could be lighter. Fits true to size. Would buy again.,Great basketball shoe. Been wearing these for a few months now. And great lockdown. Strong containment. Could be lighter. Fits true to size. Would buy again,great basketball shoe been wearing these for a few months now and great lockdown strong containment could be lighter fits true to size would buy again,26,https://runrepeat.com/adidas-harden-vol-7,gen_995792,2025-11-20T06:52:42.000+00:00
Nike LeBron 21,gen_598258638,3,neutral,Mixed feelings,"Game-tested these for about 10 sessions. Strong overall performance. However, and a high price. Takes a few sessions to break in","Mixed feelings. Game-tested these for about 10 sessions. Strong overall performance. However, and a high price. Takes a few sessions to break in",mixed feelings game tested these for about 10 sessions strong overall performance however and a high price takes a few sessions to break in,24,https://runrepeat.com/nike-lebron-21,gen_733786,2025-03-19T06:52:42.000+00:00
Nike LeBron 21,gen_507460421,4,positive,Great basketball shoe,These shoes are solid. Excellent shock absorption and bounce. Strong overall performance. Sticky rubber outsole. Ordered my normal size and it fits perfectly.,Great basketball shoe. These shoes are solid. Excellent shock absorption and bounce. Strong overall performance. Sticky rubber outsole. Ordered my normal size and it fits perfectly,great basketball shoe these shoes are solid excellent shock absorption and bounce strong overall performance sticky rubber outsole ordered my normal size and it fits perfectly,26,https://runrepeat.com/nike-lebron-21,gen_733786,2025-05-17T06:52:42.000+00:00
Nike LeBron 21,gen_513206327,4,positive,Great basketball shoe,Advanced cushioning. Fantastic grip. Responsive cushioning. Fits true to size. Game changer for me.,Great basketball shoe. Advanced cushioning. Fantastic grip. Responsive cushioning. Fits true to size. Game changer for me,great basketball shoe advanced cushioning fantastic grip responsive cushioning fits true to size game changer for me,17,https://runrepeat.com/nike-lebron-21,gen_733786,2026-03-16T06:52:42.000+00:00
Nike LeBron 21,gen_158782241,4,positive,Highly recommend,Excellent shock absorption and bounce. And great stability. Impact protection is top notch. Ordered my normal size and it fits perfectly. Would buy again.,Highly recommend. Excellent shock absorption and bounce. And great stability. Impact protection is top notch. Ordered my normal size and it fits perfectly. Would buy again,highly recommend excellent shock absorption and bounce and great stability impact protection is top notch ordered my normal size and it fits perfectly would buy again,26,https://runrepeat.com/nike-lebron-21,gen_733786,2025-07-04T06:52:42.000+00:00
Nike LeBron 21,gen_826361949,4,positive,excellent shock absorption and bounce,Really happy with this purchase. Excellent shock absorption and bounce. Fantastic grip. Doesn't slow you down. Sizing is spot on. Would buy again.,excellent shock absorption and bounce. Really happy with this purchase. Excellent shock absorption and bounce. Fantastic grip. Doesn't slow you down. Sizing is spot on. Would buy again,excellent shock absorption and bounce really happy with this purchase excellent shock absorption and bounce fantastic grip doesn't slow you down sizing is spot on would buy again,28,https://runrepeat.com/nike-lebron-21,gen_733786,2024-11-30T06:52:42.000+00:00
Nike LeBron 21,gen_957449285,5,positive,Solid performance shoe,Strong overall performance. Fantastic grip. Traction is elite. Fits true to size. Highly recommend.,Solid performance shoe. Strong overall performance. Fantastic grip. Traction is elite. Fits true to size. Highly recommend,solid performance shoe strong overall performance fantastic grip traction is elite fits true to size highly recommend,17,https://runrepeat.com/nike-lebron-21,gen_733786,2025-05-22T06:52:42.000+00:00
Nike LeBron 21,gen_438795698,5,positive,Love these shoes,Advanced cushioning. Fantastic grip. Sticky rubber outsole. Ordered my normal size and it fits perfectly. Game changer for me.,Love these shoes. Advanced cushioning. Fantastic grip. Sticky rubber outsole. Ordered my normal size and it fits perfectly. Game changer for me,love these shoes advanced cushioning fantastic grip sticky rubber outsole ordered my normal size and it fits perfectly game changer for me,22,https://runrepeat.com/nike-lebron-21,gen_733786,2025-07-15T06:52:42.000+00:00
Nike LeBron 21,gen_103649555,5,positive,and great stability,"As a casual hooper, Fantastic grip. Excellent shock absorption and bounce. Impact protection is top notch.","and great stability. As a casual hooper, Fantastic grip. Excellent shock absorption and bounce. Impact protection is top notch",and great stability as a casual hooper fantastic grip excellent shock absorption and bounce impact protection is top notch,19,https://runrepeat.com/nike-lebron-21,gen_733786,2025-11-27T06:52:42.000+00:00
Nike LeBron 21,gen_655140294,5,positive,Worth it,I recommend these to my players. Advanced cushioning. Excellent shock absorption and bounce. Sticky rubber outsole. Ordered my normal size and it fits perfectly. Foot doesn't move at all.,Worth it. I recommend these to my players. Advanced cushioning. Excellent shock absorption and bounce. Sticky rubber outsole. Ordered my normal size and it fits perfectly. Foot doesn't move at all,worth it i recommend these to my players advanced cushioning excellent shock absorption and bounce sticky rubber outsole ordered my normal size and it fits perfectly foot doesn't move at all,31,https://runrepeat.com/nike-lebron-21,gen_733786,2025-04-08T06:52:42.000+00:00
Nike LeBron 21,gen_154334749,3,neutral,Has its pros and cons,"Premium materials. However, a long and rough break-in. Decent shoe overall but nothing special.","Has its pros and cons. Premium materials. However, a long and rough break-in. Decent shoe overall but nothing special",has its pros and cons premium materials however a long and rough break in decent shoe overall but nothing special,20,https://runrepeat.com/nike-lebron-21,gen_733786,2025-06-05T06:52:42.000+00:00
Nike LeBron 21,gen_581976933,5,positive,Love these shoes,Been wearing these for a few months now. Fantastic grip. Premium materials. Cushioning is insane. Super secure fit.,Love these shoes. Been wearing these for a few months now. Fantastic grip. Premium materials. Cushioning is insane. Super secure fit,love these shoes been wearing these for a few months now fantastic grip premium materials cushioning is insane super secure fit,21,https://runrepeat.com/nike-lebron-21,gen_733786,2025-09-15T06:52:42.000+00:00
Nike LeBron 21,gen_451734083,5,positive,Love these shoes,I recommend these to my players. Strong overall performance. Fantastic grip. Great grip on the court. One of my favorite basketball shoes.,Love these shoes. I recommend these to my players. Strong overall performance. Fantastic grip. Great grip on the court. One of my favorite basketball shoes,love these shoes i recommend these to my players strong overall performance fantastic grip great grip on the court one of my favorite basketball shoes,25,https://runrepeat.com/nike-lebron-21,gen_733786,2024-06-08T06:52:42.000+00:00
Nike LeBron 21,gen_164830831,4,positive,Worth it,Bought these for the season and have no regrets. Advanced cushioning. And great stability. Super lightweight. Fits true to size. Foot doesn't move at all.,Worth it. Bought these for the season and have no regrets. Advanced cushioning. And great stability. Super lightweight. Fits true to size. Foot doesn't move at all,worth it bought these for the season and have no regrets advanced cushioning and great stability super lightweight fits true to size foot doesn't move at all,27,https://runrepeat.com/nike-lebron-21,gen_733786,2025-08-23T06:52:42.000+00:00
Nike LeBron 21,gen_900907270,4,positive,Great basketball shoe,Bought these after my old pair died. Advanced cushioning. Premium materials. Doesn't slow you down. Sizing is spot on. No heel slip whatsoever. Game changer for me.,Great basketball shoe. Bought these after my old pair died. Advanced cushioning. Premium materials. Doesn't slow you down. Sizing is spot on. No heel slip whatsoever. Game changer for me,great basketball shoe bought these after my old pair died advanced cushioning premium materials doesn't slow you down sizing is spot on no heel slip whatsoever game changer for me,30,https://runrepeat.com/nike-lebron-21,gen_733786,2024-09-11T06:52:42.000+00:00
Nike LeBron 21,gen_547264062,4,positive,Highly recommend,Bought these after my old pair died. Excellent shock absorption and bounce. Advanced cushioning. Doesn't slow you down. Would buy again.,Highly recommend. Bought these after my old pair died. Excellent shock absorption and bounce. Advanced cushioning. Doesn't slow you down. Would buy again,highly recommend bought these after my old pair died excellent shock absorption and bounce advanced cushioning doesn't slow you down would buy again,23,https://runrepeat.com/nike-lebron-21,gen_733786,2025-02-03T06:52:42.000+00:00
Nike LeBron 21,gen_988452021,4,positive,premium materials,Excellent shock absorption and bounce. Advanced cushioning. Great grip on the court. Ordered my normal size and it fits perfectly. Stays locked through cuts.,premium materials. Excellent shock absorption and bounce. Advanced cushioning. Great grip on the court. Ordered my normal size and it fits perfectly. Stays locked through cuts,premium materials excellent shock absorption and bounce advanced cushioning great grip on the court ordered my normal size and it fits perfectly stays locked through cuts,26,https://runrepeat.com/nike-lebron-21,gen_733786,2026-02-01T06:52:42.000+00:00
Nike LeBron 21,gen_382073455,5,positive,Highly recommend,"Compared to my other pairs, Excellent shock absorption and bounce. Premium materials. Impact protection is top notch. Ordered my normal size and it fits perfectly. Stays locked through cuts. Best shoe I've played in this year.","Highly recommend. Compared to my other pairs, Excellent shock absorption and bounce. Premium materials. Impact protection is top notch. Ordered my normal size and it fits perfectly. Stays locked through cuts. Best shoe I've played in this year",highly recommend compared to my other pairs excellent shock absorption and bounce premium materials impact protection is top notch ordered my normal size and it fits perfectly stays locked through cuts best shoe i've played in this year,38,https://runrepeat.com/nike-lebron-21,gen_733786,2024-08-11T06:52:42.000+00:00
Nike LeBron 21,gen_393802260,5,positive,excellent shock absorption and bounce,I own about 30 pairs of basketball shoes and Strong overall performance. And great stability. Great underfoot feel. Foot doesn't move at all.,excellent shock absorption and bounce. I own about 30 pairs of basketball shoes and Strong overall performance. And great stability. Great underfoot feel. Foot doesn't move at all,excellent shock absorption and bounce i own about 30 pairs of basketball shoes and strong overall performance and great stability great underfoot feel foot doesn't move at all,28,https://runrepeat.com/nike-lebron-21,gen_733786,2025-02-20T06:52:42.000+00:00
Nike LeBron 21,gen_339245290,4,positive,Worth it,Excellent shock absorption and bounce. And great stability. Feels like running on clouds. Ordered my normal size and it fits perfectly. Highly recommend.,Worth it. Excellent shock absorption and bounce. And great stability. Feels like running on clouds. Ordered my normal size and it fits perfectly. Highly recommend,worth it excellent shock absorption and bounce and great stability feels like running on clouds ordered my normal size and it fits perfectly highly recommend,25,https://runrepeat.com/nike-lebron-21,gen_733786,2025-11-12T06:52:42.000+00:00
Nike LeBron 21,gen_671245245,4,positive,Solid performance shoe,Been wearing these for a few months now. Excellent shock absorption and bounce. And great stability. Responsive cushioning. No heel slip whatsoever. One of my favorite basketball shoes.,Solid performance shoe. Been wearing these for a few months now. Excellent shock absorption and bounce. And great stability. Responsive cushioning. No heel slip whatsoever. One of my favorite basketball shoes,solid performance shoe been wearing these for a few months now excellent shock absorption and bounce and great stability responsive cushioning no heel slip whatsoever one of my favorite basketball shoes,31,https://runrepeat.com/nike-lebron-21,gen_733786,2024-11-11T06:52:42.000+00:00
Nike Sabrina 1,gen_917312370,4,positive,Great basketball shoe,Forefoot bounce. Support. Feels almost weightless on foot. Sizing is spot on.,Great basketball shoe. Forefoot bounce. Support. Feels almost weightless on foot. Sizing is spot on,great basketball shoe forefoot bounce support feels almost weightless on foot sizing is spot on,15,https://runrepeat.com/nike-sabrina-1,gen_554430,2024-06-22T06:52:42.000+00:00
Nike Sabrina 1,gen_28841304,4,positive,Love these shoes,I own about 30 pairs of basketball shoes and Flexibility. Durable materials. Feels almost weightless on foot. Game changer for me.,Love these shoes. I own about 30 pairs of basketball shoes and Flexibility. Durable materials. Feels almost weightless on foot. Game changer for me,love these shoes i own about 30 pairs of basketball shoes and flexibility durable materials feels almost weightless on foot game changer for me,24,https://runrepeat.com/nike-sabrina-1,gen_554430,2026-03-01T06:52:42.000+00:00
Nike Sabrina 1,gen_982589679,4,positive,Love these shoes,Big sneaker collector here — And good grip. Flexibility. Doesn't slow you down. Ordered my normal size and it fits perfectly. Highly recommend.,Love these shoes. Big sneaker collector here — And good grip. Flexibility. Doesn't slow you down. Ordered my normal size and it fits perfectly. Highly recommend,love these shoes big sneaker collector here and good grip flexibility doesn't slow you down ordered my normal size and it fits perfectly highly recommend,25,https://runrepeat.com/nike-sabrina-1,gen_554430,2025-03-15T06:52:42.000+00:00
Nike Sabrina 1,gen_666128675,5,positive,court feel,Been wearing these for a few months now. Forefoot bounce. Support. Doesn't slow you down. Fits true to size. Foot doesn't move at all.,court feel. Been wearing these for a few months now. Forefoot bounce. Support. Doesn't slow you down. Fits true to size. Foot doesn't move at all,court feel been wearing these for a few months now forefoot bounce support doesn't slow you down fits true to size foot doesn't move at all,26,https://runrepeat.com/nike-sabrina-1,gen_554430,2024-12-23T06:52:42.000+00:00
Nike Sabrina 1,gen_728524773,4,positive,Highly recommend,Needed a new pair for the season and these delivered. Court feel. Durable materials. Feels almost weightless on foot. One of my favorite basketball shoes.,Highly recommend. Needed a new pair for the season and these delivered. Court feel. Durable materials. Feels almost weightless on foot. One of my favorite basketball shoes,highly recommend needed a new pair for the season and these delivered court feel durable materials feels almost weightless on foot one of my favorite basketball shoes,27,https://runrepeat.com/nike-sabrina-1,gen_554430,2024-11-19T06:52:42.000+00:00
Nike Sabrina 1,gen_318510425,5,positive,Worth it,I own about 30 pairs of basketball shoes and Court feel. Solid cushioning. Doesn't slow you down. Sizing is spot on.,Worth it. I own about 30 pairs of basketball shoes and Court feel. Solid cushioning. Doesn't slow you down. Sizing is spot on,worth it i own about 30 pairs of basketball shoes and court feel solid cushioning doesn't slow you down sizing is spot on,23,https://runrepeat.com/nike-sabrina-1,gen_554430,2024-05-18T06:52:42.000+00:00
Nike Sabrina 1,gen_363970817,4,positive,Best on the court,"Bought these for several players on my team, Forefoot bounce. Court feel. Super lightweight. Stays locked through cuts.","Best on the court. Bought these for several players on my team, Forefoot bounce. Court feel. Super lightweight. Stays locked through cuts",best on the court bought these for several players on my team forefoot bounce court feel super lightweight stays locked through cuts,22,https://runrepeat.com/nike-sabrina-1,gen_554430,2025-03-29T06:52:42.000+00:00
Nike Sabrina 1,gen_876347515,5,positive,solid cushioning,I play D3 ball and Durable materials. And good grip. Super lightweight. Sizing is spot on. Foot doesn't move at all. Best shoe I've played in this year.,solid cushioning. I play D3 ball and Durable materials. And good grip. Super lightweight. Sizing is spot on. Foot doesn't move at all. Best shoe I've played in this year,solid cushioning i play d3 ball and durable materials and good grip super lightweight sizing is spot on foot doesn't move at all best shoe i've played in this year,30,https://runrepeat.com/nike-sabrina-1,gen_554430,2024-12-26T06:52:42.000+00:00
Nike Sabrina 1,gen_686154318,4,positive,Worth it,And good grip. Support. Feels almost weightless on foot. Fits true to size. Best shoe I've played in this year.,Worth it. And good grip. Support. Feels almost weightless on foot. Fits true to size. Best shoe I've played in this year,worth it and good grip support feels almost weightless on foot fits true to size best shoe i've played in this year,22,https://runrepeat.com/nike-sabrina-1,gen_554430,2025-04-25T06:52:42.000+00:00
Nike Sabrina 1,gen_365250465,4,positive,Best on the court,I recommend these to my players. Support. And good grip. Feels almost weightless on foot. Sizing is spot on.,Best on the court. I recommend these to my players. Support. And good grip. Feels almost weightless on foot. Sizing is spot on,best on the court i recommend these to my players support and good grip feels almost weightless on foot sizing is spot on,23,https://runrepeat.com/nike-sabrina-1,gen_554430,2024-05-16T06:52:42.000+00:00
Nike Sabrina 1,gen_880811016,5,positive,Love these shoes,"Bought these for several players on my team, Support. Solid cushioning. Super lightweight.","Love these shoes. Bought these for several players on my team, Support. Solid cushioning. Super lightweight",love these shoes bought these for several players on my team support solid cushioning super lightweight,16,https://runrepeat.com/nike-sabrina-1,gen_554430,2025-03-14T06:52:42.000+00:00
Nike Sabrina 1,gen_285828818,4,positive,court feel,Been playing for 15 years and Durable materials. Solid cushioning. Feels almost weightless on foot. Best shoe I've played in this year.,court feel. Been playing for 15 years and Durable materials. Solid cushioning. Feels almost weightless on foot. Best shoe I've played in this year,court feel been playing for 15 years and durable materials solid cushioning feels almost weightless on foot best shoe i've played in this year,24,https://runrepeat.com/nike-sabrina-1,gen_554430,2025-07-19T06:52:42.000+00:00
Nike Sabrina 1,gen_726417154,4,positive,Highly recommend,Forefoot bounce. Great overall playability. Doesn't slow you down. Foot doesn't move at all. Game changer for me.,Highly recommend. Forefoot bounce. Great overall playability. Doesn't slow you down. Foot doesn't move at all. Game changer for me,highly recommend forefoot bounce great overall playability doesn't slow you down foot doesn't move at all game changer for me,20,https://runrepeat.com/nike-sabrina-1,gen_554430,2025-05-19T06:52:42.000+00:00
Nike Sabrina 1,gen_615248236,5,positive,Great basketball shoe,I play D3 ball and Solid cushioning. Forefoot bounce. Doesn't slow you down. Would buy again.,Great basketball shoe. I play D3 ball and Solid cushioning. Forefoot bounce. Doesn't slow you down. Would buy again,great basketball shoe i play d3 ball and solid cushioning forefoot bounce doesn't slow you down would buy again,19,https://runrepeat.com/nike-sabrina-1,gen_554430,2025-07-02T06:52:42.000+00:00
Nike Sabrina 1,gen_467229302,4,positive,Love these shoes,Needed a new pair for the season and these delivered. Forefoot bounce. Support. Doesn't slow you down.,Love these shoes. Needed a new pair for the season and these delivered. Forefoot bounce. Support. Doesn't slow you down,love these shoes needed a new pair for the season and these delivered forefoot bounce support doesn't slow you down,20,https://runrepeat.com/nike-sabrina-1,gen_554430,2025-10-25T06:52:42.000+00:00
Nike Sabrina 1,gen_768551333,5,positive,flexibility,Finally pulled the trigger on these and glad I did. And good grip. Durable materials. Doesn't slow you down.,flexibility. Finally pulled the trigger on these and glad I did. And good grip. Durable materials. Doesn't slow you down,flexibility finally pulled the trigger on these and glad i did and good grip durable materials doesn't slow you down,20,https://runrepeat.com/nike-sabrina-1,gen_554430,2026-04-13T06:52:42.000+00:00
Nike Sabrina 1,gen_921564827,3,neutral,Has its pros and cons,"Court feel. However, a narrow fit. Decent shoe overall but nothing special.","Has its pros and cons. Court feel. However, a narrow fit. Decent shoe overall but nothing special",has its pros and cons court feel however a narrow fit decent shoe overall but nothing special,17,https://runrepeat.com/nike-sabrina-1,gen_554430,2024-07-05T06:52:42.000+00:00
Nike Sabrina 1,gen_793821001,4,positive,Highly recommend,Really happy with this purchase. Court feel. Durable materials. Doesn't slow you down. Sizing is spot on. One of my favorite basketball shoes.,Highly recommend. Really happy with this purchase. Court feel. Durable materials. Doesn't slow you down. Sizing is spot on. One of my favorite basketball shoes,highly recommend really happy with this purchase court feel durable materials doesn't slow you down sizing is spot on one of my favorite basketball shoes,25,https://runrepeat.com/nike-sabrina-1,gen_554430,2025-06-24T06:52:42.000+00:00
Nike Sabrina 1,gen_874699179,4,positive,Highly recommend,Flexibility. Support. Feels almost weightless on foot. Ordered my normal size and it fits perfectly. Foot doesn't move at all. Would buy again.,Highly recommend. Flexibility. Support. Feels almost weightless on foot. Ordered my normal size and it fits perfectly. Foot doesn't move at all. Would buy again,highly recommend flexibility support feels almost weightless on foot ordered my normal size and it fits perfectly foot doesn't move at all would buy again,25,https://runrepeat.com/nike-sabrina-1,gen_554430,2026-04-16T06:52:42.000+00:00
Nike Sabrina 1,gen_606363716,4,positive,Solid performance shoe,Game-tested these for about 10 sessions. Support. And good grip. Doesn't slow you down. Super secure fit.,Solid performance shoe. Game-tested these for about 10 sessions. Support. And good grip. Doesn't slow you down. Super secure fit,solid performance shoe game tested these for about 10 sessions support and good grip doesn't slow you down super secure fit,21,https://runrepeat.com/nike-sabrina-1,gen_554430,2026-02-18T06:52:42.000+00:00
Nike LeBron 20,gen_682774449,4,positive,Worth it,Dependable bounce. Overall performance. Best shoe I've played in this year.,Worth it. Dependable bounce. Overall performance. Best shoe I've played in this year,worth it dependable bounce overall performance best shoe i've played in this year,13,https://runrepeat.com/nike-lebron-20,gen_713582,2025-12-29T06:52:42.000+00:00
Nike LeBron 20,gen_929910154,3,neutral,Decent but not perfect,"Bought these after my old pair died. Strong traction. However, limited outdoor suitability and the need for break-in. Stiff at first but loosens up nicely","Decent but not perfect. Bought these after my old pair died. Strong traction. However, limited outdoor suitability and the need for break-in. Stiff at first but loosens up nicely",decent but not perfect bought these after my old pair died strong traction however limited outdoor suitability and the need for break in stiff at first but loosens up nicely,30,https://runrepeat.com/nike-lebron-20,gen_713582,2024-11-06T06:52:42.000+00:00
Nike LeBron 20,gen_63843664,5,positive,Great basketball shoe,Bought these after my old pair died. Real court feel. Overall performance. Ordered my normal size and it fits perfectly. Best shoe I've played in this year.,Great basketball shoe. Bought these after my old pair died. Real court feel. Overall performance. Ordered my normal size and it fits perfectly. Best shoe I've played in this year,great basketball shoe bought these after my old pair died real court feel overall performance ordered my normal size and it fits perfectly best shoe i've played in this year,30,https://runrepeat.com/nike-lebron-20,gen_713582,2025-01-04T06:52:42.000+00:00
Nike LeBron 20,gen_972486380,5,positive,comfortable upper construction,These shoes are solid. Comfortable upper construction. Strong traction. Super secure fit.,comfortable upper construction. These shoes are solid. Comfortable upper construction. Strong traction. Super secure fit,comfortable upper construction these shoes are solid comfortable upper construction strong traction super secure fit,15,https://runrepeat.com/nike-lebron-20,gen_713582,2024-10-15T06:52:42.000+00:00
Nike LeBron 20,gen_385497009,5,positive,Great basketball shoe,As a coach I've seen a lot of shoes and Strong traction. And secure containment.,Great basketball shoe. As a coach I've seen a lot of shoes and Strong traction. And secure containment,great basketball shoe as a coach i've seen a lot of shoes and strong traction and secure containment,18,https://runrepeat.com/nike-lebron-20,gen_713582,2025-02-16T06:52:42.000+00:00
Nike LeBron 20,gen_317400480,3,neutral,Has its pros and cons,"Real court feel. However, limited outdoor suitability and the need for break-in. Takes a few sessions to break in","Has its pros and cons. Real court feel. However, limited outdoor suitability and the need for break-in. Takes a few sessions to break in",has its pros and cons real court feel however limited outdoor suitability and the need for break in takes a few sessions to break in,25,https://runrepeat.com/nike-lebron-20,gen_713582,2024-05-23T06:52:42.000+00:00
Nike LeBron 20,gen_611039351,4,positive,comfortable upper construction,Big sneaker collector here — Overall performance. Strong traction. Foot doesn't move at all.,comfortable upper construction. Big sneaker collector here — Overall performance. Strong traction. Foot doesn't move at all,comfortable upper construction big sneaker collector here overall performance strong traction foot doesn't move at all,16,https://runrepeat.com/nike-lebron-20,gen_713582,2025-09-06T06:52:42.000+00:00
Nike LeBron 20,gen_689937166,3,neutral,Decent but not perfect,"Bought these after my old pair died. Real court feel. However, limited outdoor suitability and the need for break-in. Needed about a week to feel natural","Decent but not perfect. Bought these after my old pair died. Real court feel. However, limited outdoor suitability and the need for break-in. Needed about a week to feel natural",decent but not perfect bought these after my old pair died real court feel however limited outdoor suitability and the need for break in needed about a week to feel natural,31,https://runrepeat.com/nike-lebron-20,gen_713582,2025-08-12T06:52:42.000+00:00
Nike LeBron 20,gen_14604884,3,neutral,Mixed feelings,"Bought these for my son and Comfortable upper construction. However, limited outdoor suitability and the need for break-in. Takes a few sessions to break in","Mixed feelings. Bought these for my son and Comfortable upper construction. However, limited outdoor suitability and the need for break-in. Takes a few sessions to break in",mixed feelings bought these for my son and comfortable upper construction however limited outdoor suitability and the need for break in takes a few sessions to break in,28,https://runrepeat.com/nike-lebron-20,gen_713582,2024-06-15T06:52:42.000+00:00
Nike LeBron 20,gen_624669185,3,neutral,Mixed feelings,"Overall performance. However, limited outdoor suitability and the need for break-in. Needed about a week to feel natural","Mixed feelings. Overall performance. However, limited outdoor suitability and the need for break-in. Needed about a week to feel natural",mixed feelings overall performance however limited outdoor suitability and the need for break in needed about a week to feel natural,21,https://runrepeat.com/nike-lebron-20,gen_713582,2026-02-13T06:52:42.000+00:00
Nike LeBron 20,gen_575489764,4,positive,Best on the court,And secure containment. Overall performance. Fits true to size. Would buy again.,Best on the court. And secure containment. Overall performance. Fits true to size. Would buy again,best on the court and secure containment overall performance fits true to size would buy again,16,https://runrepeat.com/nike-lebron-20,gen_713582,2026-02-24T06:52:42.000+00:00
Nike LeBron 20,gen_943064159,5,positive,Best on the court,Got these for my daughter and Dependable bounce. Top-tier impact protection.,Best on the court. Got these for my daughter and Dependable bounce. Top-tier impact protection,best on the court got these for my daughter and dependable bounce top tier impact protection,16,https://runrepeat.com/nike-lebron-20,gen_713582,2025-08-23T06:52:42.000+00:00
Nike LeBron 20,gen_635650176,5,positive,Highly recommend,Big sneaker collector here — Top-tier impact protection. Overall performance.,Highly recommend. Big sneaker collector here — Top-tier impact protection. Overall performance,highly recommend big sneaker collector here top tier impact protection overall performance,12,https://runrepeat.com/nike-lebron-20,gen_713582,2025-10-25T06:52:42.000+00:00
Nike LeBron 20,gen_262271233,4,positive,Worth it,Game-tested these for about 10 sessions. Comfortable upper construction. And secure containment. Ordered my normal size and it fits perfectly. No heel slip whatsoever. One of my favorite basketball shoes.,Worth it. Game-tested these for about 10 sessions. Comfortable upper construction. And secure containment. Ordered my normal size and it fits perfectly. No heel slip whatsoever. One of my favorite basketball shoes,worth it game tested these for about 10 sessions comfortable upper construction and secure containment ordered my normal size and it fits perfectly no heel slip whatsoever one of my favorite basketball shoes,33,https://runrepeat.com/nike-lebron-20,gen_713582,2025-04-02T06:52:42.000+00:00
Nike LeBron 20,gen_505350683,2,negative,Limited outdoor suitability and the need for break,I recommend these to my players. Limited outdoor suitability and the need for break-in. Expected more.,Limited outdoor suitability and the need for break. I recommend these to my players. Limited outdoor suitability and the need for break-in. Expected more,limited outdoor suitability and the need for break i recommend these to my players limited outdoor suitability and the need for break in expected more,25,https://runrepeat.com/nike-lebron-20,gen_713582,2025-11-26T06:52:42.000+00:00
Nike LeBron 20,gen_675348433,5,positive,Solid performance shoe,Dependable bounce. And secure containment. Fits true to size. Super secure fit.,Solid performance shoe. Dependable bounce. And secure containment. Fits true to size. Super secure fit,solid performance shoe dependable bounce and secure containment fits true to size super secure fit,15,https://runrepeat.com/nike-lebron-20,gen_713582,2025-01-17T06:52:42.000+00:00
Nike LeBron 20,gen_259144448,3,neutral,Has its pros and cons,"Overall performance. However, limited outdoor suitability and the need for break-in. Decent shoe overall but nothing special.","Has its pros and cons. Overall performance. However, limited outdoor suitability and the need for break-in. Decent shoe overall but nothing special",has its pros and cons overall performance however limited outdoor suitability and the need for break in decent shoe overall but nothing special,23,https://runrepeat.com/nike-lebron-20,gen_713582,2024-06-02T06:52:42.000+00:00
Nike LeBron 20,gen_569910436,5,positive,Best on the court,Needed a new pair for the season and these delivered. Comfortable upper construction. And secure containment.,Best on the court. Needed a new pair for the season and these delivered. Comfortable upper construction. And secure containment,best on the court needed a new pair for the season and these delivered comfortable upper construction and secure containment,20,https://runrepeat.com/nike-lebron-20,gen_713582,2025-05-17T06:52:42.000+00:00
Nike LeBron 20,gen_326804010,5,positive,Great basketball shoe,Overall performance. Comfortable upper construction. Best shoe I've played in this year.,Great basketball shoe. Overall performance. Comfortable upper construction. Best shoe I've played in this year,great basketball shoe overall performance comfortable upper construction best shoe i've played in this year,15,https://runrepeat.com/nike-lebron-20,gen_713582,2024-05-02T06:52:42.000+00:00
Nike LeBron 20,gen_977379501,3,neutral,Good not great,"And secure containment. However, limited outdoor suitability and the need for break-in. Decent shoe overall but nothing special.","Good not great. And secure containment. However, limited outdoor suitability and the need for break-in. Decent shoe overall but nothing special",good not great and secure containment however limited outdoor suitability and the need for break in decent shoe overall but nothing special,22,https://runrepeat.com/nike-lebron-20,gen_713582,2024-12-31T06:52:42.000+00:00
Nike LeBron Witness 7,gen_36653265,3,neutral,Has its pros and cons,"As a competitive player, And a nice look. However, and no outriggers. Stiff at first but loosens up nicely","Has its pros and cons. As a competitive player, And a nice look. However, and no outriggers. Stiff at first but loosens up nicely",has its pros and cons as a competitive player and a nice look however and no outriggers stiff at first but loosens up nicely,24,https://runrepeat.com/nike-lebron-witness-7,gen_825368,2025-08-02T06:52:42.000+00:00
Nike LeBron Witness 7,gen_420549924,4,positive,Worth it,Lateral stability. Good cushioning. Ordered my normal size and it fits perfectly.,Worth it. Lateral stability. Good cushioning. Ordered my normal size and it fits perfectly,worth it lateral stability good cushioning ordered my normal size and it fits perfectly,14,https://runrepeat.com/nike-lebron-witness-7,gen_825368,2024-10-14T06:52:42.000+00:00
Nike LeBron Witness 7,gen_670992194,4,positive,Best on the court,These shoes are solid. Effective grip. Breathable upper. Ordered my normal size and it fits perfectly. Foot doesn't move at all. Best shoe I've played in this year.,Best on the court. These shoes are solid. Effective grip. Breathable upper. Ordered my normal size and it fits perfectly. Foot doesn't move at all. Best shoe I've played in this year,best on the court these shoes are solid effective grip breathable upper ordered my normal size and it fits perfectly foot doesn't move at all best shoe i've played in this year,32,https://runrepeat.com/nike-lebron-witness-7,gen_825368,2025-01-11T06:52:42.000+00:00
Nike LeBron Witness 7,gen_233477516,5,positive,Great basketball shoe,And a nice look. Lateral stability. Fits true to size. Highly recommend.,Great basketball shoe. And a nice look. Lateral stability. Fits true to size. Highly recommend,great basketball shoe and a nice look lateral stability fits true to size highly recommend,15,https://runrepeat.com/nike-lebron-witness-7,gen_825368,2024-10-27T06:52:42.000+00:00
Nike LeBron Witness 7,gen_117546946,4,positive,Best on the court,Got these for my daughter and Outdoor utility. And a nice look. Lockdown is excellent. Would buy again.,Best on the court. Got these for my daughter and Outdoor utility. And a nice look. Lockdown is excellent. Would buy again,best on the court got these for my daughter and outdoor utility and a nice look lockdown is excellent would buy again,22,https://runrepeat.com/nike-lebron-witness-7,gen_825368,2025-10-08T06:52:42.000+00:00
Nike LeBron Witness 7,gen_730177045,4,positive,heel lockdown,My kid loves these shoes. Good cushioning. Comfortable fit. Would buy again.,heel lockdown. My kid loves these shoes. Good cushioning. Comfortable fit. Would buy again,heel lockdown my kid loves these shoes good cushioning comfortable fit would buy again,14,https://runrepeat.com/nike-lebron-witness-7,gen_825368,2025-06-19T06:52:42.000+00:00
Nike LeBron Witness 7,gen_60807031,5,positive,Worth it,"For rec league ball, Outdoor utility. Heel lockdown. Ordered my normal size and it fits perfectly. Foot doesn't move at all. Game changer for me.","Worth it. For rec league ball, Outdoor utility. Heel lockdown. Ordered my normal size and it fits perfectly. Foot doesn't move at all. Game changer for me",worth it for rec league ball outdoor utility heel lockdown ordered my normal size and it fits perfectly foot doesn't move at all game changer for me,27,https://runrepeat.com/nike-lebron-witness-7,gen_825368,2024-07-01T06:52:42.000+00:00
Nike LeBron Witness 7,gen_483251090,4,positive,Best on the court,Breathable upper. Good cushioning. One of my favorite basketball shoes.,Best on the court. Breathable upper. Good cushioning. One of my favorite basketball shoes,best on the court breathable upper good cushioning one of my favorite basketball shoes,14,https://runrepeat.com/nike-lebron-witness-7,gen_825368,2026-03-06T06:52:42.000+00:00
Nike LeBron Witness 7,gen_807527662,5,positive,Worth it,Effective grip. Good cushioning. Foot doesn't move at all. Game changer for me.,Worth it. Effective grip. Good cushioning. Foot doesn't move at all. Game changer for me,worth it effective grip good cushioning foot doesn't move at all game changer for me,15,https://runrepeat.com/nike-lebron-witness-7,gen_825368,2026-02-03T06:52:42.000+00:00
Nike LeBron Witness 7,gen_753286036,3,neutral,Has its pros and cons,"Outdoor utility. However, and no outriggers. Stiff at first but loosens up nicely","Has its pros and cons. Outdoor utility. However, and no outriggers. Stiff at first but loosens up nicely",has its pros and cons outdoor utility however and no outriggers stiff at first but loosens up nicely,18,https://runrepeat.com/nike-lebron-witness-7,gen_825368,2025-03-25T06:52:42.000+00:00
Nike LeBron Witness 7,gen_4706720,4,positive,comfortable fit,Effective grip. And a nice look. Fits true to size. Stays locked through cuts.,comfortable fit. Effective grip. And a nice look. Fits true to size. Stays locked through cuts,comfortable fit effective grip and a nice look fits true to size stays locked through cuts,16,https://runrepeat.com/nike-lebron-witness-7,gen_825368,2025-03-12T06:52:42.000+00:00
Nike LeBron Witness 7,gen_977924851,5,positive,Great basketball shoe,Just finished my third week in these. Lateral stability. Heel lockdown.,Great basketball shoe. Just finished my third week in these. Lateral stability. Heel lockdown,great basketball shoe just finished my third week in these lateral stability heel lockdown,14,https://runrepeat.com/nike-lebron-witness-7,gen_825368,2024-06-15T06:52:42.000+00:00
Nike LeBron Witness 7,gen_443263491,4,positive,Great basketball shoe,I own about 30 pairs of basketball shoes and Good cushioning. Effective grip. Sizing is spot on.,Great basketball shoe. I own about 30 pairs of basketball shoes and Good cushioning. Effective grip. Sizing is spot on,great basketball shoe i own about 30 pairs of basketball shoes and good cushioning effective grip sizing is spot on,20,https://runrepeat.com/nike-lebron-witness-7,gen_825368,2025-03-20T06:52:42.000+00:00
Nike LeBron Witness 7,gen_974469637,4,positive,Love these shoes,"For rec league ball, And a nice look. Comfortable fit. Lockdown is excellent. Game changer for me.","Love these shoes. For rec league ball, And a nice look. Comfortable fit. Lockdown is excellent. Game changer for me",love these shoes for rec league ball and a nice look comfortable fit lockdown is excellent game changer for me,20,https://runrepeat.com/nike-lebron-witness-7,gen_825368,2024-09-29T06:52:42.000+00:00
Nike LeBron Witness 7,gen_850871124,5,positive,Great basketball shoe,"As a casual hooper, Good cushioning. Heel lockdown. No heel slip whatsoever. Game changer for me.","Great basketball shoe. As a casual hooper, Good cushioning. Heel lockdown. No heel slip whatsoever. Game changer for me",great basketball shoe as a casual hooper good cushioning heel lockdown no heel slip whatsoever game changer for me,19,https://runrepeat.com/nike-lebron-witness-7,gen_825368,2025-03-21T06:52:42.000+00:00
Nike LeBron Witness 7,gen_768016539,5,positive,Worth it,Comfortable fit. Lateral stability. Fits true to size. Super secure fit. Highly recommend.,Worth it. Comfortable fit. Lateral stability. Fits true to size. Super secure fit. Highly recommend,worth it comfortable fit lateral stability fits true to size super secure fit highly recommend,15,https://runrepeat.com/nike-lebron-witness-7,gen_825368,2025-11-02T06:52:42.000+00:00
Nike LeBron Witness 7,gen_621624994,5,positive,Love these shoes,I recommend these to my players. Lateral stability. Comfortable fit. Best shoe I've played in this year.,Love these shoes. I recommend these to my players. Lateral stability. Comfortable fit. Best shoe I've played in this year,love these shoes i recommend these to my players lateral stability comfortable fit best shoe i've played in this year,20,https://runrepeat.com/nike-lebron-witness-7,gen_825368,2025-10-04T06:52:42.000+00:00
Nike LeBron Witness 7,gen_477802436,4,positive,Great basketball shoe,Been playing for 15 years and Lateral stability. Outdoor utility. One of my favorite basketball shoes.,Great basketball shoe. Been playing for 15 years and Lateral stability. Outdoor utility. One of my favorite basketball shoes,great basketball shoe been playing for 15 years and lateral stability outdoor utility one of my favorite basketball shoes,19,https://runrepeat.com/nike-lebron-witness-7,gen_825368,2025-02-06T06:52:42.000+00:00
Nike LeBron Witness 7,gen_734785641,4,positive,Love these shoes,And a nice look. Comfortable fit. Sizing is spot on. Game changer for me.,Love these shoes. And a nice look. Comfortable fit. Sizing is spot on. Game changer for me,love these shoes and a nice look comfortable fit sizing is spot on game changer for me,17,https://runrepeat.com/nike-lebron-witness-7,gen_825368,2024-09-10T06:52:42.000+00:00
Nike LeBron Witness 7,gen_638201370,4,positive,Love these shoes,As a coach I've seen a lot of shoes and Lateral stability. Effective grip. Stays locked through cuts. Best shoe I've played in this year.,Love these shoes. As a coach I've seen a lot of shoes and Lateral stability. Effective grip. Stays locked through cuts. Best shoe I've played in this year,love these shoes as a coach i've seen a lot of shoes and lateral stability effective grip stays locked through cuts best shoe i've played in this year,28,https://runrepeat.com/nike-lebron-witness-7,gen_825368,2026-03-26T06:52:42.000+00:00
Jordan Luka 1,gen_402954835,5,positive,Solid performance shoe,Big sneaker collector here — And no required break-in. Simple but effective lockdown. Doesn't slow you down. Foot doesn't move at all.,Solid performance shoe. Big sneaker collector here — And no required break-in. Simple but effective lockdown. Doesn't slow you down. Foot doesn't move at all,solid performance shoe big sneaker collector here and no required break in simple but effective lockdown doesn't slow you down foot doesn't move at all,25,https://runrepeat.com/jordan-luka-1,gen_308360,2025-04-24T06:52:42.000+00:00
Jordan Luka 1,gen_665286563,4,positive,Worth it,"Compared to my other pairs, And no required break-in. Breathable comfort. Feels almost weightless on foot. One of my favorite basketball shoes.","Worth it. Compared to my other pairs, And no required break-in. Breathable comfort. Feels almost weightless on foot. One of my favorite basketball shoes",worth it compared to my other pairs and no required break in breathable comfort feels almost weightless on foot one of my favorite basketball shoes,25,https://runrepeat.com/jordan-luka-1,gen_308360,2025-09-07T06:52:42.000+00:00
Jordan Luka 1,gen_101223357,4,positive,Worth it,Impact protection. Breathable comfort. Feels almost weightless on foot. Ordered my normal size and it fits perfectly. One of my favorite basketball shoes.,Worth it. Impact protection. Breathable comfort. Feels almost weightless on foot. Ordered my normal size and it fits perfectly. One of my favorite basketball shoes,worth it impact protection breathable comfort feels almost weightless on foot ordered my normal size and it fits perfectly one of my favorite basketball shoes,25,https://runrepeat.com/jordan-luka-1,gen_308360,2026-03-28T06:52:42.000+00:00
Jordan Luka 1,gen_757470616,4,positive,Great basketball shoe,Traction. Impact protection. Feels almost weightless on foot. Sizing is spot on. One of my favorite basketball shoes.,Great basketball shoe. Traction. Impact protection. Feels almost weightless on foot. Sizing is spot on. One of my favorite basketball shoes,great basketball shoe traction impact protection feels almost weightless on foot sizing is spot on one of my favorite basketball shoes,21,https://runrepeat.com/jordan-luka-1,gen_308360,2024-12-21T06:52:42.000+00:00
Jordan Luka 1,gen_128521776,4,positive,Solid performance shoe,As a coach I've seen a lot of shoes and Traction. And no required break-in. Super lightweight.,Solid performance shoe. As a coach I've seen a lot of shoes and Traction. And no required break-in. Super lightweight,solid performance shoe as a coach i've seen a lot of shoes and traction and no required break in super lightweight,21,https://runrepeat.com/jordan-luka-1,gen_308360,2025-11-05T06:52:42.000+00:00
Jordan Luka 1,gen_462077993,5,positive,Highly recommend,I own about 30 pairs of basketball shoes and Energy return. Simple but effective lockdown. Feels almost weightless on foot. No heel slip whatsoever.,Highly recommend. I own about 30 pairs of basketball shoes and Energy return. Simple but effective lockdown. Feels almost weightless on foot. No heel slip whatsoever,highly recommend i own about 30 pairs of basketball shoes and energy return simple but effective lockdown feels almost weightless on foot no heel slip whatsoever,26,https://runrepeat.com/jordan-luka-1,gen_308360,2025-10-14T06:52:42.000+00:00
Jordan Luka 1,gen_128043133,5,positive,Worth it,"Bought these for several players on my team, Simple but effective lockdown. Impact protection. Feels almost weightless on foot. Foot doesn't move at all. Highly recommend.","Worth it. Bought these for several players on my team, Simple but effective lockdown. Impact protection. Feels almost weightless on foot. Foot doesn't move at all. Highly recommend",worth it bought these for several players on my team simple but effective lockdown impact protection feels almost weightless on foot foot doesn't move at all highly recommend,28,https://runrepeat.com/jordan-luka-1,gen_308360,2024-09-08T06:52:42.000+00:00
Jordan Luka 1,gen_460398919,3,neutral,Decent but not perfect,"Big sneaker collector here — Impact protection. However, cheap-feeling materials and weak streetball suitability. Takes a few sessions to break in","Decent but not perfect. Big sneaker collector here — Impact protection. However, cheap-feeling materials and weak streetball suitability. Takes a few sessions to break in",decent but not perfect big sneaker collector here impact protection however cheap feeling materials and weak streetball suitability takes a few sessions to break in,25,https://runrepeat.com/jordan-luka-1,gen_308360,2025-07-28T06:52:42.000+00:00
Jordan Luka 1,gen_204430161,4,positive,and no required break-in,Simple but effective lockdown. Breathable comfort. Doesn't slow you down. Fits true to size. No heel slip whatsoever.,and no required break-in. Simple but effective lockdown. Breathable comfort. Doesn't slow you down. Fits true to size. No heel slip whatsoever,and no required break in simple but effective lockdown breathable comfort doesn't slow you down fits true to size no heel slip whatsoever,23,https://runrepeat.com/jordan-luka-1,gen_308360,2024-06-02T06:52:42.000+00:00
Jordan Luka 1,gen_633010311,5,positive,and no required break-in,And no required break-in. Impact protection. Feels almost weightless on foot. Sizing is spot on. Super secure fit.,and no required break-in. And no required break-in. Impact protection. Feels almost weightless on foot. Sizing is spot on. Super secure fit,and no required break in and no required break in impact protection feels almost weightless on foot sizing is spot on super secure fit,24,https://runrepeat.com/jordan-luka-1,gen_308360,2024-11-15T06:52:42.000+00:00
Jordan Luka 1,gen_140136971,4,positive,Solid performance shoe,Big sneaker collector here — Breathable comfort. Impact protection. Feels almost weightless on foot.,Solid performance shoe. Big sneaker collector here — Breathable comfort. Impact protection. Feels almost weightless on foot,solid performance shoe big sneaker collector here breathable comfort impact protection feels almost weightless on foot,16,https://runrepeat.com/jordan-luka-1,gen_308360,2025-10-27T06:52:42.000+00:00
Jordan Luka 1,gen_713697100,4,positive,Highly recommend,I recommend these to my players. Energy return. Breathable comfort. Doesn't slow you down. Sizing is spot on. Would buy again.,Highly recommend. I recommend these to my players. Energy return. Breathable comfort. Doesn't slow you down. Sizing is spot on. Would buy again,highly recommend i recommend these to my players energy return breathable comfort doesn't slow you down sizing is spot on would buy again,23,https://runrepeat.com/jordan-luka-1,gen_308360,2025-03-25T06:52:42.000+00:00
Jordan Luka 1,gen_140454856,4,positive,Best on the court,Tried these on a whim and they're now my go-to. Breathable comfort. Impact protection. Super lightweight. Highly recommend.,Best on the court. Tried these on a whim and they're now my go-to. Breathable comfort. Impact protection. Super lightweight. Highly recommend,best on the court tried these on a whim and they're now my go to breathable comfort impact protection super lightweight highly recommend,23,https://runrepeat.com/jordan-luka-1,gen_308360,2025-07-15T06:52:42.000+00:00
Jordan Luka 1,gen_974837540,3,neutral,Good not great,"Big sneaker collector here — Simple but effective lockdown. However, cheap-feeling materials and weak streetball suitability. Takes a few sessions to break in","Good not great. Big sneaker collector here — Simple but effective lockdown. However, cheap-feeling materials and weak streetball suitability. Takes a few sessions to break in",good not great big sneaker collector here simple but effective lockdown however cheap feeling materials and weak streetball suitability takes a few sessions to break in,26,https://runrepeat.com/jordan-luka-1,gen_308360,2024-09-13T06:52:42.000+00:00
Jordan Luka 1,gen_115295834,5,positive,Love these shoes,These shoes are solid. And no required break-in. Breathable comfort. Doesn't slow you down. Sizing is spot on. Foot doesn't move at all. Highly recommend.,Love these shoes. These shoes are solid. And no required break-in. Breathable comfort. Doesn't slow you down. Sizing is spot on. Foot doesn't move at all. Highly recommend,love these shoes these shoes are solid and no required break in breathable comfort doesn't slow you down sizing is spot on foot doesn't move at all highly recommend,29,https://runrepeat.com/jordan-luka-1,gen_308360,2025-01-17T06:52:42.000+00:00
Jordan Luka 1,gen_128519533,4,positive,Love these shoes,Impact protection. And no required break-in. Doesn't slow you down. Stays locked through cuts.,Love these shoes. Impact protection. And no required break-in. Doesn't slow you down. Stays locked through cuts,love these shoes impact protection and no required break in doesn't slow you down stays locked through cuts,18,https://runrepeat.com/jordan-luka-1,gen_308360,2025-11-04T06:52:42.000+00:00
Jordan Luka 1,gen_249037893,5,positive,Highly recommend,Simple but effective lockdown. Energy return. Doesn't slow you down. Ordered my normal size and it fits perfectly. Super secure fit. One of my favorite basketball shoes.,Highly recommend. Simple but effective lockdown. Energy return. Doesn't slow you down. Ordered my normal size and it fits perfectly. Super secure fit. One of my favorite basketball shoes,highly recommend simple but effective lockdown energy return doesn't slow you down ordered my normal size and it fits perfectly super secure fit one of my favorite basketball shoes,29,https://runrepeat.com/jordan-luka-1,gen_308360,2024-11-12T06:52:42.000+00:00
Jordan Luka 1,gen_616876100,4,positive,and no required break-in,"For rec league ball, Traction. Energy return. Doesn't slow you down. Fits true to size. Super secure fit.","and no required break-in. For rec league ball, Traction. Energy return. Doesn't slow you down. Fits true to size. Super secure fit",and no required break in for rec league ball traction energy return doesn't slow you down fits true to size super secure fit,23,https://runrepeat.com/jordan-luka-1,gen_308360,2024-05-30T06:52:42.000+00:00
Jordan Luka 1,gen_637157689,4,positive,Solid performance shoe,Finally pulled the trigger on these and glad I did. Breathable comfort. And no required break-in. Super lightweight. Best shoe I've played in this year.,Solid performance shoe. Finally pulled the trigger on these and glad I did. Breathable comfort. And no required break-in. Super lightweight. Best shoe I've played in this year,solid performance shoe finally pulled the trigger on these and glad i did breathable comfort and no required break in super lightweight best shoe i've played in this year,29,https://runrepeat.com/jordan-luka-1,gen_308360,2025-07-12T06:52:42.000+00:00
Jordan Luka 1,gen_383632648,5,positive,Love these shoes,These shoes are solid. And no required break-in. Traction. Doesn't slow you down.,Love these shoes. These shoes are solid. And no required break-in. Traction. Doesn't slow you down,love these shoes these shoes are solid and no required break in traction doesn't slow you down,17,https://runrepeat.com/jordan-luka-1,gen_308360,2026-02-17T06:52:42.000+00:00
Adidas D.O.N. Issue 7,gen_429431408,5,positive,Highly recommend,Bought these for the season and have no regrets. Outsole grip. A wide stable platform. Never slipped once. Ordered my normal size and it fits perfectly. Game changer for me.,Highly recommend. Bought these for the season and have no regrets. Outsole grip. A wide stable platform. Never slipped once. Ordered my normal size and it fits perfectly. Game changer for me,highly recommend bought these for the season and have no regrets outsole grip a wide stable platform never slipped once ordered my normal size and it fits perfectly game changer for me,32,https://runrepeat.com/adidas-don-issue-7,gen_418663,2024-07-21T06:52:42.000+00:00
Adidas D.O.N. Issue 7,gen_271740942,4,positive,Worth it,Really happy with this purchase. Outsole grip. Support. Feels like running on clouds. Ordered my normal size and it fits perfectly. No heel slip whatsoever. One of my favorite basketball shoes.,Worth it. Really happy with this purchase. Outsole grip. Support. Feels like running on clouds. Ordered my normal size and it fits perfectly. No heel slip whatsoever. One of my favorite basketball shoes,worth it really happy with this purchase outsole grip support feels like running on clouds ordered my normal size and it fits perfectly no heel slip whatsoever one of my favorite basketball shoes,33,https://runrepeat.com/adidas-don-issue-7,gen_418663,2025-12-20T06:52:42.000+00:00
Adidas D.O.N. Issue 7,gen_964510009,5,positive,Worth it,Really happy with this purchase. And improved forefoot flexibility. Outsole grip. Traction is elite. Sizing is spot on. Foot doesn't move at all.,Worth it. Really happy with this purchase. And improved forefoot flexibility. Outsole grip. Traction is elite. Sizing is spot on. Foot doesn't move at all,worth it really happy with this purchase and improved forefoot flexibility outsole grip traction is elite sizing is spot on foot doesn't move at all,25,https://runrepeat.com/adidas-don-issue-7,gen_418663,2024-05-29T06:52:42.000+00:00
Adidas D.O.N. Issue 7,gen_419660429,4,positive,Great basketball shoe,Support. Balanced cushioning and court feel. Sticky rubber outsole. Game changer for me.,Great basketball shoe. Support. Balanced cushioning and court feel. Sticky rubber outsole. Game changer for me,great basketball shoe support balanced cushioning and court feel sticky rubber outsole game changer for me,16,https://runrepeat.com/adidas-don-issue-7,gen_418663,2024-07-31T06:52:42.000+00:00
Adidas D.O.N. Issue 7,gen_297806685,4,positive,Solid performance shoe,"As a competitive player, Support. Outsole grip. Absorbs landings beautifully. No heel slip whatsoever. Would buy again.","Solid performance shoe. As a competitive player, Support. Outsole grip. Absorbs landings beautifully. No heel slip whatsoever. Would buy again",solid performance shoe as a competitive player support outsole grip absorbs landings beautifully no heel slip whatsoever would buy again,20,https://runrepeat.com/adidas-don-issue-7,gen_418663,2025-08-12T06:52:42.000+00:00
Adidas D.O.N. Issue 7,gen_878708499,5,positive,Worth it,"As a casual hooper, Softer underfoot feel. And improved forefoot flexibility. Never slipped once.","Worth it. As a casual hooper, Softer underfoot feel. And improved forefoot flexibility. Never slipped once",worth it as a casual hooper softer underfoot feel and improved forefoot flexibility never slipped once,16,https://runrepeat.com/adidas-don-issue-7,gen_418663,2024-06-17T06:52:42.000+00:00
Adidas D.O.N. Issue 7,gen_679944700,4,positive,Highly recommend,Finally pulled the trigger on these and glad I did. A wide stable platform. Outsole grip. Super lightweight. Highly recommend.,Highly recommend. Finally pulled the trigger on these and glad I did. A wide stable platform. Outsole grip. Super lightweight. Highly recommend,highly recommend finally pulled the trigger on these and glad i did a wide stable platform outsole grip super lightweight highly recommend,22,https://runrepeat.com/adidas-don-issue-7,gen_418663,2025-08-19T06:52:42.000+00:00
Adidas D.O.N. Issue 7,gen_717992565,5,positive,Worth it,I own about 30 pairs of basketball shoes and A wide stable platform. And improved forefoot flexibility. Great grip on the court. Ordered my normal size and it fits perfectly. Would buy again.,Worth it. I own about 30 pairs of basketball shoes and A wide stable platform. And improved forefoot flexibility. Great grip on the court. Ordered my normal size and it fits perfectly. Would buy again,worth it i own about 30 pairs of basketball shoes and a wide stable platform and improved forefoot flexibility great grip on the court ordered my normal size and it fits perfectly would buy again,35,https://runrepeat.com/adidas-don-issue-7,gen_418663,2024-12-26T06:52:42.000+00:00
Adidas D.O.N. Issue 7,gen_578651298,5,positive,Great basketball shoe,Big sneaker collector here — Support. Outsole grip. Doesn't slow you down. Sizing is spot on.,Great basketball shoe. Big sneaker collector here — Support. Outsole grip. Doesn't slow you down. Sizing is spot on,great basketball shoe big sneaker collector here support outsole grip doesn't slow you down sizing is spot on,18,https://runrepeat.com/adidas-don-issue-7,gen_418663,2024-11-25T06:52:42.000+00:00
Adidas D.O.N. Issue 7,gen_855710968,5,positive,Solid performance shoe,"Bought these for several players on my team, Softer underfoot feel. And improved forefoot flexibility. Great grip on the court. Sizing is spot on. Foot doesn't move at all.","Solid performance shoe. Bought these for several players on my team, Softer underfoot feel. And improved forefoot flexibility. Great grip on the court. Sizing is spot on. Foot doesn't move at all",solid performance shoe bought these for several players on my team softer underfoot feel and improved forefoot flexibility great grip on the court sizing is spot on foot doesn't move at all,32,https://runrepeat.com/adidas-don-issue-7,gen_418663,2025-11-14T06:52:42.000+00:00
Adidas D.O.N. Issue 7,gen_882542456,5,positive,Love these shoes,And improved forefoot flexibility. Outsole grip. Never slipped once.,Love these shoes. And improved forefoot flexibility. Outsole grip. Never slipped once,love these shoes and improved forefoot flexibility outsole grip never slipped once,12,https://runrepeat.com/adidas-don-issue-7,gen_418663,2026-02-22T06:52:42.000+00:00
Adidas D.O.N. Issue 7,gen_985322568,3,neutral,Good not great,"Needed a new pair for the season and these delivered. Softer underfoot feel. However, extra weight. Stiff at first but loosens up nicely","Good not great. Needed a new pair for the season and these delivered. Softer underfoot feel. However, extra weight. Stiff at first but loosens up nicely",good not great needed a new pair for the season and these delivered softer underfoot feel however extra weight stiff at first but loosens up nicely,26,https://runrepeat.com/adidas-don-issue-7,gen_418663,2024-06-09T06:52:42.000+00:00
Adidas D.O.N. Issue 7,gen_729294058,5,positive,Worth it,I play D3 ball and Support. Outsole grip. Great grip on the court. Sizing is spot on.,Worth it. I play D3 ball and Support. Outsole grip. Great grip on the court. Sizing is spot on,worth it i play d3 ball and support outsole grip great grip on the court sizing is spot on,19,https://runrepeat.com/adidas-don-issue-7,gen_418663,2025-07-31T06:52:42.000+00:00
Adidas D.O.N. Issue 7,gen_104260517,4,positive,Love these shoes,And improved forefoot flexibility. Outsole grip. Super lightweight. No heel slip whatsoever. Highly recommend.,Love these shoes. And improved forefoot flexibility. Outsole grip. Super lightweight. No heel slip whatsoever. Highly recommend,love these shoes and improved forefoot flexibility outsole grip super lightweight no heel slip whatsoever highly recommend,17,https://runrepeat.com/adidas-don-issue-7,gen_418663,2025-07-27T06:52:42.000+00:00
Adidas D.O.N. Issue 7,gen_853178428,3,neutral,Okay shoe overall,"Outsole grip. However, fragile inner mesh. Needed about a week to feel natural","Okay shoe overall. Outsole grip. However, fragile inner mesh. Needed about a week to feel natural",okay shoe overall outsole grip however fragile inner mesh needed about a week to feel natural,16,https://runrepeat.com/adidas-don-issue-7,gen_418663,2025-04-11T06:52:42.000+00:00
Adidas D.O.N. Issue 7,gen_652965753,3,neutral,Good not great,"And improved forefoot flexibility. However, and weak breathability. Takes a few sessions to break in","Good not great. And improved forefoot flexibility. However, and weak breathability. Takes a few sessions to break in",good not great and improved forefoot flexibility however and weak breathability takes a few sessions to break in,18,https://runrepeat.com/adidas-don-issue-7,gen_418663,2025-09-01T06:52:42.000+00:00
Adidas D.O.N. Issue 7,gen_957022606,5,positive,Best on the court,I play pickup 3x a week and Support. Outsole grip. Feels like running on clouds. Fits true to size. Lockdown is excellent. Game changer for me.,Best on the court. I play pickup 3x a week and Support. Outsole grip. Feels like running on clouds. Fits true to size. Lockdown is excellent. Game changer for me,best on the court i play pickup 3x a week and support outsole grip feels like running on clouds fits true to size lockdown is excellent game changer for me,30,https://runrepeat.com/adidas-don-issue-7,gen_418663,2025-09-05T06:52:42.000+00:00
Adidas D.O.N. Issue 7,gen_163053114,5,positive,Highly recommend,Really happy with this purchase. Softer underfoot feel. A wide stable platform. Traction is elite. Best shoe I've played in this year.,Highly recommend. Really happy with this purchase. Softer underfoot feel. A wide stable platform. Traction is elite. Best shoe I've played in this year,highly recommend really happy with this purchase softer underfoot feel a wide stable platform traction is elite best shoe i've played in this year,24,https://runrepeat.com/adidas-don-issue-7,gen_418663,2026-03-06T06:52:42.000+00:00
Adidas D.O.N. Issue 7,gen_77113187,5,positive,Great basketball shoe,A wide stable platform. And improved forefoot flexibility. Traction is elite. Foot doesn't move at all. One of my favorite basketball shoes.,Great basketball shoe. A wide stable platform. And improved forefoot flexibility. Traction is elite. Foot doesn't move at all. One of my favorite basketball shoes,great basketball shoe a wide stable platform and improved forefoot flexibility traction is elite foot doesn't move at all one of my favorite basketball shoes,25,https://runrepeat.com/adidas-don-issue-7,gen_418663,2024-07-24T06:52:42.000+00:00
Adidas D.O.N. Issue 7,gen_216792240,5,positive,Solid performance shoe,Just finished my third week in these. And improved forefoot flexibility. Softer underfoot feel. Super lightweight. No heel slip whatsoever. Best shoe I've played in this year.,Solid performance shoe. Just finished my third week in these. And improved forefoot flexibility. Softer underfoot feel. Super lightweight. No heel slip whatsoever. Best shoe I've played in this year,solid performance shoe just finished my third week in these and improved forefoot flexibility softer underfoot feel super lightweight no heel slip whatsoever best shoe i've played in this year,30,https://runrepeat.com/adidas-don-issue-7,gen_418663,2025-05-03T06:52:42.000+00:00
Nike G.T. Hustle 2,gen_264907486,4,positive,Worth it,And good traction on clean courts. Flexibility. Super lightweight. Foot doesn't move at all. One of my favorite basketball shoes.,Worth it. And good traction on clean courts. Flexibility. Super lightweight. Foot doesn't move at all. One of my favorite basketball shoes,worth it and good traction on clean courts flexibility super lightweight foot doesn't move at all one of my favorite basketball shoes,22,https://runrepeat.com/nike-gt-hustle-2,gen_185505,2025-06-04T06:52:42.000+00:00
Nike G.T. Hustle 2,gen_82706459,3,neutral,Mixed feelings,"My kid loves these shoes. Outstanding court feel. However, low support. Needed about a week to feel natural","Mixed feelings. My kid loves these shoes. Outstanding court feel. However, low support. Needed about a week to feel natural",mixed feelings my kid loves these shoes outstanding court feel however low support needed about a week to feel natural,20,https://runrepeat.com/nike-gt-hustle-2,gen_185505,2025-12-04T06:52:42.000+00:00
Nike G.T. Hustle 2,gen_134928115,5,positive,Great basketball shoe,Been playing for 15 years and Flexibility. Grounded responsiveness. Feels almost weightless on foot. Sizing is spot on. One of my favorite basketball shoes.,Great basketball shoe. Been playing for 15 years and Flexibility. Grounded responsiveness. Feels almost weightless on foot. Sizing is spot on. One of my favorite basketball shoes,great basketball shoe been playing for 15 years and flexibility grounded responsiveness feels almost weightless on foot sizing is spot on one of my favorite basketball shoes,27,https://runrepeat.com/nike-gt-hustle-2,gen_185505,2025-01-03T06:52:42.000+00:00
Nike G.T. Hustle 2,gen_599669463,4,positive,grounded responsiveness,"As a casual hooper, Grounded responsiveness. Smooth ride. Super lightweight. Sizing is spot on. Foot doesn't move at all.","grounded responsiveness. As a casual hooper, Grounded responsiveness. Smooth ride. Super lightweight. Sizing is spot on. Foot doesn't move at all",grounded responsiveness as a casual hooper grounded responsiveness smooth ride super lightweight sizing is spot on foot doesn't move at all,21,https://runrepeat.com/nike-gt-hustle-2,gen_185505,2025-03-13T06:52:42.000+00:00
Nike G.T. Hustle 2,gen_71072438,4,positive,Great basketball shoe,Bought these for my son and Its low weight. Flexibility. Feels almost weightless on foot. Highly recommend.,Great basketball shoe. Bought these for my son and Its low weight. Flexibility. Feels almost weightless on foot. Highly recommend,great basketball shoe bought these for my son and its low weight flexibility feels almost weightless on foot highly recommend,20,https://runrepeat.com/nike-gt-hustle-2,gen_185505,2025-11-30T06:52:42.000+00:00
Nike G.T. Hustle 2,gen_284550658,4,positive,Great basketball shoe,Outstanding court feel. And good traction on clean courts. Feels almost weightless on foot. Ordered my normal size and it fits perfectly. Best shoe I've played in this year.,Great basketball shoe. Outstanding court feel. And good traction on clean courts. Feels almost weightless on foot. Ordered my normal size and it fits perfectly. Best shoe I've played in this year,great basketball shoe outstanding court feel and good traction on clean courts feels almost weightless on foot ordered my normal size and it fits perfectly best shoe i've played in this year,32,https://runrepeat.com/nike-gt-hustle-2,gen_185505,2025-07-31T06:52:42.000+00:00
Nike G.T. Hustle 2,gen_536151820,4,positive,Great basketball shoe,"As a casual hooper, Flexibility. Outstanding court feel. Super lightweight. Highly recommend.","Great basketball shoe. As a casual hooper, Flexibility. Outstanding court feel. Super lightweight. Highly recommend",great basketball shoe as a casual hooper flexibility outstanding court feel super lightweight highly recommend,15,https://runrepeat.com/nike-gt-hustle-2,gen_185505,2025-01-05T06:52:42.000+00:00
Nike G.T. Hustle 2,gen_906109021,4,positive,Highly recommend,Flexibility. Its low weight. Feels almost weightless on foot. Foot doesn't move at all.,Highly recommend. Flexibility. Its low weight. Feels almost weightless on foot. Foot doesn't move at all,highly recommend flexibility its low weight feels almost weightless on foot foot doesn't move at all,16,https://runrepeat.com/nike-gt-hustle-2,gen_185505,2025-07-15T06:52:42.000+00:00
Nike G.T. Hustle 2,gen_507422130,5,positive,Solid performance shoe,I play D3 ball and Smooth ride. Outstanding court feel. Doesn't slow you down. Sizing is spot on. Highly recommend.,Solid performance shoe. I play D3 ball and Smooth ride. Outstanding court feel. Doesn't slow you down. Sizing is spot on. Highly recommend,solid performance shoe i play d3 ball and smooth ride outstanding court feel doesn't slow you down sizing is spot on highly recommend,23,https://runrepeat.com/nike-gt-hustle-2,gen_185505,2025-07-10T06:52:42.000+00:00
Nike G.T. Hustle 2,gen_407162815,5,positive,Highly recommend,"Bought these for several players on my team, Outstanding court feel. Smooth ride. Super lightweight. Best shoe I've played in this year.","Highly recommend. Bought these for several players on my team, Outstanding court feel. Smooth ride. Super lightweight. Best shoe I've played in this year",highly recommend bought these for several players on my team outstanding court feel smooth ride super lightweight best shoe i've played in this year,24,https://runrepeat.com/nike-gt-hustle-2,gen_185505,2024-12-12T06:52:42.000+00:00
Nike G.T. Hustle 2,gen_386987073,2,negative,minimal cushioning protection,Big sneaker collector here — Low support. And poor streetball suitability. Disappointed overall.,minimal cushioning protection. Big sneaker collector here — Low support. And poor streetball suitability. Disappointed overall,minimal cushioning protection big sneaker collector here low support and poor streetball suitability disappointed overall,15,https://runrepeat.com/nike-gt-hustle-2,gen_185505,2024-08-19T06:52:42.000+00:00
Nike G.T. Hustle 2,gen_681910084,5,positive,Great basketball shoe,My kid loves these shoes. Smooth ride. Grounded responsiveness. Doesn't slow you down. Would buy again.,Great basketball shoe. My kid loves these shoes. Smooth ride. Grounded responsiveness. Doesn't slow you down. Would buy again,great basketball shoe my kid loves these shoes smooth ride grounded responsiveness doesn't slow you down would buy again,19,https://runrepeat.com/nike-gt-hustle-2,gen_185505,2025-07-24T06:52:42.000+00:00
Nike G.T. Hustle 2,gen_766229549,5,positive,smooth ride,Smooth ride. Flexibility. Feels almost weightless on foot. Would buy again.,smooth ride. Smooth ride. Flexibility. Feels almost weightless on foot. Would buy again,smooth ride smooth ride flexibility feels almost weightless on foot would buy again,13,https://runrepeat.com/nike-gt-hustle-2,gen_185505,2024-08-24T06:52:42.000+00:00
Nike G.T. Hustle 2,gen_826055383,4,positive,grounded responsiveness,Game-tested these for about 10 sessions. Smooth ride. And good traction on clean courts. Super lightweight. No heel slip whatsoever. Would buy again.,grounded responsiveness. Game-tested these for about 10 sessions. Smooth ride. And good traction on clean courts. Super lightweight. No heel slip whatsoever. Would buy again,grounded responsiveness game tested these for about 10 sessions smooth ride and good traction on clean courts super lightweight no heel slip whatsoever would buy again,26,https://runrepeat.com/nike-gt-hustle-2,gen_185505,2024-12-06T06:52:42.000+00:00
Nike G.T. Hustle 2,gen_576358267,4,positive,Great basketball shoe,I play pickup 3x a week and Its low weight. Smooth ride. Feels almost weightless on foot. Ordered my normal size and it fits perfectly. Foot doesn't move at all. Would buy again.,Great basketball shoe. I play pickup 3x a week and Its low weight. Smooth ride. Feels almost weightless on foot. Ordered my normal size and it fits perfectly. Foot doesn't move at all. Would buy again,great basketball shoe i play pickup 3x a week and its low weight smooth ride feels almost weightless on foot ordered my normal size and it fits perfectly foot doesn't move at all would buy again,36,https://runrepeat.com/nike-gt-hustle-2,gen_185505,2025-05-26T06:52:42.000+00:00
Nike G.T. Hustle 2,gen_165487501,5,positive,Great basketball shoe,Its low weight. Smooth ride. Feels almost weightless on foot. No heel slip whatsoever. One of my favorite basketball shoes.,Great basketball shoe. Its low weight. Smooth ride. Feels almost weightless on foot. No heel slip whatsoever. One of my favorite basketball shoes,great basketball shoe its low weight smooth ride feels almost weightless on foot no heel slip whatsoever one of my favorite basketball shoes,23,https://runrepeat.com/nike-gt-hustle-2,gen_185505,2025-06-17T06:52:42.000+00:00
Nike G.T. Hustle 2,gen_379661768,5,positive,Highly recommend,Tried these on a whim and they're now my go-to. And good traction on clean courts. Grounded responsiveness. Super lightweight.,Highly recommend. Tried these on a whim and they're now my go-to. And good traction on clean courts. Grounded responsiveness. Super lightweight,highly recommend tried these on a whim and they're now my go to and good traction on clean courts grounded responsiveness super lightweight,23,https://runrepeat.com/nike-gt-hustle-2,gen_185505,2024-08-02T06:52:42.000+00:00
Nike G.T. Hustle 2,gen_270355666,5,positive,Highly recommend,Bought these for the season and have no regrets. Outstanding court feel. And good traction on clean courts. Doesn't slow you down. Ordered my normal size and it fits perfectly. Best shoe I've played in this year.,Highly recommend. Bought these for the season and have no regrets. Outstanding court feel. And good traction on clean courts. Doesn't slow you down. Ordered my normal size and it fits perfectly. Best shoe I've played in this year,highly recommend bought these for the season and have no regrets outstanding court feel and good traction on clean courts doesn't slow you down ordered my normal size and it fits perfectly best shoe i've played in this year,39,https://runrepeat.com/nike-gt-hustle-2,gen_185505,2026-03-20T06:52:42.000+00:00
Nike G.T. Hustle 2,gen_173727892,3,neutral,Good not great,"Compared to my other pairs, Outstanding court feel. However, and poor streetball suitability. Takes a few sessions to break in","Good not great. Compared to my other pairs, Outstanding court feel. However, and poor streetball suitability. Takes a few sessions to break in",good not great compared to my other pairs outstanding court feel however and poor streetball suitability takes a few sessions to break in,23,https://runrepeat.com/nike-gt-hustle-2,gen_185505,2024-11-30T06:52:42.000+00:00
Nike G.T. Hustle 2,gen_577304207,5,positive,Love these shoes,"For rec league ball, Outstanding court feel. Its low weight. Doesn't slow you down. Highly recommend.","Love these shoes. For rec league ball, Outstanding court feel. Its low weight. Doesn't slow you down. Highly recommend",love these shoes for rec league ball outstanding court feel its low weight doesn't slow you down highly recommend,19,https://runrepeat.com/nike-gt-hustle-2,gen_185505,2025-07-25T06:52:42.000+00:00
Adidas Dame 8,gen_621003074,5,positive,Love these shoes,I play pickup 3x a week and Heel impact protection. Forefoot response. Runs a little heavy. Lockdown is excellent. Highly recommend.,Love these shoes. I play pickup 3x a week and Heel impact protection. Forefoot response. Runs a little heavy. Lockdown is excellent. Highly recommend,love these shoes i play pickup 3x a week and heel impact protection forefoot response runs a little heavy lockdown is excellent highly recommend,24,https://runrepeat.com/adidas-dame-8,gen_212919,2025-05-11T06:52:42.000+00:00
Adidas Dame 8,gen_514487048,5,positive,Worth it,Wide-foot friendliness. Heel impact protection. Runs a little heavy. Fits true to size. Best shoe I've played in this year.,Worth it. Wide-foot friendliness. Heel impact protection. Runs a little heavy. Fits true to size. Best shoe I've played in this year,worth it wide foot friendliness heel impact protection runs a little heavy fits true to size best shoe i've played in this year,23,https://runrepeat.com/adidas-dame-8,gen_212919,2024-10-16T06:52:42.000+00:00
Adidas Dame 8,gen_380812109,4,positive,Worth it,Bought these for my son and Traction on clean courts. Secure lockdown. You feel the weight after a long game. Highly recommend.,Worth it. Bought these for my son and Traction on clean courts. Secure lockdown. You feel the weight after a long game. Highly recommend,worth it bought these for my son and traction on clean courts secure lockdown you feel the weight after a long game highly recommend,24,https://runrepeat.com/adidas-dame-8,gen_212919,2025-02-09T06:52:42.000+00:00
Adidas Dame 8,gen_924601127,5,positive,Love these shoes,Just finished my third week in these. Forefoot response. Side-to-side stability. Could be lighter. Game changer for me.,Love these shoes. Just finished my third week in these. Forefoot response. Side-to-side stability. Could be lighter. Game changer for me,love these shoes just finished my third week in these forefoot response side to side stability could be lighter game changer for me,23,https://runrepeat.com/adidas-dame-8,gen_212919,2024-12-26T06:52:42.000+00:00
Adidas Dame 8,gen_17453307,5,positive,Worth it,Got these for my daughter and Wide-foot friendliness. Heel impact protection. Could be lighter. No heel slip whatsoever. Game changer for me.,Worth it. Got these for my daughter and Wide-foot friendliness. Heel impact protection. Could be lighter. No heel slip whatsoever. Game changer for me,worth it got these for my daughter and wide foot friendliness heel impact protection could be lighter no heel slip whatsoever game changer for me,25,https://runrepeat.com/adidas-dame-8,gen_212919,2025-01-01T06:52:42.000+00:00
Adidas Dame 8,gen_740947201,4,positive,Highly recommend,Really happy with this purchase. Heel impact protection. Side-to-side stability. Could be lighter.,Highly recommend. Really happy with this purchase. Heel impact protection. Side-to-side stability. Could be lighter,highly recommend really happy with this purchase heel impact protection side to side stability could be lighter,17,https://runrepeat.com/adidas-dame-8,gen_212919,2025-09-02T06:52:42.000+00:00
Adidas Dame 8,gen_572040376,4,positive,Traction on clean courts,Bought these after my old pair died. And some outdoor usability. Comfort. Runs a little heavy. Fits true to size. Lockdown is excellent. Best shoe I've played in this year.,Traction on clean courts. Bought these after my old pair died. And some outdoor usability. Comfort. Runs a little heavy. Fits true to size. Lockdown is excellent. Best shoe I've played in this year,traction on clean courts bought these after my old pair died and some outdoor usability comfort runs a little heavy fits true to size lockdown is excellent best shoe i've played in this year,34,https://runrepeat.com/adidas-dame-8,gen_212919,2024-09-14T06:52:42.000+00:00
Adidas Dame 8,gen_822500419,5,positive,Great basketball shoe,I recommend these to my players. Secure lockdown. Wide-foot friendliness. Runs a little heavy. Sizing is spot on. No heel slip whatsoever. Would buy again.,Great basketball shoe. I recommend these to my players. Secure lockdown. Wide-foot friendliness. Runs a little heavy. Sizing is spot on. No heel slip whatsoever. Would buy again,great basketball shoe i recommend these to my players secure lockdown wide foot friendliness runs a little heavy sizing is spot on no heel slip whatsoever would buy again,29,https://runrepeat.com/adidas-dame-8,gen_212919,2024-08-21T06:52:42.000+00:00
Adidas Dame 8,gen_478842991,5,positive,Love these shoes,"As a casual hooper, Wide-foot friendliness. Comfort. Could be lighter.","Love these shoes. As a casual hooper, Wide-foot friendliness. Comfort. Could be lighter",love these shoes as a casual hooper wide foot friendliness comfort could be lighter,14,https://runrepeat.com/adidas-dame-8,gen_212919,2026-04-10T06:52:42.000+00:00
Adidas Dame 8,gen_964620917,5,positive,Great basketball shoe,"Bought these for several players on my team, Heel impact protection. Traction on clean courts. You feel the weight after a long game.","Great basketball shoe. Bought these for several players on my team, Heel impact protection. Traction on clean courts. You feel the weight after a long game",great basketball shoe bought these for several players on my team heel impact protection traction on clean courts you feel the weight after a long game,26,https://runrepeat.com/adidas-dame-8,gen_212919,2025-05-05T06:52:42.000+00:00
Adidas Dame 8,gen_572824778,5,positive,Love these shoes,And some outdoor usability. Traction on clean courts. Runs a little heavy. Fits true to size.,Love these shoes. And some outdoor usability. Traction on clean courts. Runs a little heavy. Fits true to size,love these shoes and some outdoor usability traction on clean courts runs a little heavy fits true to size,19,https://runrepeat.com/adidas-dame-8,gen_212919,2025-03-07T06:52:42.000+00:00
Adidas Dame 8,gen_380246087,4,positive,Solid performance shoe,Tried these on a whim and they're now my go-to. Comfort. Forefoot response. Runs a little heavy. Sizing is spot on. No heel slip whatsoever.,Solid performance shoe. Tried these on a whim and they're now my go-to. Comfort. Forefoot response. Runs a little heavy. Sizing is spot on. No heel slip whatsoever,solid performance shoe tried these on a whim and they're now my go to comfort forefoot response runs a little heavy sizing is spot on no heel slip whatsoever,29,https://runrepeat.com/adidas-dame-8,gen_212919,2024-05-21T06:52:42.000+00:00
Adidas Dame 8,gen_930832280,3,neutral,Decent but not perfect,"I play D3 ball and And some outdoor usability. However, that the outsole attracts dust and the heel lining can be annoying. Stiff at first but loosens up nicely","Decent but not perfect. I play D3 ball and And some outdoor usability. However, that the outsole attracts dust and the heel lining can be annoying. Stiff at first but loosens up nicely",decent but not perfect i play d3 ball and and some outdoor usability however that the outsole attracts dust and the heel lining can be annoying stiff at first but loosens up nicely,33,https://runrepeat.com/adidas-dame-8,gen_212919,2025-02-20T06:52:42.000+00:00
Adidas Dame 8,gen_568299282,5,positive,Highly recommend,As a coach I've seen a lot of shoes and And some outdoor usability. Wide-foot friendliness. You feel the weight after a long game. Would buy again.,Highly recommend. As a coach I've seen a lot of shoes and And some outdoor usability. Wide-foot friendliness. You feel the weight after a long game. Would buy again,highly recommend as a coach i've seen a lot of shoes and and some outdoor usability wide foot friendliness you feel the weight after a long game would buy again,30,https://runrepeat.com/adidas-dame-8,gen_212919,2026-02-14T06:52:42.000+00:00
Adidas Dame 8,gen_590424833,5,positive,Worth it,Traction on clean courts. Heel impact protection. Runs a little heavy. Lockdown is excellent. Game changer for me.,Worth it. Traction on clean courts. Heel impact protection. Runs a little heavy. Lockdown is excellent. Game changer for me,worth it traction on clean courts heel impact protection runs a little heavy lockdown is excellent game changer for me,20,https://runrepeat.com/adidas-dame-8,gen_212919,2026-03-02T06:52:42.000+00:00
Adidas Dame 8,gen_165180795,3,neutral,Has its pros and cons,"Been playing for 15 years and Wide-foot friendliness. However, that the outsole attracts dust and the heel lining can be annoying. Takes a few sessions to break in","Has its pros and cons. Been playing for 15 years and Wide-foot friendliness. However, that the outsole attracts dust and the heel lining can be annoying. Takes a few sessions to break in",has its pros and cons been playing for 15 years and wide foot friendliness however that the outsole attracts dust and the heel lining can be annoying takes a few sessions to break in,34,https://runrepeat.com/adidas-dame-8,gen_212919,2025-08-18T06:52:42.000+00:00
Adidas Dame 8,gen_823581970,5,positive,Solid performance shoe,And some outdoor usability. Comfort. You feel the weight after a long game. Fits true to size. Highly recommend.,Solid performance shoe. And some outdoor usability. Comfort. You feel the weight after a long game. Fits true to size. Highly recommend,solid performance shoe and some outdoor usability comfort you feel the weight after a long game fits true to size highly recommend,22,https://runrepeat.com/adidas-dame-8,gen_212919,2025-07-05T06:52:42.000+00:00
Adidas Dame 8,gen_308578809,4,positive,Solid performance shoe,"As a casual hooper, Secure lockdown. Wide-foot friendliness. Runs a little heavy. Game changer for me.","Solid performance shoe. As a casual hooper, Secure lockdown. Wide-foot friendliness. Runs a little heavy. Game changer for me",solid performance shoe as a casual hooper secure lockdown wide foot friendliness runs a little heavy game changer for me,20,https://runrepeat.com/adidas-dame-8,gen_212919,2024-11-13T06:52:42.000+00:00
Adidas Dame 8,gen_100342217,3,neutral,Decent but not perfect,"Been wearing these for a few months now. Traction on clean courts. However, that the outsole attracts dust and the heel lining can be annoying. Stiff at first but loosens up nicely","Decent but not perfect. Been wearing these for a few months now. Traction on clean courts. However, that the outsole attracts dust and the heel lining can be annoying. Stiff at first but loosens up nicely",decent but not perfect been wearing these for a few months now traction on clean courts however that the outsole attracts dust and the heel lining can be annoying stiff at first but loosens up nicely,36,https://runrepeat.com/adidas-dame-8,gen_212919,2024-08-08T06:52:42.000+00:00
Adidas Dame 8,gen_798007390,5,positive,Worth it,Game-tested these for about 10 sessions. And some outdoor usability. Forefoot response. Runs a little heavy. Ordered my normal size and it fits perfectly.,Worth it. Game-tested these for about 10 sessions. And some outdoor usability. Forefoot response. Runs a little heavy. Ordered my normal size and it fits perfectly,worth it game tested these for about 10 sessions and some outdoor usability forefoot response runs a little heavy ordered my normal size and it fits perfectly,27,https://runrepeat.com/adidas-dame-8,gen_212919,2024-09-01T06:52:42.000+00:00
Nike Cosmic Unity 3,gen_792140140,5,positive,and sustainable materials,Been wearing these for a few months now. Adequate breathability. Outdoor durability. Could be lighter. Sizing is spot on. No heel slip whatsoever. Highly recommend.,and sustainable materials. Been wearing these for a few months now. Adequate breathability. Outdoor durability. Could be lighter. Sizing is spot on. No heel slip whatsoever. Highly recommend,and sustainable materials been wearing these for a few months now adequate breathability outdoor durability could be lighter sizing is spot on no heel slip whatsoever highly recommend,28,https://runrepeat.com/nike-cosmic-unity-3,gen_901381,2024-09-02T06:52:42.000+00:00
Nike Cosmic Unity 3,gen_856076563,5,positive,Best on the court,I play D3 ball and Stability. Adequate breathability. Responsive cushioning.,Best on the court. I play D3 ball and Stability. Adequate breathability. Responsive cushioning,best on the court i play d3 ball and stability adequate breathability responsive cushioning,14,https://runrepeat.com/nike-cosmic-unity-3,gen_901381,2025-04-20T06:52:42.000+00:00
Nike Cosmic Unity 3,gen_439488250,3,neutral,Okay shoe overall,"Decent rebound. However, a firm and sometimes harsh ride. Stiff at first but loosens up nicely","Okay shoe overall. Decent rebound. However, a firm and sometimes harsh ride. Stiff at first but loosens up nicely",okay shoe overall decent rebound however a firm and sometimes harsh ride stiff at first but loosens up nicely,19,https://runrepeat.com/nike-cosmic-unity-3,gen_901381,2026-01-13T06:52:42.000+00:00
Nike Cosmic Unity 3,gen_775083934,3,neutral,Mixed feelings,"Decent rebound. However, a firm and sometimes harsh ride. Stiff at first but loosens up nicely","Mixed feelings. Decent rebound. However, a firm and sometimes harsh ride. Stiff at first but loosens up nicely",mixed feelings decent rebound however a firm and sometimes harsh ride stiff at first but loosens up nicely,18,https://runrepeat.com/nike-cosmic-unity-3,gen_901381,2024-06-21T06:52:42.000+00:00
Nike Cosmic Unity 3,gen_46386663,3,neutral,Decent but not perfect,"I play D3 ball and And sustainable materials. However, extra weight. Decent shoe overall but nothing special.","Decent but not perfect. I play D3 ball and And sustainable materials. However, extra weight. Decent shoe overall but nothing special",decent but not perfect i play d3 ball and and sustainable materials however extra weight decent shoe overall but nothing special,21,https://runrepeat.com/nike-cosmic-unity-3,gen_901381,2025-05-18T06:52:42.000+00:00
Nike Cosmic Unity 3,gen_726079226,5,positive,Love these shoes,I own about 30 pairs of basketball shoes and A wide platform. Outdoor durability. Could be lighter. Would buy again.,Love these shoes. I own about 30 pairs of basketball shoes and A wide platform. Outdoor durability. Could be lighter. Would buy again,love these shoes i own about 30 pairs of basketball shoes and a wide platform outdoor durability could be lighter would buy again,23,https://runrepeat.com/nike-cosmic-unity-3,gen_901381,2024-11-26T06:52:42.000+00:00
Nike Cosmic Unity 3,gen_129725320,4,positive,Outdoor durability,Been wearing these for a few months now. Stability. And sustainable materials. Impact protection is top notch. Ordered my normal size and it fits perfectly.,Outdoor durability. Been wearing these for a few months now. Stability. And sustainable materials. Impact protection is top notch. Ordered my normal size and it fits perfectly,outdoor durability been wearing these for a few months now stability and sustainable materials impact protection is top notch ordered my normal size and it fits perfectly,27,https://runrepeat.com/nike-cosmic-unity-3,gen_901381,2025-11-27T06:52:42.000+00:00
Nike Cosmic Unity 3,gen_626064683,4,positive,lockdown,Been wearing these for a few months now. Lockdown. Adequate breathability. Picks up dust pretty fast. Sizing is spot on. Foot doesn't move at all. Would buy again.,lockdown. Been wearing these for a few months now. Lockdown. Adequate breathability. Picks up dust pretty fast. Sizing is spot on. Foot doesn't move at all. Would buy again,lockdown been wearing these for a few months now lockdown adequate breathability picks up dust pretty fast sizing is spot on foot doesn't move at all would buy again,29,https://runrepeat.com/nike-cosmic-unity-3,gen_901381,2024-12-07T06:52:42.000+00:00
Nike Cosmic Unity 3,gen_692148059,5,positive,and sustainable materials,"For rec league ball, Adequate breathability. A wide platform. Absorbs landings beautifully. Sizing is spot on. Lockdown is excellent. One of my favorite basketball shoes.","and sustainable materials. For rec league ball, Adequate breathability. A wide platform. Absorbs landings beautifully. Sizing is spot on. Lockdown is excellent. One of my favorite basketball shoes",and sustainable materials for rec league ball adequate breathability a wide platform absorbs landings beautifully sizing is spot on lockdown is excellent one of my favorite basketball shoes,28,https://runrepeat.com/nike-cosmic-unity-3,gen_901381,2026-04-08T06:52:42.000+00:00
Nike Cosmic Unity 3,gen_423221058,4,positive,lockdown,"Compared to my other pairs, Outdoor durability. Adequate breathability. You feel the weight after a long game. Ordered my normal size and it fits perfectly. Highly recommend.","lockdown. Compared to my other pairs, Outdoor durability. Adequate breathability. You feel the weight after a long game. Ordered my normal size and it fits perfectly. Highly recommend",lockdown compared to my other pairs outdoor durability adequate breathability you feel the weight after a long game ordered my normal size and it fits perfectly highly recommend,28,https://runrepeat.com/nike-cosmic-unity-3,gen_901381,2025-03-26T06:52:42.000+00:00
Nike Cosmic Unity 3,gen_587110828,5,positive,Best on the court,Bought these for my son and Lockdown. And sustainable materials. Great underfoot feel. Would buy again.,Best on the court. Bought these for my son and Lockdown. And sustainable materials. Great underfoot feel. Would buy again,best on the court bought these for my son and lockdown and sustainable materials great underfoot feel would buy again,20,https://runrepeat.com/nike-cosmic-unity-3,gen_901381,2025-05-07T06:52:42.000+00:00
Nike Cosmic Unity 3,gen_425387100,4,positive,Love these shoes,Been playing for 15 years and Outdoor durability. Stability. Cushioning is insane. Lockdown is excellent. Would buy again.,Love these shoes. Been playing for 15 years and Outdoor durability. Stability. Cushioning is insane. Lockdown is excellent. Would buy again,love these shoes been playing for 15 years and outdoor durability stability cushioning is insane lockdown is excellent would buy again,21,https://runrepeat.com/nike-cosmic-unity-3,gen_901381,2025-12-17T06:52:42.000+00:00
Nike Cosmic Unity 3,gen_748504033,5,positive,Worth it,"As a casual hooper, Lockdown. Decent rebound. Runs a little heavy. Fits true to size.","Worth it. As a casual hooper, Lockdown. Decent rebound. Runs a little heavy. Fits true to size",worth it as a casual hooper lockdown decent rebound runs a little heavy fits true to size,17,https://runrepeat.com/nike-cosmic-unity-3,gen_901381,2026-04-02T06:52:42.000+00:00
Nike Cosmic Unity 3,gen_753125043,4,positive,Worth it,Bought these after my old pair died. Lockdown. A wide platform. You feel the weight after a long game. Ordered my normal size and it fits perfectly. Game changer for me.,Worth it. Bought these after my old pair died. Lockdown. A wide platform. You feel the weight after a long game. Ordered my normal size and it fits perfectly. Game changer for me,worth it bought these after my old pair died lockdown a wide platform you feel the weight after a long game ordered my normal size and it fits perfectly game changer for me,33,https://runrepeat.com/nike-cosmic-unity-3,gen_901381,2024-06-14T06:52:42.000+00:00
Nike Cosmic Unity 3,gen_899378006,4,positive,Worth it,"Compared to my other pairs, Adequate breathability. Stability. Absorbs landings beautifully. Stays locked through cuts. Highly recommend.","Worth it. Compared to my other pairs, Adequate breathability. Stability. Absorbs landings beautifully. Stays locked through cuts. Highly recommend",worth it compared to my other pairs adequate breathability stability absorbs landings beautifully stays locked through cuts highly recommend,19,https://runrepeat.com/nike-cosmic-unity-3,gen_901381,2026-01-04T06:52:42.000+00:00
Nike Cosmic Unity 3,gen_61094265,2,negative,Not worth it,Big sneaker collector here — A firm and sometimes harsh ride. And a break-in period. Slips on dirty courts. Disappointed overall.,Not worth it. Big sneaker collector here — A firm and sometimes harsh ride. And a break-in period. Slips on dirty courts. Disappointed overall,not worth it big sneaker collector here a firm and sometimes harsh ride and a break in period slips on dirty courts disappointed overall,24,https://runrepeat.com/nike-cosmic-unity-3,gen_901381,2025-06-24T06:52:42.000+00:00
Nike Cosmic Unity 3,gen_113573082,4,positive,Great basketball shoe,Tried these on a whim and they're now my go-to. Lockdown. Stability. Picks up dust pretty fast. Fits true to size.,Great basketball shoe. Tried these on a whim and they're now my go-to. Lockdown. Stability. Picks up dust pretty fast. Fits true to size,great basketball shoe tried these on a whim and they're now my go to lockdown stability picks up dust pretty fast fits true to size,25,https://runrepeat.com/nike-cosmic-unity-3,gen_901381,2024-06-06T06:52:42.000+00:00
Nike Cosmic Unity 3,gen_535434002,5,positive,Highly recommend,Really happy with this purchase. Lockdown. Adequate breathability. Cushioning is insane. Sizing is spot on. Lockdown is excellent. Would buy again.,Highly recommend. Really happy with this purchase. Lockdown. Adequate breathability. Cushioning is insane. Sizing is spot on. Lockdown is excellent. Would buy again,highly recommend really happy with this purchase lockdown adequate breathability cushioning is insane sizing is spot on lockdown is excellent would buy again,23,https://runrepeat.com/nike-cosmic-unity-3,gen_901381,2026-03-13T06:52:42.000+00:00
Nike Cosmic Unity 3,gen_858661169,4,positive,Love these shoes,Really happy with this purchase. Outdoor durability. And sustainable materials. Picks up dust pretty fast. One of my favorite basketball shoes.,Love these shoes. Really happy with this purchase. Outdoor durability. And sustainable materials. Picks up dust pretty fast. One of my favorite basketball shoes,love these shoes really happy with this purchase outdoor durability and sustainable materials picks up dust pretty fast one of my favorite basketball shoes,24,https://runrepeat.com/nike-cosmic-unity-3,gen_901381,2025-01-29T06:52:42.000+00:00
Nike Cosmic Unity 3,gen_214031549,2,negative,Disappointed,Finally pulled the trigger on these and glad I did. And a break-in period. A firm and sometimes harsh ride. Traction fades outdoors. Disappointed overall.,Disappointed. Finally pulled the trigger on these and glad I did. And a break-in period. A firm and sometimes harsh ride. Traction fades outdoors. Disappointed overall,disappointed finally pulled the trigger on these and glad i did and a break in period a firm and sometimes harsh ride traction fades outdoors disappointed overall,27,https://runrepeat.com/nike-cosmic-unity-3,gen_901381,2024-05-16T06:52:42.000+00:00
Nike LeBron NXXT GEN,gen_414935052,5,positive,Solid performance shoe,As a coach I've seen a lot of shoes and Balanced protection. Solid traction. Ordered my normal size and it fits perfectly. Stays locked through cuts.,Solid performance shoe. As a coach I've seen a lot of shoes and Balanced protection. Solid traction. Ordered my normal size and it fits perfectly. Stays locked through cuts,solid performance shoe as a coach i've seen a lot of shoes and balanced protection solid traction ordered my normal size and it fits perfectly stays locked through cuts,29,https://runrepeat.com/nike-lebron-nxxt-gen,gen_837119,2024-09-09T06:52:42.000+00:00
Nike LeBron NXXT GEN,gen_244902032,3,neutral,Okay shoe overall,"Responsive cushioning. However, a narrower fit and a still-premium price. Decent shoe overall but nothing special.","Okay shoe overall. Responsive cushioning. However, a narrower fit and a still-premium price. Decent shoe overall but nothing special",okay shoe overall responsive cushioning however a narrower fit and a still premium price decent shoe overall but nothing special,20,https://runrepeat.com/nike-lebron-nxxt-gen,gen_837119,2024-06-14T06:52:42.000+00:00
Nike LeBron NXXT GEN,gen_675291513,3,neutral,Good not great,"Bought these for several players on my team, Comfort. However, a narrower fit and a still-premium price. Needed about a week to feel natural","Good not great. Bought these for several players on my team, Comfort. However, a narrower fit and a still-premium price. Needed about a week to feel natural",good not great bought these for several players on my team comfort however a narrower fit and a still premium price needed about a week to feel natural,28,https://runrepeat.com/nike-lebron-nxxt-gen,gen_837119,2024-09-28T06:52:42.000+00:00
Nike LeBron NXXT GEN,gen_774771047,3,neutral,Okay shoe overall,"I play pickup 3x a week and Containment. However, a narrower fit and a still-premium price. Decent shoe overall but nothing special.","Okay shoe overall. I play pickup 3x a week and Containment. However, a narrower fit and a still-premium price. Decent shoe overall but nothing special",okay shoe overall i play pickup 3x a week and containment however a narrower fit and a still premium price decent shoe overall but nothing special,26,https://runrepeat.com/nike-lebron-nxxt-gen,gen_837119,2025-11-04T06:52:42.000+00:00
Nike LeBron NXXT GEN,gen_541229068,5,positive,Solid traction,As a coach I've seen a lot of shoes and Responsive cushioning. Solid traction. Would buy again.,Solid traction. As a coach I've seen a lot of shoes and Responsive cushioning. Solid traction. Would buy again,solid traction as a coach i've seen a lot of shoes and responsive cushioning solid traction would buy again,19,https://runrepeat.com/nike-lebron-nxxt-gen,gen_837119,2026-02-01T06:52:42.000+00:00
Nike LeBron NXXT GEN,gen_358734290,5,positive,Solid performance shoe,Balanced protection. Responsive cushioning. Sizing is spot on. Game changer for me.,Solid performance shoe. Balanced protection. Responsive cushioning. Sizing is spot on. Game changer for me,solid performance shoe balanced protection responsive cushioning sizing is spot on game changer for me,15,https://runrepeat.com/nike-lebron-nxxt-gen,gen_837119,2025-02-24T06:52:42.000+00:00
Nike LeBron NXXT GEN,gen_144557010,5,positive,Best on the court,I own about 30 pairs of basketball shoes and And quality materials. Containment.,Best on the court. I own about 30 pairs of basketball shoes and And quality materials. Containment,best on the court i own about 30 pairs of basketball shoes and and quality materials containment,17,https://runrepeat.com/nike-lebron-nxxt-gen,gen_837119,2024-09-24T06:52:42.000+00:00
Nike LeBron NXXT GEN,gen_460266681,5,positive,Worth it,These shoes are solid. And quality materials. A light build for the lebron line. Stays locked through cuts. One of my favorite basketball shoes.,Worth it. These shoes are solid. And quality materials. A light build for the lebron line. Stays locked through cuts. One of my favorite basketball shoes,worth it these shoes are solid and quality materials a light build for the lebron line stays locked through cuts one of my favorite basketball shoes,26,https://runrepeat.com/nike-lebron-nxxt-gen,gen_837119,2025-01-14T06:52:42.000+00:00
Nike LeBron NXXT GEN,gen_465655463,5,positive,Great basketball shoe,Been playing for 15 years and And quality materials. Comfort. Stays locked through cuts. Highly recommend.,Great basketball shoe. Been playing for 15 years and And quality materials. Comfort. Stays locked through cuts. Highly recommend,great basketball shoe been playing for 15 years and and quality materials comfort stays locked through cuts highly recommend,19,https://runrepeat.com/nike-lebron-nxxt-gen,gen_837119,2026-03-07T06:52:42.000+00:00
Nike LeBron NXXT GEN,gen_890537728,5,positive,Solid performance shoe,Balanced protection. Solid traction. Fits true to size. No heel slip whatsoever. Would buy again.,Solid performance shoe. Balanced protection. Solid traction. Fits true to size. No heel slip whatsoever. Would buy again,solid performance shoe balanced protection solid traction fits true to size no heel slip whatsoever would buy again,18,https://runrepeat.com/nike-lebron-nxxt-gen,gen_837119,2025-05-11T06:52:42.000+00:00
Nike LeBron NXXT GEN,gen_825430221,3,neutral,Decent but not perfect,"Bought these for several players on my team, And quality materials. However, a narrower fit and a still-premium price. Decent shoe overall but nothing special.","Decent but not perfect. Bought these for several players on my team, And quality materials. However, a narrower fit and a still-premium price. Decent shoe overall but nothing special",decent but not perfect bought these for several players on my team and quality materials however a narrower fit and a still premium price decent shoe overall but nothing special,30,https://runrepeat.com/nike-lebron-nxxt-gen,gen_837119,2025-01-09T06:52:42.000+00:00
Nike LeBron NXXT GEN,gen_911091777,3,neutral,Okay shoe overall,"Big sneaker collector here — Solid traction. However, a narrower fit and a still-premium price. Decent shoe overall but nothing special.","Okay shoe overall. Big sneaker collector here — Solid traction. However, a narrower fit and a still-premium price. Decent shoe overall but nothing special",okay shoe overall big sneaker collector here solid traction however a narrower fit and a still premium price decent shoe overall but nothing special,24,https://runrepeat.com/nike-lebron-nxxt-gen,gen_837119,2024-08-31T06:52:42.000+00:00
Nike LeBron NXXT GEN,gen_962369974,4,positive,Best on the court,Been wearing these for a few months now. Solid traction. Balanced protection. Game changer for me.,Best on the court. Been wearing these for a few months now. Solid traction. Balanced protection. Game changer for me,best on the court been wearing these for a few months now solid traction balanced protection game changer for me,20,https://runrepeat.com/nike-lebron-nxxt-gen,gen_837119,2025-02-18T06:52:42.000+00:00
Nike LeBron NXXT GEN,gen_723714342,4,positive,Worth it,Been playing for 15 years and Responsive cushioning. Balanced protection. Stays locked through cuts.,Worth it. Been playing for 15 years and Responsive cushioning. Balanced protection. Stays locked through cuts,worth it been playing for 15 years and responsive cushioning balanced protection stays locked through cuts,16,https://runrepeat.com/nike-lebron-nxxt-gen,gen_837119,2024-11-14T06:52:42.000+00:00
Nike LeBron NXXT GEN,gen_865924442,4,positive,responsive cushioning,Containment. Comfort. Fits true to size. One of my favorite basketball shoes.,responsive cushioning. Containment. Comfort. Fits true to size. One of my favorite basketball shoes,responsive cushioning containment comfort fits true to size one of my favorite basketball shoes,14,https://runrepeat.com/nike-lebron-nxxt-gen,gen_837119,2024-06-03T06:52:42.000+00:00
Nike LeBron NXXT GEN,gen_723026083,5,positive,Worth it,Responsive cushioning. Comfort. Sizing is spot on. Game changer for me.,Worth it. Responsive cushioning. Comfort. Sizing is spot on. Game changer for me,worth it responsive cushioning comfort sizing is spot on game changer for me,13,https://runrepeat.com/nike-lebron-nxxt-gen,gen_837119,2024-06-01T06:52:42.000+00:00
Nike LeBron NXXT GEN,gen_27214423,5,positive,comfort,Big sneaker collector here — And quality materials. Solid traction. Foot doesn't move at all. Highly recommend.,comfort. Big sneaker collector here — And quality materials. Solid traction. Foot doesn't move at all. Highly recommend,comfort big sneaker collector here and quality materials solid traction foot doesn't move at all highly recommend,17,https://runrepeat.com/nike-lebron-nxxt-gen,gen_837119,2025-09-30T06:52:42.000+00:00
Nike LeBron NXXT GEN,gen_837668325,4,positive,responsive cushioning,A light build for the lebron line. Solid traction. Stays locked through cuts. Game changer for me.,responsive cushioning. A light build for the lebron line. Solid traction. Stays locked through cuts. Game changer for me,responsive cushioning a light build for the lebron line solid traction stays locked through cuts game changer for me,19,https://runrepeat.com/nike-lebron-nxxt-gen,gen_837119,2026-01-08T06:52:42.000+00:00
Nike LeBron NXXT GEN,gen_367115448,5,positive,containment,Containment. Balanced protection. Ordered my normal size and it fits perfectly. Lockdown is excellent.,containment. Containment. Balanced protection. Ordered my normal size and it fits perfectly. Lockdown is excellent,containment containment balanced protection ordered my normal size and it fits perfectly lockdown is excellent,15,https://runrepeat.com/nike-lebron-nxxt-gen,gen_837119,2025-03-22T06:52:42.000+00:00
Nike LeBron NXXT GEN,gen_734966035,2,negative,Expected better,"Compared to my other pairs, A narrower fit and a still-premium price. Wouldn't buy again.","Expected better. Compared to my other pairs, A narrower fit and a still-premium price. Wouldn't buy again",expected better compared to my other pairs a narrower fit and a still premium price wouldn't buy again,18,https://runrepeat.com/nike-lebron-nxxt-gen,gen_837119,2024-07-26T06:52:42.000+00:00
Adidas Trae Young 3,gen_296710635,5,positive,Highly recommend,Game-tested these for about 10 sessions. Excellent indoor grip. Comfortable padding. Runs a little heavy. Sizing is spot on.,Highly recommend. Game-tested these for about 10 sessions. Excellent indoor grip. Comfortable padding. Runs a little heavy. Sizing is spot on,highly recommend game tested these for about 10 sessions excellent indoor grip comfortable padding runs a little heavy sizing is spot on,22,https://runrepeat.com/adidas-trae-young-3,gen_841970,2024-07-21T06:52:42.000+00:00
Adidas Trae Young 3,gen_956581307,3,neutral,Okay shoe overall,"Balanced protection and court feel. However, above-average weight. Stiff at first but loosens up nicely","Okay shoe overall. Balanced protection and court feel. However, above-average weight. Stiff at first but loosens up nicely",okay shoe overall balanced protection and court feel however above average weight stiff at first but loosens up nicely,19,https://runrepeat.com/adidas-trae-young-3,gen_841970,2024-10-31T06:52:42.000+00:00
Adidas Trae Young 3,gen_654161226,4,positive,Highly recommend,"Compared to my other pairs, Heel containment. Excellent indoor grip. You feel the weight after a long game. Foot doesn't move at all.","Highly recommend. Compared to my other pairs, Heel containment. Excellent indoor grip. You feel the weight after a long game. Foot doesn't move at all",highly recommend compared to my other pairs heel containment excellent indoor grip you feel the weight after a long game foot doesn't move at all,25,https://runrepeat.com/adidas-trae-young-3,gen_841970,2024-06-12T06:52:42.000+00:00
Adidas Trae Young 3,gen_872193471,5,positive,Love these shoes,Got these for my daughter and Durable outsole. Excellent indoor grip. You feel the weight after a long game. One of my favorite basketball shoes.,Love these shoes. Got these for my daughter and Durable outsole. Excellent indoor grip. You feel the weight after a long game. One of my favorite basketball shoes,love these shoes got these for my daughter and durable outsole excellent indoor grip you feel the weight after a long game one of my favorite basketball shoes,28,https://runrepeat.com/adidas-trae-young-3,gen_841970,2025-01-21T06:52:42.000+00:00
Adidas Trae Young 3,gen_532006385,4,positive,Worth it,These shoes are solid. Comfortable padding. Balanced protection and court feel. Could be lighter. Best shoe I've played in this year.,Worth it. These shoes are solid. Comfortable padding. Balanced protection and court feel. Could be lighter. Best shoe I've played in this year,worth it these shoes are solid comfortable padding balanced protection and court feel could be lighter best shoe i've played in this year,23,https://runrepeat.com/adidas-trae-young-3,gen_841970,2025-07-07T06:52:42.000+00:00
Adidas Trae Young 3,gen_657118088,3,neutral,Decent but not perfect,"Bought these after my old pair died. Excellent indoor grip. However, weak upper durability. Takes a few sessions to break in","Decent but not perfect. Bought these after my old pair died. Excellent indoor grip. However, weak upper durability. Takes a few sessions to break in",decent but not perfect bought these after my old pair died excellent indoor grip however weak upper durability takes a few sessions to break in,25,https://runrepeat.com/adidas-trae-young-3,gen_841970,2025-06-23T06:52:42.000+00:00
Adidas Trae Young 3,gen_954643939,4,positive,Highly recommend,Heel containment. Durable outsole. You feel the weight after a long game. Fits true to size. Foot doesn't move at all.,Highly recommend. Heel containment. Durable outsole. You feel the weight after a long game. Fits true to size. Foot doesn't move at all,highly recommend heel containment durable outsole you feel the weight after a long game fits true to size foot doesn't move at all,23,https://runrepeat.com/adidas-trae-young-3,gen_841970,2025-02-12T06:52:42.000+00:00
Adidas Trae Young 3,gen_543254587,5,positive,Great basketball shoe,Comfortable padding. Excellent indoor grip. You feel the weight after a long game. Foot doesn't move at all. One of my favorite basketball shoes.,Great basketball shoe. Comfortable padding. Excellent indoor grip. You feel the weight after a long game. Foot doesn't move at all. One of my favorite basketball shoes,great basketball shoe comfortable padding excellent indoor grip you feel the weight after a long game foot doesn't move at all one of my favorite basketball shoes,27,https://runrepeat.com/adidas-trae-young-3,gen_841970,2026-03-15T06:52:42.000+00:00
Adidas Trae Young 3,gen_113647208,4,positive,Great basketball shoe,"For rec league ball, Durable outsole. Stability. You feel the weight after a long game. Game changer for me.","Great basketball shoe. For rec league ball, Durable outsole. Stability. You feel the weight after a long game. Game changer for me",great basketball shoe for rec league ball durable outsole stability you feel the weight after a long game game changer for me,22,https://runrepeat.com/adidas-trae-young-3,gen_841970,2024-07-16T06:52:42.000+00:00
Adidas Trae Young 3,gen_972064555,4,positive,Solid performance shoe,Got these for my daughter and Stability. Durable outsole. Runs a little heavy.,Solid performance shoe. Got these for my daughter and Stability. Durable outsole. Runs a little heavy,solid performance shoe got these for my daughter and stability durable outsole runs a little heavy,16,https://runrepeat.com/adidas-trae-young-3,gen_841970,2024-08-31T06:52:42.000+00:00
Adidas Trae Young 3,gen_608170817,4,positive,Worth it,"As a casual hooper, Stability. Balanced protection and court feel. You feel the weight after a long game. Fits true to size. No heel slip whatsoever. Highly recommend.","Worth it. As a casual hooper, Stability. Balanced protection and court feel. You feel the weight after a long game. Fits true to size. No heel slip whatsoever. Highly recommend",worth it as a casual hooper stability balanced protection and court feel you feel the weight after a long game fits true to size no heel slip whatsoever highly recommend,30,https://runrepeat.com/adidas-trae-young-3,gen_841970,2024-12-23T06:52:42.000+00:00
Adidas Trae Young 3,gen_49344418,4,positive,Best on the court,Been playing for 15 years and And wide-foot friendliness. Durable outsole. Could be lighter. Super secure fit.,Best on the court. Been playing for 15 years and And wide-foot friendliness. Durable outsole. Could be lighter. Super secure fit,best on the court been playing for 15 years and and wide foot friendliness durable outsole could be lighter super secure fit,22,https://runrepeat.com/adidas-trae-young-3,gen_841970,2026-04-11T06:52:42.000+00:00
Adidas Trae Young 3,gen_570371343,2,negative,and poor dusty-court traction,"As a competitive player, And poor dusty-court traction. Weak upper durability. Expected more.","and poor dusty-court traction. As a competitive player, And poor dusty-court traction. Weak upper durability. Expected more",and poor dusty court traction as a competitive player and poor dusty court traction weak upper durability expected more,19,https://runrepeat.com/adidas-trae-young-3,gen_841970,2024-10-09T06:52:42.000+00:00
Adidas Trae Young 3,gen_856600730,5,positive,Love these shoes,Balanced protection and court feel. Heel containment. Could be lighter. Would buy again.,Love these shoes. Balanced protection and court feel. Heel containment. Could be lighter. Would buy again,love these shoes balanced protection and court feel heel containment could be lighter would buy again,16,https://runrepeat.com/adidas-trae-young-3,gen_841970,2025-09-08T06:52:42.000+00:00
Adidas Trae Young 3,gen_451280223,5,positive,durable outsole,Bought these for my son and Comfortable padding. Durable outsole. Runs a little heavy.,durable outsole. Bought these for my son and Comfortable padding. Durable outsole. Runs a little heavy,durable outsole bought these for my son and comfortable padding durable outsole runs a little heavy,16,https://runrepeat.com/adidas-trae-young-3,gen_841970,2025-01-05T06:52:42.000+00:00
Adidas Trae Young 3,gen_713367770,5,positive,Best on the court,I play pickup 3x a week and Balanced protection and court feel. Stability. Runs a little heavy. Would buy again.,Best on the court. I play pickup 3x a week and Balanced protection and court feel. Stability. Runs a little heavy. Would buy again,best on the court i play pickup 3x a week and balanced protection and court feel stability runs a little heavy would buy again,24,https://runrepeat.com/adidas-trae-young-3,gen_841970,2024-06-04T06:52:42.000+00:00
Adidas Trae Young 3,gen_575948450,4,positive,Highly recommend,I play pickup 3x a week and Heel containment. Balanced protection and court feel. Could be lighter. Ordered my normal size and it fits perfectly.,Highly recommend. I play pickup 3x a week and Heel containment. Balanced protection and court feel. Could be lighter. Ordered my normal size and it fits perfectly,highly recommend i play pickup 3x a week and heel containment balanced protection and court feel could be lighter ordered my normal size and it fits perfectly,27,https://runrepeat.com/adidas-trae-young-3,gen_841970,2025-11-17T06:52:42.000+00:00
Adidas Trae Young 3,gen_467730464,4,positive,Best on the court,Heel containment. Stability. Could be lighter. Fits true to size.,Best on the court. Heel containment. Stability. Could be lighter. Fits true to size,best on the court heel containment stability could be lighter fits true to size,14,https://runrepeat.com/adidas-trae-young-3,gen_841970,2025-07-13T06:52:42.000+00:00
Adidas Trae Young 3,gen_566129006,5,positive,Love these shoes,Tried these on a whim and they're now my go-to. Excellent indoor grip. And wide-foot friendliness. Could be lighter. Best shoe I've played in this year.,Love these shoes. Tried these on a whim and they're now my go-to. Excellent indoor grip. And wide-foot friendliness. Could be lighter. Best shoe I've played in this year,love these shoes tried these on a whim and they're now my go to excellent indoor grip and wide foot friendliness could be lighter best shoe i've played in this year,31,https://runrepeat.com/adidas-trae-young-3,gen_841970,2026-01-29T06:52:42.000+00:00
Adidas Trae Young 3,gen_822471424,5,positive,Love these shoes,Really happy with this purchase. Comfortable padding. Stability. Runs a little heavy.,Love these shoes. Really happy with this purchase. Comfortable padding. Stability. Runs a little heavy,love these shoes really happy with this purchase comfortable padding stability runs a little heavy,15,https://runrepeat.com/adidas-trae-young-3,gen_841970,2024-09-07T06:52:42.000+00:00
Jordan Luka 4,gen_167140404,4,positive,Worth it,Been wearing these for a few months now. Stability. Durable outsole. Super lightweight.,Worth it. Been wearing these for a few months now. Stability. Durable outsole. Super lightweight,worth it been wearing these for a few months now stability durable outsole super lightweight,15,https://runrepeat.com/jordan-luka-4,gen_947539,2024-12-13T06:52:42.000+00:00
Jordan Luka 4,gen_321252408,5,positive,Great basketball shoe,Bought these for the season and have no regrets. Containment. Stability. The grip is phenomenal.,Great basketball shoe. Bought these for the season and have no regrets. Containment. Stability. The grip is phenomenal,great basketball shoe bought these for the season and have no regrets containment stability the grip is phenomenal,18,https://runrepeat.com/jordan-luka-4,gen_947539,2025-03-21T06:52:42.000+00:00
Jordan Luka 4,gen_467298579,5,positive,Solid performance shoe,"As a casual hooper, Containment. Balanced cushioning and court feel. Doesn't slow you down. One of my favorite basketball shoes.","Solid performance shoe. As a casual hooper, Containment. Balanced cushioning and court feel. Doesn't slow you down. One of my favorite basketball shoes",solid performance shoe as a casual hooper containment balanced cushioning and court feel doesn't slow you down one of my favorite basketball shoes,23,https://runrepeat.com/jordan-luka-4,gen_947539,2024-09-07T06:52:42.000+00:00
Jordan Luka 4,gen_822667160,4,positive,Best on the court,Been playing for 15 years and Containment. Durable outsole. Feels almost weightless on foot. Super secure fit. Would buy again.,Best on the court. Been playing for 15 years and Containment. Durable outsole. Feels almost weightless on foot. Super secure fit. Would buy again,best on the court been playing for 15 years and containment durable outsole feels almost weightless on foot super secure fit would buy again,24,https://runrepeat.com/jordan-luka-4,gen_947539,2024-11-10T06:52:42.000+00:00
Jordan Luka 4,gen_445202659,1,negative,Expected better,Needed a new pair for the season and these delivered. Limited propulsion. Indoor-only leanings. Wouldn't buy again.,Expected better. Needed a new pair for the season and these delivered. Limited propulsion. Indoor-only leanings. Wouldn't buy again,expected better needed a new pair for the season and these delivered limited propulsion indoor only leanings wouldn't buy again,20,https://runrepeat.com/jordan-luka-4,gen_947539,2025-01-27T06:52:42.000+00:00
Jordan Luka 4,gen_786338030,4,positive,Highly recommend,Been wearing these for a few months now. Stability. And a dependable fit. Sticky rubber outsole.,Highly recommend. Been wearing these for a few months now. Stability. And a dependable fit. Sticky rubber outsole,highly recommend been wearing these for a few months now stability and a dependable fit sticky rubber outsole,18,https://runrepeat.com/jordan-luka-4,gen_947539,2025-02-22T06:52:42.000+00:00
Jordan Luka 4,gen_444734846,3,neutral,Has its pros and cons,"Just finished my third week in these. Durable outsole. However, poor ventilation. Decent shoe overall but nothing special.","Has its pros and cons. Just finished my third week in these. Durable outsole. However, poor ventilation. Decent shoe overall but nothing special",has its pros and cons just finished my third week in these durable outsole however poor ventilation decent shoe overall but nothing special,23,https://runrepeat.com/jordan-luka-4,gen_947539,2026-03-31T06:52:42.000+00:00
Jordan Luka 4,gen_451839023,5,positive,Great basketball shoe,Bought these after my old pair died. Balanced cushioning and court feel. Durable outsole. Great grip on the court. Sizing is spot on. Game changer for me.,Great basketball shoe. Bought these after my old pair died. Balanced cushioning and court feel. Durable outsole. Great grip on the court. Sizing is spot on. Game changer for me,great basketball shoe bought these after my old pair died balanced cushioning and court feel durable outsole great grip on the court sizing is spot on game changer for me,30,https://runrepeat.com/jordan-luka-4,gen_947539,2024-08-17T06:52:42.000+00:00
Jordan Luka 4,gen_460855332,4,positive,Worth it,Containment. Balanced cushioning and court feel. Locks in on hardwood. Sizing is spot on. Game changer for me.,Worth it. Containment. Balanced cushioning and court feel. Locks in on hardwood. Sizing is spot on. Game changer for me,worth it containment balanced cushioning and court feel locks in on hardwood sizing is spot on game changer for me,20,https://runrepeat.com/jordan-luka-4,gen_947539,2024-08-15T06:52:42.000+00:00
Jordan Luka 4,gen_542389755,5,positive,stability,Bought these after my old pair died. Containment. Stability. Doesn't slow you down. Highly recommend.,stability. Bought these after my old pair died. Containment. Stability. Doesn't slow you down. Highly recommend,stability bought these after my old pair died containment stability doesn't slow you down highly recommend,16,https://runrepeat.com/jordan-luka-4,gen_947539,2025-08-30T06:52:42.000+00:00
Jordan Luka 4,gen_758470915,5,positive,Solid performance shoe,"As a competitive player, Durable outsole. And a dependable fit. Feels almost weightless on foot. Fits true to size. Best shoe I've played in this year.","Solid performance shoe. As a competitive player, Durable outsole. And a dependable fit. Feels almost weightless on foot. Fits true to size. Best shoe I've played in this year",solid performance shoe as a competitive player durable outsole and a dependable fit feels almost weightless on foot fits true to size best shoe i've played in this year,29,https://runrepeat.com/jordan-luka-4,gen_947539,2024-08-16T06:52:42.000+00:00
Jordan Luka 4,gen_316620469,3,neutral,Decent but not perfect,"Tried these on a whim and they're now my go-to. And a dependable fit. However, poor ventilation. Takes a few sessions to break in","Decent but not perfect. Tried these on a whim and they're now my go-to. And a dependable fit. However, poor ventilation. Takes a few sessions to break in",decent but not perfect tried these on a whim and they're now my go to and a dependable fit however poor ventilation takes a few sessions to break in,29,https://runrepeat.com/jordan-luka-4,gen_947539,2024-05-28T06:52:42.000+00:00
Jordan Luka 4,gen_511565030,4,positive,Solid performance shoe,And a dependable fit. Durable outsole. A bit firm underfoot. Sizing is spot on. Best shoe I've played in this year.,Solid performance shoe. And a dependable fit. Durable outsole. A bit firm underfoot. Sizing is spot on. Best shoe I've played in this year,solid performance shoe and a dependable fit durable outsole a bit firm underfoot sizing is spot on best shoe i've played in this year,24,https://runrepeat.com/jordan-luka-4,gen_947539,2024-05-09T06:52:42.000+00:00
Jordan Luka 4,gen_609475969,5,positive,Great basketball shoe,As a coach I've seen a lot of shoes and Stability. Balanced cushioning and court feel. Never slipped once. Highly recommend.,Great basketball shoe. As a coach I've seen a lot of shoes and Stability. Balanced cushioning and court feel. Never slipped once. Highly recommend,great basketball shoe as a coach i've seen a lot of shoes and stability balanced cushioning and court feel never slipped once highly recommend,24,https://runrepeat.com/jordan-luka-4,gen_947539,2024-04-26T06:52:42.000+00:00
Jordan Luka 4,gen_144714243,4,positive,and a dependable fit,These shoes are solid. Lighter-than-average weight. Stability. Doesn't slow you down. Game changer for me.,and a dependable fit. These shoes are solid. Lighter-than-average weight. Stability. Doesn't slow you down. Game changer for me,and a dependable fit these shoes are solid lighter than average weight stability doesn't slow you down game changer for me,21,https://runrepeat.com/jordan-luka-4,gen_947539,2024-06-24T06:52:42.000+00:00
Jordan Luka 4,gen_338623744,4,positive,Love these shoes,Game-tested these for about 10 sessions. Durable outsole. Containment. Feels almost weightless on foot. Fits true to size.,Love these shoes. Game-tested these for about 10 sessions. Durable outsole. Containment. Feels almost weightless on foot. Fits true to size,love these shoes game tested these for about 10 sessions durable outsole containment feels almost weightless on foot fits true to size,22,https://runrepeat.com/jordan-luka-4,gen_947539,2024-12-14T06:52:42.000+00:00
Jordan Luka 4,gen_350631398,3,neutral,Good not great,"Bought these for the season and have no regrets. Durable outsole. However, indoor-only leanings. Decent shoe overall but nothing special.","Good not great. Bought these for the season and have no regrets. Durable outsole. However, indoor-only leanings. Decent shoe overall but nothing special",good not great bought these for the season and have no regrets durable outsole however indoor only leanings decent shoe overall but nothing special,24,https://runrepeat.com/jordan-luka-4,gen_947539,2025-12-02T06:52:42.000+00:00
Jordan Luka 4,gen_946430264,5,positive,Great basketball shoe,Stability. Balanced cushioning and court feel. Locks in on hardwood.,Great basketball shoe. Stability. Balanced cushioning and court feel. Locks in on hardwood,great basketball shoe stability balanced cushioning and court feel locks in on hardwood,13,https://runrepeat.com/jordan-luka-4,gen_947539,2024-08-02T06:52:42.000+00:00
Jordan Luka 4,gen_413574181,5,positive,Worth it,"As a casual hooper, Balanced cushioning and court feel. And a dependable fit. Great grip on the court. Ordered my normal size and it fits perfectly. Would buy again.","Worth it. As a casual hooper, Balanced cushioning and court feel. And a dependable fit. Great grip on the court. Ordered my normal size and it fits perfectly. Would buy again",worth it as a casual hooper balanced cushioning and court feel and a dependable fit great grip on the court ordered my normal size and it fits perfectly would buy again,31,https://runrepeat.com/jordan-luka-4,gen_947539,2025-04-08T06:52:42.000+00:00
Jordan Luka 4,gen_646452617,3,neutral,Decent but not perfect,"Big sneaker collector here — Lighter-than-average weight. However, indoor-only leanings. Takes a few sessions to break in","Decent but not perfect. Big sneaker collector here — Lighter-than-average weight. However, indoor-only leanings. Takes a few sessions to break in",decent but not perfect big sneaker collector here lighter than average weight however indoor only leanings takes a few sessions to break in,23,https://runrepeat.com/jordan-luka-4,gen_947539,2025-10-25T06:52:42.000+00:00
Nike G.T. Hustle 3,gen_113259857,4,positive,Worth it,Decent traction. Good heel support. Feels almost weightless on foot. Ordered my normal size and it fits perfectly. Game changer for me.,Worth it. Decent traction. Good heel support. Feels almost weightless on foot. Ordered my normal size and it fits perfectly. Game changer for me,worth it decent traction good heel support feels almost weightless on foot ordered my normal size and it fits perfectly game changer for me,24,https://runrepeat.com/nike-gt-hustle-3,gen_463768,2024-09-11T06:52:42.000+00:00
Nike G.T. Hustle 3,gen_320359688,4,positive,Love these shoes,Really happy with this purchase. Breathability. Good heel support. Traction is elite.,Love these shoes. Really happy with this purchase. Breathability. Good heel support. Traction is elite,love these shoes really happy with this purchase breathability good heel support traction is elite,15,https://runrepeat.com/nike-gt-hustle-3,gen_463768,2024-09-11T06:52:42.000+00:00
Nike G.T. Hustle 3,gen_879801561,5,positive,Worth it,Light weight. Durability. Sticky rubber outsole. Best shoe I've played in this year.,Worth it. Light weight. Durability. Sticky rubber outsole. Best shoe I've played in this year,worth it light weight durability sticky rubber outsole best shoe i've played in this year,15,https://runrepeat.com/nike-gt-hustle-3,gen_463768,2026-03-25T06:52:42.000+00:00
Nike G.T. Hustle 3,gen_567613530,5,positive,Great basketball shoe,Got these for my daughter and Light weight. Decent traction. Responsive cushioning. Sizing is spot on. Best shoe I've played in this year.,Great basketball shoe. Got these for my daughter and Light weight. Decent traction. Responsive cushioning. Sizing is spot on. Best shoe I've played in this year,great basketball shoe got these for my daughter and light weight decent traction responsive cushioning sizing is spot on best shoe i've played in this year,26,https://runrepeat.com/nike-gt-hustle-3,gen_463768,2026-04-13T06:52:42.000+00:00
Nike G.T. Hustle 3,gen_961519106,5,positive,Highly recommend,Got these for my daughter and Decent traction. Strong zoom air pop. Impact protection is top notch. Best shoe I've played in this year.,Highly recommend. Got these for my daughter and Decent traction. Strong zoom air pop. Impact protection is top notch. Best shoe I've played in this year,highly recommend got these for my daughter and decent traction strong zoom air pop impact protection is top notch best shoe i've played in this year,26,https://runrepeat.com/nike-gt-hustle-3,gen_463768,2025-07-21T06:52:42.000+00:00
Nike G.T. Hustle 3,gen_627132857,4,positive,Worth it,Just finished my third week in these. Breathability. Huge impact protection. Locks in on hardwood. Fits true to size. Highly recommend.,Worth it. Just finished my third week in these. Breathability. Huge impact protection. Locks in on hardwood. Fits true to size. Highly recommend,worth it just finished my third week in these breathability huge impact protection locks in on hardwood fits true to size highly recommend,23,https://runrepeat.com/nike-gt-hustle-3,gen_463768,2025-12-21T06:52:42.000+00:00
Nike G.T. Hustle 3,gen_8485260,5,positive,Worth it,Strong zoom air pop. Durability. Feels like running on clouds. Sizing is spot on.,Worth it. Strong zoom air pop. Durability. Feels like running on clouds. Sizing is spot on,worth it strong zoom air pop durability feels like running on clouds sizing is spot on,16,https://runrepeat.com/nike-gt-hustle-3,gen_463768,2024-09-11T06:52:42.000+00:00
Nike G.T. Hustle 3,gen_528491248,5,positive,Solid performance shoe,Breathability. Light weight. Locks in on hardwood. Stays locked through cuts.,Solid performance shoe. Breathability. Light weight. Locks in on hardwood. Stays locked through cuts,solid performance shoe breathability light weight locks in on hardwood stays locked through cuts,14,https://runrepeat.com/nike-gt-hustle-3,gen_463768,2024-12-19T06:52:42.000+00:00
Nike G.T. Hustle 3,gen_704486801,4,positive,Best on the court,Got these for my daughter and Good heel support. Light weight. Traction is elite.,Best on the court. Got these for my daughter and Good heel support. Light weight. Traction is elite,best on the court got these for my daughter and good heel support light weight traction is elite,18,https://runrepeat.com/nike-gt-hustle-3,gen_463768,2026-04-10T06:52:42.000+00:00
Nike G.T. Hustle 3,gen_853239828,4,positive,Solid performance shoe,Big sneaker collector here — Breathability. Huge impact protection. Impact protection is top notch. Sizing is spot on.,Solid performance shoe. Big sneaker collector here — Breathability. Huge impact protection. Impact protection is top notch. Sizing is spot on,solid performance shoe big sneaker collector here breathability huge impact protection impact protection is top notch sizing is spot on,20,https://runrepeat.com/nike-gt-hustle-3,gen_463768,2025-04-13T06:52:42.000+00:00
Nike G.T. Hustle 3,gen_546457801,4,positive,Solid performance shoe,"Bought these for several players on my team, Decent traction. Good heel support. Feels almost weightless on foot. Sizing is spot on. Foot doesn't move at all.","Solid performance shoe. Bought these for several players on my team, Decent traction. Good heel support. Feels almost weightless on foot. Sizing is spot on. Foot doesn't move at all",solid performance shoe bought these for several players on my team decent traction good heel support feels almost weightless on foot sizing is spot on foot doesn't move at all,30,https://runrepeat.com/nike-gt-hustle-3,gen_463768,2024-05-20T06:52:42.000+00:00
Nike G.T. Hustle 3,gen_316563447,5,positive,light weight,Durability. And comfort. Cushioning is insane. Ordered my normal size and it fits perfectly. Lockdown is excellent. Game changer for me.,light weight. Durability. And comfort. Cushioning is insane. Ordered my normal size and it fits perfectly. Lockdown is excellent. Game changer for me,light weight durability and comfort cushioning is insane ordered my normal size and it fits perfectly lockdown is excellent game changer for me,23,https://runrepeat.com/nike-gt-hustle-3,gen_463768,2025-12-06T06:52:42.000+00:00
Nike G.T. Hustle 3,gen_453028166,4,positive,decent traction,"Bought these for several players on my team, Strong zoom air pop. Light weight. Traction is elite. Super secure fit. Highly recommend.","decent traction. Bought these for several players on my team, Strong zoom air pop. Light weight. Traction is elite. Super secure fit. Highly recommend",decent traction bought these for several players on my team strong zoom air pop light weight traction is elite super secure fit highly recommend,24,https://runrepeat.com/nike-gt-hustle-3,gen_463768,2025-01-17T06:52:42.000+00:00
Nike G.T. Hustle 3,gen_776246809,4,positive,Love these shoes,Got these for my daughter and Breathability. Good heel support. The grip is phenomenal. Sizing is spot on.,Love these shoes. Got these for my daughter and Breathability. Good heel support. The grip is phenomenal. Sizing is spot on,love these shoes got these for my daughter and breathability good heel support the grip is phenomenal sizing is spot on,21,https://runrepeat.com/nike-gt-hustle-3,gen_463768,2025-10-01T06:52:42.000+00:00
Nike G.T. Hustle 3,gen_736077225,5,positive,good heel support,Got these for my daughter and And comfort. Durability. Responsive cushioning. Fits true to size. Super secure fit. Would buy again.,good heel support. Got these for my daughter and And comfort. Durability. Responsive cushioning. Fits true to size. Super secure fit. Would buy again,good heel support got these for my daughter and and comfort durability responsive cushioning fits true to size super secure fit would buy again,24,https://runrepeat.com/nike-gt-hustle-3,gen_463768,2025-11-02T06:52:42.000+00:00
Nike G.T. Hustle 3,gen_311274624,5,positive,Solid performance shoe,Huge impact protection. Strong zoom air pop. Great grip on the court. Sizing is spot on. Super secure fit.,Solid performance shoe. Huge impact protection. Strong zoom air pop. Great grip on the court. Sizing is spot on. Super secure fit,solid performance shoe huge impact protection strong zoom air pop great grip on the court sizing is spot on super secure fit,22,https://runrepeat.com/nike-gt-hustle-3,gen_463768,2024-08-11T06:52:42.000+00:00
Nike G.T. Hustle 3,gen_713643707,5,positive,Love these shoes,And comfort. Light weight. Great grip on the court. Fits true to size. Foot doesn't move at all.,Love these shoes. And comfort. Light weight. Great grip on the court. Fits true to size. Foot doesn't move at all,love these shoes and comfort light weight great grip on the court fits true to size foot doesn't move at all,21,https://runrepeat.com/nike-gt-hustle-3,gen_463768,2024-05-05T06:52:42.000+00:00
Nike G.T. Hustle 3,gen_971847167,4,positive,Highly recommend,"As a competitive player, Huge impact protection. Light weight. Impact protection is top notch. Sizing is spot on.","Highly recommend. As a competitive player, Huge impact protection. Light weight. Impact protection is top notch. Sizing is spot on",highly recommend as a competitive player huge impact protection light weight impact protection is top notch sizing is spot on,20,https://runrepeat.com/nike-gt-hustle-3,gen_463768,2026-01-06T06:52:42.000+00:00
Nike G.T. Hustle 3,gen_35704207,3,neutral,Has its pros and cons,"Compared to my other pairs, Durability. However, possible instability for lighter players. Needed about a week to feel natural","Has its pros and cons. Compared to my other pairs, Durability. However, possible instability for lighter players. Needed about a week to feel natural",has its pros and cons compared to my other pairs durability however possible instability for lighter players needed about a week to feel natural,24,https://runrepeat.com/nike-gt-hustle-3,gen_463768,2025-08-12T06:52:42.000+00:00
Nike G.T. Hustle 3,gen_340612830,5,positive,Solid performance shoe,"As a competitive player, Strong zoom air pop. And comfort. Great underfoot feel. Sizing is spot on. Best shoe I've played in this year.","Solid performance shoe. As a competitive player, Strong zoom air pop. And comfort. Great underfoot feel. Sizing is spot on. Best shoe I've played in this year",solid performance shoe as a competitive player strong zoom air pop and comfort great underfoot feel sizing is spot on best shoe i've played in this year,27,https://runrepeat.com/nike-gt-hustle-3,gen_463768,2025-07-18T06:52:42.000+00:00
Nike Giannis Freak 6,gen_887970350,4,positive,Love these shoes,Tried these on a whim and they're now my go-to. Overall stability. Good court feel. The grip is phenomenal. Highly recommend.,Love these shoes. Tried these on a whim and they're now my go-to. Overall stability. Good court feel. The grip is phenomenal. Highly recommend,love these shoes tried these on a whim and they're now my go to overall stability good court feel the grip is phenomenal highly recommend,25,https://runrepeat.com/nike-giannis-freak-6,gen_221503,2024-10-08T06:52:42.000+00:00
Nike Giannis Freak 6,gen_182777077,4,positive,Highly recommend,Just finished my third week in these. Excellent traction. Overall stability. A bit firm underfoot. Fits true to size. Best shoe I've played in this year.,Highly recommend. Just finished my third week in these. Excellent traction. Overall stability. A bit firm underfoot. Fits true to size. Best shoe I've played in this year,highly recommend just finished my third week in these excellent traction overall stability a bit firm underfoot fits true to size best shoe i've played in this year,28,https://runrepeat.com/nike-giannis-freak-6,gen_221503,2024-05-12T06:52:42.000+00:00
Nike Giannis Freak 6,gen_760883704,5,positive,Love these shoes,Good court feel. Overall stability. Locks in on hardwood. Super secure fit. Game changer for me.,Love these shoes. Good court feel. Overall stability. Locks in on hardwood. Super secure fit. Game changer for me,love these shoes good court feel overall stability locks in on hardwood super secure fit game changer for me,19,https://runrepeat.com/nike-giannis-freak-6,gen_221503,2024-07-29T06:52:42.000+00:00
Nike Giannis Freak 6,gen_157357063,4,positive,Love these shoes,Been wearing these for a few months now. Quickness. Containment. The grip is phenomenal. Fits true to size. Foot doesn't move at all.,Love these shoes. Been wearing these for a few months now. Quickness. Containment. The grip is phenomenal. Fits true to size. Foot doesn't move at all,love these shoes been wearing these for a few months now quickness containment the grip is phenomenal fits true to size foot doesn't move at all,26,https://runrepeat.com/nike-giannis-freak-6,gen_221503,2026-04-14T06:52:42.000+00:00
Nike Giannis Freak 6,gen_150580264,4,positive,Great basketball shoe,"As a competitive player, Good court feel. Overall stability. Never slipped once. Highly recommend.","Great basketball shoe. As a competitive player, Good court feel. Overall stability. Never slipped once. Highly recommend",great basketball shoe as a competitive player good court feel overall stability never slipped once highly recommend,17,https://runrepeat.com/nike-giannis-freak-6,gen_221503,2025-05-19T06:52:42.000+00:00
Nike Giannis Freak 6,gen_346038044,4,positive,Quickness,Been playing for 15 years and Quickness. Containment. Not the softest ride. Sizing is spot on.,Quickness. Been playing for 15 years and Quickness. Containment. Not the softest ride. Sizing is spot on,quickness been playing for 15 years and quickness containment not the softest ride sizing is spot on,17,https://runrepeat.com/nike-giannis-freak-6,gen_221503,2025-12-19T06:52:42.000+00:00
Nike Giannis Freak 6,gen_87551498,4,positive,Highly recommend,These shoes are solid. Excellent traction. Overall stability. Doesn't slow you down.,Highly recommend. These shoes are solid. Excellent traction. Overall stability. Doesn't slow you down,highly recommend these shoes are solid excellent traction overall stability doesn't slow you down,14,https://runrepeat.com/nike-giannis-freak-6,gen_221503,2024-12-24T06:52:42.000+00:00
Nike Giannis Freak 6,gen_621135699,3,neutral,Mixed feelings,"These shoes are solid. And move control. However, weak outsole durability and limited impact protection and energy return. Stiff at first but loosens up nicely","Mixed feelings. These shoes are solid. And move control. However, weak outsole durability and limited impact protection and energy return. Stiff at first but loosens up nicely",mixed feelings these shoes are solid and move control however weak outsole durability and limited impact protection and energy return stiff at first but loosens up nicely,27,https://runrepeat.com/nike-giannis-freak-6,gen_221503,2024-12-16T06:52:42.000+00:00
Nike Giannis Freak 6,gen_743107684,3,neutral,Has its pros and cons,"As a competitive player, And move control. However, weak outsole durability and limited impact protection and energy return. Takes a few sessions to break in","Has its pros and cons. As a competitive player, And move control. However, weak outsole durability and limited impact protection and energy return. Takes a few sessions to break in",has its pros and cons as a competitive player and move control however weak outsole durability and limited impact protection and energy return takes a few sessions to break in,30,https://runrepeat.com/nike-giannis-freak-6,gen_221503,2025-08-24T06:52:42.000+00:00
Nike Giannis Freak 6,gen_917229396,5,positive,Solid performance shoe,My kid loves these shoes. Containment. Quickness. A bit firm underfoot. Lockdown is excellent. Game changer for me.,Solid performance shoe. My kid loves these shoes. Containment. Quickness. A bit firm underfoot. Lockdown is excellent. Game changer for me,solid performance shoe my kid loves these shoes containment quickness a bit firm underfoot lockdown is excellent game changer for me,21,https://runrepeat.com/nike-giannis-freak-6,gen_221503,2024-05-18T06:52:42.000+00:00
Nike Giannis Freak 6,gen_716305660,2,negative,Expected better,"For rec league ball, Weak outsole durability and limited impact protection and energy return. Expected more.","Expected better. For rec league ball, Weak outsole durability and limited impact protection and energy return. Expected more",expected better for rec league ball weak outsole durability and limited impact protection and energy return expected more,18,https://runrepeat.com/nike-giannis-freak-6,gen_221503,2024-07-28T06:52:42.000+00:00
Nike Giannis Freak 6,gen_128022731,4,positive,good court feel,"As a casual hooper, Excellent traction. Containment. Traction is elite. Fits true to size. Stays locked through cuts.","good court feel. As a casual hooper, Excellent traction. Containment. Traction is elite. Fits true to size. Stays locked through cuts",good court feel as a casual hooper excellent traction containment traction is elite fits true to size stays locked through cuts,21,https://runrepeat.com/nike-giannis-freak-6,gen_221503,2025-05-02T06:52:42.000+00:00
Nike Giannis Freak 6,gen_979666754,4,positive,Worth it,Been playing for 15 years and Good court feel. Excellent traction. Never slipped once. One of my favorite basketball shoes.,Worth it. Been playing for 15 years and Good court feel. Excellent traction. Never slipped once. One of my favorite basketball shoes,worth it been playing for 15 years and good court feel excellent traction never slipped once one of my favorite basketball shoes,22,https://runrepeat.com/nike-giannis-freak-6,gen_221503,2024-10-14T06:52:42.000+00:00
Nike Giannis Freak 6,gen_959695250,4,positive,Solid performance shoe,Good court feel. Overall stability. Never slipped once.,Solid performance shoe. Good court feel. Overall stability. Never slipped once,solid performance shoe good court feel overall stability never slipped once,11,https://runrepeat.com/nike-giannis-freak-6,gen_221503,2025-11-09T06:52:42.000+00:00
Nike Giannis Freak 6,gen_858552995,5,positive,Best on the court,Containment. Good court feel. Not the softest ride. Ordered my normal size and it fits perfectly.,Best on the court. Containment. Good court feel. Not the softest ride. Ordered my normal size and it fits perfectly,best on the court containment good court feel not the softest ride ordered my normal size and it fits perfectly,20,https://runrepeat.com/nike-giannis-freak-6,gen_221503,2026-04-03T06:52:42.000+00:00
Nike Giannis Freak 6,gen_969087509,5,positive,containment,Really happy with this purchase. And move control. Containment. A bit firm underfoot. Ordered my normal size and it fits perfectly. Best shoe I've played in this year.,containment. Really happy with this purchase. And move control. Containment. A bit firm underfoot. Ordered my normal size and it fits perfectly. Best shoe I've played in this year,containment really happy with this purchase and move control containment a bit firm underfoot ordered my normal size and it fits perfectly best shoe i've played in this year,29,https://runrepeat.com/nike-giannis-freak-6,gen_221503,2025-07-07T06:52:42.000+00:00
Nike Giannis Freak 6,gen_91763448,4,positive,Solid performance shoe,Got these for my daughter and And move control. Quickness. The grip is phenomenal. Lockdown is excellent. Game changer for me.,Solid performance shoe. Got these for my daughter and And move control. Quickness. The grip is phenomenal. Lockdown is excellent. Game changer for me,solid performance shoe got these for my daughter and and move control quickness the grip is phenomenal lockdown is excellent game changer for me,24,https://runrepeat.com/nike-giannis-freak-6,gen_221503,2025-10-08T06:52:42.000+00:00
Nike Giannis Freak 6,gen_642853207,5,positive,Great basketball shoe,Tried these on a whim and they're now my go-to. Containment. And move control. Doesn't slow you down. Foot doesn't move at all.,Great basketball shoe. Tried these on a whim and they're now my go-to. Containment. And move control. Doesn't slow you down. Foot doesn't move at all,great basketball shoe tried these on a whim and they're now my go to containment and move control doesn't slow you down foot doesn't move at all,27,https://runrepeat.com/nike-giannis-freak-6,gen_221503,2026-02-09T06:52:42.000+00:00
Nike Giannis Freak 6,gen_829617389,5,positive,Highly recommend,Overall stability. Quickness. Sticky rubber outsole. One of my favorite basketball shoes.,Highly recommend. Overall stability. Quickness. Sticky rubber outsole. One of my favorite basketball shoes,highly recommend overall stability quickness sticky rubber outsole one of my favorite basketball shoes,14,https://runrepeat.com/nike-giannis-freak-6,gen_221503,2024-04-27T06:52:42.000+00:00
Nike Giannis Freak 6,gen_335213362,4,positive,Quickness,I own about 30 pairs of basketball shoes and And move control. Quickness. Never slipped once. Fits true to size. Would buy again.,Quickness. I own about 30 pairs of basketball shoes and And move control. Quickness. Never slipped once. Fits true to size. Would buy again,quickness i own about 30 pairs of basketball shoes and and move control quickness never slipped once fits true to size would buy again,24,https://runrepeat.com/nike-giannis-freak-6,gen_221503,2024-10-25T06:52:42.000+00:00
Nike KD 17,gen_574673076,4,positive,Love these shoes,Game-tested these for about 10 sessions. Breathability. And toe-drag protection. Great underfoot feel. Ordered my normal size and it fits perfectly. Foot doesn't move at all. Would buy again.,Love these shoes. Game-tested these for about 10 sessions. Breathability. And toe-drag protection. Great underfoot feel. Ordered my normal size and it fits perfectly. Foot doesn't move at all. Would buy again,love these shoes game tested these for about 10 sessions breathability and toe drag protection great underfoot feel ordered my normal size and it fits perfectly foot doesn't move at all would buy again,34,https://runrepeat.com/nike-kd-17,gen_860368,2025-04-03T06:52:42.000+00:00
Nike KD 17,gen_779440763,5,positive,Love these shoes,These shoes are solid. Comfort. And toe-drag protection. The grip is phenomenal. One of my favorite basketball shoes.,Love these shoes. These shoes are solid. Comfort. And toe-drag protection. The grip is phenomenal. One of my favorite basketball shoes,love these shoes these shoes are solid comfort and toe drag protection the grip is phenomenal one of my favorite basketball shoes,22,https://runrepeat.com/nike-kd-17,gen_860368,2025-09-07T06:52:42.000+00:00
Nike KD 17,gen_377496029,4,positive,snappy forefoot,Got these for my daughter and Comfort. And toe-drag protection. Impact protection is top notch. Highly recommend.,snappy forefoot. Got these for my daughter and Comfort. And toe-drag protection. Impact protection is top notch. Highly recommend,snappy forefoot got these for my daughter and comfort and toe drag protection impact protection is top notch highly recommend,20,https://runrepeat.com/nike-kd-17,gen_860368,2025-01-06T06:52:42.000+00:00
Nike KD 17,gen_167617431,4,positive,Highly recommend,I play D3 ball and Snappy forefoot. Containment. Never slipped once. No heel slip whatsoever. Would buy again.,Highly recommend. I play D3 ball and Snappy forefoot. Containment. Never slipped once. No heel slip whatsoever. Would buy again,highly recommend i play d3 ball and snappy forefoot containment never slipped once no heel slip whatsoever would buy again,20,https://runrepeat.com/nike-kd-17,gen_860368,2026-02-02T06:52:42.000+00:00
Nike KD 17,gen_933888941,5,positive,consistent traction,"Bought these for several players on my team, Containment. Comfort. Great underfoot feel. Ordered my normal size and it fits perfectly. Highly recommend.","consistent traction. Bought these for several players on my team, Containment. Comfort. Great underfoot feel. Ordered my normal size and it fits perfectly. Highly recommend",consistent traction bought these for several players on my team containment comfort great underfoot feel ordered my normal size and it fits perfectly highly recommend,25,https://runrepeat.com/nike-kd-17,gen_860368,2025-05-15T06:52:42.000+00:00
Nike KD 17,gen_863359517,4,positive,consistent traction,Snappy forefoot. Consistent traction. Great underfoot feel.,consistent traction. Snappy forefoot. Consistent traction. Great underfoot feel,consistent traction snappy forefoot consistent traction great underfoot feel,9,https://runrepeat.com/nike-kd-17,gen_860368,2024-07-14T06:52:42.000+00:00
Nike KD 17,gen_34985260,3,neutral,Mixed feelings,"I play pickup 3x a week and Consistent traction. However, and a somewhat wide opening. Needed about a week to feel natural","Mixed feelings. I play pickup 3x a week and Consistent traction. However, and a somewhat wide opening. Needed about a week to feel natural",mixed feelings i play pickup 3x a week and consistent traction however and a somewhat wide opening needed about a week to feel natural,24,https://runrepeat.com/nike-kd-17,gen_860368,2025-05-23T06:52:42.000+00:00
Nike KD 17,gen_499315120,4,positive,Highly recommend,And toe-drag protection. Breathability. Absorbs landings beautifully. No heel slip whatsoever. Game changer for me.,Highly recommend. And toe-drag protection. Breathability. Absorbs landings beautifully. No heel slip whatsoever. Game changer for me,highly recommend and toe drag protection breathability absorbs landings beautifully no heel slip whatsoever game changer for me,18,https://runrepeat.com/nike-kd-17,gen_860368,2025-11-22T06:52:42.000+00:00
Nike KD 17,gen_722957092,5,positive,Love these shoes,Breathability. Cushioned heel. Traction is elite. Sizing is spot on. Would buy again.,Love these shoes. Breathability. Cushioned heel. Traction is elite. Sizing is spot on. Would buy again,love these shoes breathability cushioned heel traction is elite sizing is spot on would buy again,16,https://runrepeat.com/nike-kd-17,gen_860368,2024-12-16T06:52:42.000+00:00
Nike KD 17,gen_644516515,3,neutral,Okay shoe overall,"Snappy forefoot. However, and a somewhat wide opening. Needed about a week to feel natural","Okay shoe overall. Snappy forefoot. However, and a somewhat wide opening. Needed about a week to feel natural",okay shoe overall snappy forefoot however and a somewhat wide opening needed about a week to feel natural,18,https://runrepeat.com/nike-kd-17,gen_860368,2025-08-17T06:52:42.000+00:00
Nike KD 17,gen_887807023,4,positive,Love these shoes,"Bought these for several players on my team, Containment. Support. Great underfoot feel. Sizing is spot on. Super secure fit. Highly recommend.","Love these shoes. Bought these for several players on my team, Containment. Support. Great underfoot feel. Sizing is spot on. Super secure fit. Highly recommend",love these shoes bought these for several players on my team containment support great underfoot feel sizing is spot on super secure fit highly recommend,25,https://runrepeat.com/nike-kd-17,gen_860368,2025-06-14T06:52:42.000+00:00
Nike KD 17,gen_940570292,3,neutral,Good not great,"And toe-drag protection. However, and a somewhat wide opening. Needed about a week to feel natural","Good not great. And toe-drag protection. However, and a somewhat wide opening. Needed about a week to feel natural",good not great and toe drag protection however and a somewhat wide opening needed about a week to feel natural,20,https://runrepeat.com/nike-kd-17,gen_860368,2025-01-26T06:52:42.000+00:00
Nike KD 17,gen_721010215,4,positive,Support,Been playing for 15 years and Cushioned heel. Breathability. Responsive cushioning. Lockdown is excellent. Best shoe I've played in this year.,Support. Been playing for 15 years and Cushioned heel. Breathability. Responsive cushioning. Lockdown is excellent. Best shoe I've played in this year,support been playing for 15 years and cushioned heel breathability responsive cushioning lockdown is excellent best shoe i've played in this year,22,https://runrepeat.com/nike-kd-17,gen_860368,2025-11-22T06:52:42.000+00:00
Nike KD 17,gen_268147924,5,positive,Great basketball shoe,Tried these on a whim and they're now my go-to. And toe-drag protection. Support. Sticky rubber outsole. Ordered my normal size and it fits perfectly. Stays locked through cuts. One of my favorite basketball shoes.,Great basketball shoe. Tried these on a whim and they're now my go-to. And toe-drag protection. Support. Sticky rubber outsole. Ordered my normal size and it fits perfectly. Stays locked through cuts. One of my favorite basketball shoes,great basketball shoe tried these on a whim and they're now my go to and toe drag protection support sticky rubber outsole ordered my normal size and it fits perfectly stays locked through cuts one of my favorite basketball shoes,40,https://runrepeat.com/nike-kd-17,gen_860368,2024-10-08T06:52:42.000+00:00
Nike KD 17,gen_102639829,5,positive,Best on the court,Breathability. Comfort. Doesn't slow you down. Foot doesn't move at all. Would buy again.,Best on the court. Breathability. Comfort. Doesn't slow you down. Foot doesn't move at all. Would buy again,best on the court breathability comfort doesn't slow you down foot doesn't move at all would buy again,18,https://runrepeat.com/nike-kd-17,gen_860368,2024-05-09T06:52:42.000+00:00
Nike KD 17,gen_818839811,4,positive,Great basketball shoe,Finally pulled the trigger on these and glad I did. Comfort. Consistent traction. Feels almost weightless on foot. Lockdown is excellent. Game changer for me.,Great basketball shoe. Finally pulled the trigger on these and glad I did. Comfort. Consistent traction. Feels almost weightless on foot. Lockdown is excellent. Game changer for me,great basketball shoe finally pulled the trigger on these and glad i did comfort consistent traction feels almost weightless on foot lockdown is excellent game changer for me,28,https://runrepeat.com/nike-kd-17,gen_860368,2025-08-29T06:52:42.000+00:00
Nike KD 17,gen_542251998,3,neutral,Mixed feelings,"Game-tested these for about 10 sessions. And toe-drag protection. However, and a somewhat wide opening. Takes a few sessions to break in","Mixed feelings. Game-tested these for about 10 sessions. And toe-drag protection. However, and a somewhat wide opening. Takes a few sessions to break in",mixed feelings game tested these for about 10 sessions and toe drag protection however and a somewhat wide opening takes a few sessions to break in,26,https://runrepeat.com/nike-kd-17,gen_860368,2025-10-14T06:52:42.000+00:00
Nike KD 17,gen_589265875,5,positive,Best on the court,Support. Containment. Doesn't slow you down. No heel slip whatsoever.,Best on the court. Support. Containment. Doesn't slow you down. No heel slip whatsoever,best on the court support containment doesn't slow you down no heel slip whatsoever,14,https://runrepeat.com/nike-kd-17,gen_860368,2026-04-04T06:52:42.000+00:00
Nike KD 17,gen_526234291,3,neutral,Has its pros and cons,"My kid loves these shoes. Snappy forefoot. However, and a somewhat wide opening. Stiff at first but loosens up nicely","Has its pros and cons. My kid loves these shoes. Snappy forefoot. However, and a somewhat wide opening. Stiff at first but loosens up nicely",has its pros and cons my kid loves these shoes snappy forefoot however and a somewhat wide opening stiff at first but loosens up nicely,25,https://runrepeat.com/nike-kd-17,gen_860368,2026-02-18T06:52:42.000+00:00
Nike KD 17,gen_375319113,4,positive,Solid performance shoe,Snappy forefoot. Containment. Sticky rubber outsole. Game changer for me.,Solid performance shoe. Snappy forefoot. Containment. Sticky rubber outsole. Game changer for me,solid performance shoe snappy forefoot containment sticky rubber outsole game changer for me,13,https://runrepeat.com/nike-kd-17,gen_860368,2024-11-05T06:52:42.000+00:00
Under Armour Curry 11,gen_600250839,5,positive,Highly recommend,Bought these after my old pair died. Comfort. Support. Super lightweight. Fits true to size.,Highly recommend. Bought these after my old pair died. Comfort. Support. Super lightweight. Fits true to size,highly recommend bought these after my old pair died comfort support super lightweight fits true to size,17,https://runrepeat.com/under-armour-curry-11,gen_586409,2025-02-23T06:52:42.000+00:00
Under Armour Curry 11,gen_381245600,4,positive,Love these shoes,Support. And court feel. Feels almost weightless on foot. Fits true to size. Foot doesn't move at all. Best shoe I've played in this year.,Love these shoes. Support. And court feel. Feels almost weightless on foot. Fits true to size. Foot doesn't move at all. Best shoe I've played in this year,love these shoes support and court feel feels almost weightless on foot fits true to size foot doesn't move at all best shoe i've played in this year,28,https://runrepeat.com/under-armour-curry-11,gen_586409,2024-07-30T06:52:42.000+00:00
Under Armour Curry 11,gen_179630565,4,positive,Best on the court,A good blend of shock absorption and bounce. Support. Super lightweight. Ordered my normal size and it fits perfectly. Best shoe I've played in this year.,Best on the court. A good blend of shock absorption and bounce. Support. Super lightweight. Ordered my normal size and it fits perfectly. Best shoe I've played in this year,best on the court a good blend of shock absorption and bounce support super lightweight ordered my normal size and it fits perfectly best shoe i've played in this year,30,https://runrepeat.com/under-armour-curry-11,gen_586409,2024-12-28T06:52:42.000+00:00
Under Armour Curry 11,gen_47837032,4,positive,Worth it,My kid loves these shoes. Strong heel lockdown. And court feel. Super lightweight. Fits true to size. Lockdown is excellent.,Worth it. My kid loves these shoes. Strong heel lockdown. And court feel. Super lightweight. Fits true to size. Lockdown is excellent,worth it my kid loves these shoes strong heel lockdown and court feel super lightweight fits true to size lockdown is excellent,22,https://runrepeat.com/under-armour-curry-11,gen_586409,2025-02-24T06:52:42.000+00:00
Under Armour Curry 11,gen_382219492,5,positive,Worth it,Tried these on a whim and they're now my go-to. And court feel. Comfort. Feels almost weightless on foot.,Worth it. Tried these on a whim and they're now my go-to. And court feel. Comfort. Feels almost weightless on foot,worth it tried these on a whim and they're now my go to and court feel comfort feels almost weightless on foot,22,https://runrepeat.com/under-armour-curry-11,gen_586409,2025-02-09T06:52:42.000+00:00
Under Armour Curry 11,gen_208005579,5,positive,strong heel lockdown,Support. Low weight. Feels almost weightless on foot. Best shoe I've played in this year.,strong heel lockdown. Support. Low weight. Feels almost weightless on foot. Best shoe I've played in this year,strong heel lockdown support low weight feels almost weightless on foot best shoe i've played in this year,18,https://runrepeat.com/under-armour-curry-11,gen_586409,2024-07-05T06:52:42.000+00:00
Under Armour Curry 11,gen_959726413,5,positive,support,These shoes are solid. A good blend of shock absorption and bounce. Comfort. Doesn't slow you down. Ordered my normal size and it fits perfectly. No heel slip whatsoever. Highly recommend.,support. These shoes are solid. A good blend of shock absorption and bounce. Comfort. Doesn't slow you down. Ordered my normal size and it fits perfectly. No heel slip whatsoever. Highly recommend,support these shoes are solid a good blend of shock absorption and bounce comfort doesn't slow you down ordered my normal size and it fits perfectly no heel slip whatsoever highly recommend,32,https://runrepeat.com/under-armour-curry-11,gen_586409,2025-10-10T06:52:42.000+00:00
Under Armour Curry 11,gen_192483638,4,positive,Solid performance shoe,Low weight. Strong heel lockdown. Super lightweight. Ordered my normal size and it fits perfectly.,Solid performance shoe. Low weight. Strong heel lockdown. Super lightweight. Ordered my normal size and it fits perfectly,solid performance shoe low weight strong heel lockdown super lightweight ordered my normal size and it fits perfectly,18,https://runrepeat.com/under-armour-curry-11,gen_586409,2025-11-28T06:52:42.000+00:00
Under Armour Curry 11,gen_459080324,4,positive,strong heel lockdown,"Bought these for several players on my team, Top-tier traction. A good blend of shock absorption and bounce. Doesn't slow you down. Game changer for me.","strong heel lockdown. Bought these for several players on my team, Top-tier traction. A good blend of shock absorption and bounce. Doesn't slow you down. Game changer for me",strong heel lockdown bought these for several players on my team top tier traction a good blend of shock absorption and bounce doesn't slow you down game changer for me,30,https://runrepeat.com/under-armour-curry-11,gen_586409,2025-05-26T06:52:42.000+00:00
Under Armour Curry 11,gen_953410175,5,positive,Great basketball shoe,A good blend of shock absorption and bounce. Strong heel lockdown. Super lightweight. Ordered my normal size and it fits perfectly.,Great basketball shoe. A good blend of shock absorption and bounce. Strong heel lockdown. Super lightweight. Ordered my normal size and it fits perfectly,great basketball shoe a good blend of shock absorption and bounce strong heel lockdown super lightweight ordered my normal size and it fits perfectly,24,https://runrepeat.com/under-armour-curry-11,gen_586409,2025-11-06T06:52:42.000+00:00
Under Armour Curry 11,gen_505830985,5,positive,Worth it,"As a casual hooper, Strong heel lockdown. Support. Feels almost weightless on foot. Ordered my normal size and it fits perfectly. Stays locked through cuts.","Worth it. As a casual hooper, Strong heel lockdown. Support. Feels almost weightless on foot. Ordered my normal size and it fits perfectly. Stays locked through cuts",worth it as a casual hooper strong heel lockdown support feels almost weightless on foot ordered my normal size and it fits perfectly stays locked through cuts,27,https://runrepeat.com/under-armour-curry-11,gen_586409,2025-11-10T06:52:42.000+00:00
Under Armour Curry 11,gen_283328524,5,positive,Best on the court,I recommend these to my players. Low weight. Comfort. Doesn't slow you down. Foot doesn't move at all. Highly recommend.,Best on the court. I recommend these to my players. Low weight. Comfort. Doesn't slow you down. Foot doesn't move at all. Highly recommend,best on the court i recommend these to my players low weight comfort doesn't slow you down foot doesn't move at all highly recommend,24,https://runrepeat.com/under-armour-curry-11,gen_586409,2025-02-17T06:52:42.000+00:00
Under Armour Curry 11,gen_98666669,3,neutral,Has its pros and cons,"Low weight. However, a weak outsole and foam durability concerns. Takes a few sessions to break in","Has its pros and cons. Low weight. However, a weak outsole and foam durability concerns. Takes a few sessions to break in",has its pros and cons low weight however a weak outsole and foam durability concerns takes a few sessions to break in,22,https://runrepeat.com/under-armour-curry-11,gen_586409,2025-12-09T06:52:42.000+00:00
Under Armour Curry 11,gen_600652605,4,positive,Great basketball shoe,Tried these on a whim and they're now my go-to. And court feel. Strong heel lockdown. Doesn't slow you down. Would buy again.,Great basketball shoe. Tried these on a whim and they're now my go-to. And court feel. Strong heel lockdown. Doesn't slow you down. Would buy again,great basketball shoe tried these on a whim and they're now my go to and court feel strong heel lockdown doesn't slow you down would buy again,27,https://runrepeat.com/under-armour-curry-11,gen_586409,2024-08-28T06:52:42.000+00:00
Under Armour Curry 11,gen_627317045,5,positive,Solid performance shoe,Needed a new pair for the season and these delivered. Top-tier traction. A good blend of shock absorption and bounce. Doesn't slow you down. Ordered my normal size and it fits perfectly.,Solid performance shoe. Needed a new pair for the season and these delivered. Top-tier traction. A good blend of shock absorption and bounce. Doesn't slow you down. Ordered my normal size and it fits perfectly,solid performance shoe needed a new pair for the season and these delivered top tier traction a good blend of shock absorption and bounce doesn't slow you down ordered my normal size and it fits perfectly,36,https://runrepeat.com/under-armour-curry-11,gen_586409,2026-03-03T06:52:42.000+00:00
Under Armour Curry 11,gen_328910741,4,positive,Highly recommend,These shoes are solid. Support. Comfort. Doesn't slow you down. Fits true to size. No heel slip whatsoever.,Highly recommend. These shoes are solid. Support. Comfort. Doesn't slow you down. Fits true to size. No heel slip whatsoever,highly recommend these shoes are solid support comfort doesn't slow you down fits true to size no heel slip whatsoever,20,https://runrepeat.com/under-armour-curry-11,gen_586409,2025-11-08T06:52:42.000+00:00
Under Armour Curry 11,gen_743728553,4,positive,Love these shoes,Comfort. And court feel. Super lightweight. Highly recommend.,Love these shoes. Comfort. And court feel. Super lightweight. Highly recommend,love these shoes comfort and court feel super lightweight highly recommend,11,https://runrepeat.com/under-armour-curry-11,gen_586409,2026-01-17T06:52:42.000+00:00
Under Armour Curry 11,gen_987238886,4,positive,Love these shoes,My kid loves these shoes. And court feel. Top-tier traction. Feels almost weightless on foot. No heel slip whatsoever. One of my favorite basketball shoes.,Love these shoes. My kid loves these shoes. And court feel. Top-tier traction. Feels almost weightless on foot. No heel slip whatsoever. One of my favorite basketball shoes,love these shoes my kid loves these shoes and court feel top tier traction feels almost weightless on foot no heel slip whatsoever one of my favorite basketball shoes,29,https://runrepeat.com/under-armour-curry-11,gen_586409,2025-05-20T06:52:42.000+00:00
Under Armour Curry 11,gen_912088062,5,positive,Solid performance shoe,I own about 30 pairs of basketball shoes and Comfort. Top-tier traction. Super lightweight. Highly recommend.,Solid performance shoe. I own about 30 pairs of basketball shoes and Comfort. Top-tier traction. Super lightweight. Highly recommend,solid performance shoe i own about 30 pairs of basketball shoes and comfort top tier traction super lightweight highly recommend,20,https://runrepeat.com/under-armour-curry-11,gen_586409,2024-12-13T06:52:42.000+00:00
Under Armour Curry 11,gen_673630094,5,positive,Worth it,Low weight. Strong heel lockdown. Doesn't slow you down. Stays locked through cuts.,Worth it. Low weight. Strong heel lockdown. Doesn't slow you down. Stays locked through cuts,worth it low weight strong heel lockdown doesn't slow you down stays locked through cuts,15,https://runrepeat.com/under-armour-curry-11,gen_586409,2025-04-25T06:52:42.000+00:00
Nike LeBron Witness 9,gen_980644474,5,positive,Great basketball shoe,Really happy with this purchase. Improved durability. And reactx-based cushioning that provides average-level shock absorption and energy return. Thin on cushioning. One of my favorite basketball shoes.,Great basketball shoe. Really happy with this purchase. Improved durability. And reactx-based cushioning that provides average-level shock absorption and energy return. Thin on cushioning. One of my favorite basketball shoes,great basketball shoe really happy with this purchase improved durability and reactx based cushioning that provides average level shock absorption and energy return thin on cushioning one of my favorite basketball shoes,32,https://runrepeat.com/nike-le-bron-witness-9,gen_148539,2025-05-08T06:52:42.000+00:00
Nike LeBron Witness 9,gen_128262880,4,positive,Worth it,Been wearing these for a few months now. Upgraded stability. Improved durability. Sticky rubber outsole. Highly recommend.,Worth it. Been wearing these for a few months now. Upgraded stability. Improved durability. Sticky rubber outsole. Highly recommend,worth it been wearing these for a few months now upgraded stability improved durability sticky rubber outsole highly recommend,19,https://runrepeat.com/nike-le-bron-witness-9,gen_148539,2024-06-30T06:52:42.000+00:00
Nike LeBron Witness 9,gen_57873892,3,neutral,Good not great,"As a coach I've seen a lot of shoes and And reactx-based cushioning that provides average-level shock absorption and energy return. However, its more basic build and the lack of high-end features. Decent shoe overall but nothing special.","Good not great. As a coach I've seen a lot of shoes and And reactx-based cushioning that provides average-level shock absorption and energy return. However, its more basic build and the lack of high-end features. Decent shoe overall but nothing special",good not great as a coach i've seen a lot of shoes and and reactx based cushioning that provides average level shock absorption and energy return however its more basic build and the lack of high end features decent shoe overall but nothing special,44,https://runrepeat.com/nike-le-bron-witness-9,gen_148539,2025-02-23T06:52:42.000+00:00
Nike LeBron Witness 9,gen_891411252,4,positive,Budget-friendly value,"Compared to my other pairs, Improved durability. Budget-friendly value. Locks in on hardwood. Super secure fit. Would buy again.","Budget-friendly value. Compared to my other pairs, Improved durability. Budget-friendly value. Locks in on hardwood. Super secure fit. Would buy again",budget friendly value compared to my other pairs improved durability budget friendly value locks in on hardwood super secure fit would buy again,23,https://runrepeat.com/nike-le-bron-witness-9,gen_148539,2025-07-09T06:52:42.000+00:00
Nike LeBron Witness 9,gen_686139268,3,neutral,Decent but not perfect,"Upgraded stability. However, its more basic build and the lack of high-end features. Needed about a week to feel natural","Decent but not perfect. Upgraded stability. However, its more basic build and the lack of high-end features. Needed about a week to feel natural",decent but not perfect upgraded stability however its more basic build and the lack of high end features needed about a week to feel natural,25,https://runrepeat.com/nike-le-bron-witness-9,gen_148539,2024-08-21T06:52:42.000+00:00
Nike LeBron Witness 9,gen_520156631,4,positive,Budget-friendly value,These shoes are solid. Improved durability. Strong traction for the price. Traction is elite. Fits true to size. Super secure fit. One of my favorite basketball shoes.,Budget-friendly value. These shoes are solid. Improved durability. Strong traction for the price. Traction is elite. Fits true to size. Super secure fit. One of my favorite basketball shoes,budget friendly value these shoes are solid improved durability strong traction for the price traction is elite fits true to size super secure fit one of my favorite basketball shoes,30,https://runrepeat.com/nike-le-bron-witness-9,gen_148539,2025-10-25T06:52:42.000+00:00
Nike LeBron Witness 9,gen_696352296,5,positive,Love these shoes,Strong traction for the price. Budget-friendly value. Not the softest ride. Super secure fit.,Love these shoes. Strong traction for the price. Budget-friendly value. Not the softest ride. Super secure fit,love these shoes strong traction for the price budget friendly value not the softest ride super secure fit,18,https://runrepeat.com/nike-le-bron-witness-9,gen_148539,2024-11-02T06:52:42.000+00:00
Nike LeBron Witness 9,gen_791299125,4,positive,improved durability,Bought these for my son and And reactx-based cushioning that provides average-level shock absorption and energy return. Upgraded stability. Locks in on hardwood.,improved durability. Bought these for my son and And reactx-based cushioning that provides average-level shock absorption and energy return. Upgraded stability. Locks in on hardwood,improved durability bought these for my son and and reactx based cushioning that provides average level shock absorption and energy return upgraded stability locks in on hardwood,27,https://runrepeat.com/nike-le-bron-witness-9,gen_148539,2024-11-04T06:52:42.000+00:00
Nike LeBron Witness 9,gen_989052489,4,positive,Great basketball shoe,And reactx-based cushioning that provides average-level shock absorption and energy return. Budget-friendly value. Sticky rubber outsole. Fits true to size. Super secure fit. One of my favorite basketball shoes.,Great basketball shoe. And reactx-based cushioning that provides average-level shock absorption and energy return. Budget-friendly value. Sticky rubber outsole. Fits true to size. Super secure fit. One of my favorite basketball shoes,great basketball shoe and reactx based cushioning that provides average level shock absorption and energy return budget friendly value sticky rubber outsole fits true to size super secure fit one of my favorite basketball shoes,35,https://runrepeat.com/nike-le-bron-witness-9,gen_148539,2024-07-07T06:52:42.000+00:00
Nike LeBron Witness 9,gen_218100452,5,positive,Love these shoes,Been playing for 15 years and And reactx-based cushioning that provides average-level shock absorption and energy return. Improved durability. Not the softest ride. Foot doesn't move at all. Highly recommend.,Love these shoes. Been playing for 15 years and And reactx-based cushioning that provides average-level shock absorption and energy return. Improved durability. Not the softest ride. Foot doesn't move at all. Highly recommend,love these shoes been playing for 15 years and and reactx based cushioning that provides average level shock absorption and energy return improved durability not the softest ride foot doesn't move at all highly recommend,35,https://runrepeat.com/nike-le-bron-witness-9,gen_148539,2024-07-24T06:52:42.000+00:00
Nike LeBron Witness 9,gen_416419716,5,positive,Best on the court,"For rec league ball, And reactx-based cushioning that provides average-level shock absorption and energy return. Improved durability. Never slipped once. Ordered my normal size and it fits perfectly. Would buy again.","Best on the court. For rec league ball, And reactx-based cushioning that provides average-level shock absorption and energy return. Improved durability. Never slipped once. Ordered my normal size and it fits perfectly. Would buy again",best on the court for rec league ball and reactx based cushioning that provides average level shock absorption and energy return improved durability never slipped once ordered my normal size and it fits perfectly would buy again,37,https://runrepeat.com/nike-le-bron-witness-9,gen_148539,2026-02-09T06:52:42.000+00:00
Nike LeBron Witness 9,gen_903253844,5,positive,Best on the court,These shoes are solid. Strong traction for the price. Budget-friendly value. Traction is elite. Fits true to size. Best shoe I've played in this year.,Best on the court. These shoes are solid. Strong traction for the price. Budget-friendly value. Traction is elite. Fits true to size. Best shoe I've played in this year,best on the court these shoes are solid strong traction for the price budget friendly value traction is elite fits true to size best shoe i've played in this year,30,https://runrepeat.com/nike-le-bron-witness-9,gen_148539,2024-08-24T06:52:42.000+00:00
Nike LeBron Witness 9,gen_356122857,5,positive,Best on the court,Bought these for my son and And reactx-based cushioning that provides average-level shock absorption and energy return. Budget-friendly value. Not the softest ride. No heel slip whatsoever. One of my favorite basketball shoes.,Best on the court. Bought these for my son and And reactx-based cushioning that provides average-level shock absorption and energy return. Budget-friendly value. Not the softest ride. No heel slip whatsoever. One of my favorite basketball shoes,best on the court bought these for my son and and reactx based cushioning that provides average level shock absorption and energy return budget friendly value not the softest ride no heel slip whatsoever one of my favorite basketball shoes,40,https://runrepeat.com/nike-le-bron-witness-9,gen_148539,2024-05-22T06:52:42.000+00:00
Nike LeBron Witness 9,gen_385325146,3,neutral,Mixed feelings,"I recommend these to my players. Upgraded stability. However, its more basic build and the lack of high-end features. Stiff at first but loosens up nicely","Mixed feelings. I recommend these to my players. Upgraded stability. However, its more basic build and the lack of high-end features. Stiff at first but loosens up nicely",mixed feelings i recommend these to my players upgraded stability however its more basic build and the lack of high end features stiff at first but loosens up nicely,29,https://runrepeat.com/nike-le-bron-witness-9,gen_148539,2025-03-17T06:52:42.000+00:00
Nike LeBron Witness 9,gen_549001014,5,positive,Worth it,Strong traction for the price. And reactx-based cushioning that provides average-level shock absorption and energy return. The grip is phenomenal. Fits true to size. No heel slip whatsoever.,Worth it. Strong traction for the price. And reactx-based cushioning that provides average-level shock absorption and energy return. The grip is phenomenal. Fits true to size. No heel slip whatsoever,worth it strong traction for the price and reactx based cushioning that provides average level shock absorption and energy return the grip is phenomenal fits true to size no heel slip whatsoever,32,https://runrepeat.com/nike-le-bron-witness-9,gen_148539,2025-07-07T06:52:42.000+00:00
Nike LeBron Witness 9,gen_902047467,5,positive,Best on the court,I own about 30 pairs of basketball shoes and Strong traction for the price. Budget-friendly value. Sticky rubber outsole. Super secure fit. Game changer for me.,Best on the court. I own about 30 pairs of basketball shoes and Strong traction for the price. Budget-friendly value. Sticky rubber outsole. Super secure fit. Game changer for me,best on the court i own about 30 pairs of basketball shoes and strong traction for the price budget friendly value sticky rubber outsole super secure fit game changer for me,31,https://runrepeat.com/nike-le-bron-witness-9,gen_148539,2024-08-26T06:52:42.000+00:00
Nike LeBron Witness 9,gen_421319363,4,positive,Highly recommend,I own about 30 pairs of basketball shoes and Strong traction for the price. And reactx-based cushioning that provides average-level shock absorption and energy return. Traction is elite. Ordered my normal size and it fits perfectly.,Highly recommend. I own about 30 pairs of basketball shoes and Strong traction for the price. And reactx-based cushioning that provides average-level shock absorption and energy return. Traction is elite. Ordered my normal size and it fits perfectly,highly recommend i own about 30 pairs of basketball shoes and strong traction for the price and reactx based cushioning that provides average level shock absorption and energy return traction is elite ordered my normal size and it fits perfectly,40,https://runrepeat.com/nike-le-bron-witness-9,gen_148539,2025-02-01T06:52:42.000+00:00
Nike LeBron Witness 9,gen_42785231,4,positive,and reactx-based cushioning that provides average-,Really happy with this purchase. And reactx-based cushioning that provides average-level shock absorption and energy return. Strong traction for the price. Traction is elite. Game changer for me.,and reactx-based cushioning that provides average-. Really happy with this purchase. And reactx-based cushioning that provides average-level shock absorption and energy return. Strong traction for the price. Traction is elite. Game changer for me,and reactx based cushioning that provides average really happy with this purchase and reactx based cushioning that provides average level shock absorption and energy return strong traction for the price traction is elite game changer for me,37,https://runrepeat.com/nike-le-bron-witness-9,gen_148539,2025-10-24T06:52:42.000+00:00
Nike LeBron Witness 9,gen_94416439,3,neutral,Has its pros and cons,"I recommend these to my players. And reactx-based cushioning that provides average-level shock absorption and energy return. However, its more basic build and the lack of high-end features. Stiff at first but loosens up nicely","Has its pros and cons. I recommend these to my players. And reactx-based cushioning that provides average-level shock absorption and energy return. However, its more basic build and the lack of high-end features. Stiff at first but loosens up nicely",has its pros and cons i recommend these to my players and reactx based cushioning that provides average level shock absorption and energy return however its more basic build and the lack of high end features stiff at first but loosens up nicely,43,https://runrepeat.com/nike-le-bron-witness-9,gen_148539,2024-12-02T06:52:42.000+00:00
Nike LeBron Witness 9,gen_589624454,5,positive,Great basketball shoe,Budget-friendly value. Upgraded stability. Could be lighter. Ordered my normal size and it fits perfectly. Stays locked through cuts. Would buy again.,Great basketball shoe. Budget-friendly value. Upgraded stability. Could be lighter. Ordered my normal size and it fits perfectly. Stays locked through cuts. Would buy again,great basketball shoe budget friendly value upgraded stability could be lighter ordered my normal size and it fits perfectly stays locked through cuts would buy again,26,https://runrepeat.com/nike-le-bron-witness-9,gen_148539,2025-09-24T06:52:42.000+00:00
Nike LeBron Witness 8,gen_246913063,4,positive,Great basketball shoe,Needed a new pair for the season and these delivered. A durable upper. Improved containment over the witness 7. Doesn't slow you down. Sizing is spot on. Would buy again.,Great basketball shoe. Needed a new pair for the season and these delivered. A durable upper. Improved containment over the witness 7. Doesn't slow you down. Sizing is spot on. Would buy again,great basketball shoe needed a new pair for the season and these delivered a durable upper improved containment over the witness 7 doesn't slow you down sizing is spot on would buy again,33,https://runrepeat.com/nike-lebron-witness-8,gen_725016,2024-12-22T06:52:42.000+00:00
Nike LeBron Witness 8,gen_594359681,4,positive,Highly recommend,Big sneaker collector here — A durable upper. Responsive cushioning. Never slipped once. Highly recommend.,Highly recommend. Big sneaker collector here — A durable upper. Responsive cushioning. Never slipped once. Highly recommend,highly recommend big sneaker collector here a durable upper responsive cushioning never slipped once highly recommend,16,https://runrepeat.com/nike-lebron-witness-8,gen_725016,2024-06-28T06:52:42.000+00:00
Nike LeBron Witness 8,gen_532463713,3,neutral,Decent but not perfect,"Finally pulled the trigger on these and glad I did. Responsive cushioning. However, only average stability. Needed about a week to feel natural","Decent but not perfect. Finally pulled the trigger on these and glad I did. Responsive cushioning. However, only average stability. Needed about a week to feel natural",decent but not perfect finally pulled the trigger on these and glad i did responsive cushioning however only average stability needed about a week to feel natural,27,https://runrepeat.com/nike-lebron-witness-8,gen_725016,2024-07-04T06:52:42.000+00:00
Nike LeBron Witness 8,gen_938166900,3,neutral,Mixed feelings,"A durable upper. However, and outsole durability issues. Needed about a week to feel natural","Mixed feelings. A durable upper. However, and outsole durability issues. Needed about a week to feel natural",mixed feelings a durable upper however and outsole durability issues needed about a week to feel natural,17,https://runrepeat.com/nike-lebron-witness-8,gen_725016,2025-01-12T06:52:42.000+00:00
Nike LeBron Witness 8,gen_94800505,4,positive,Solid performance shoe,Just finished my third week in these. Responsive cushioning. A durable upper. Super lightweight. Sizing is spot on. Best shoe I've played in this year.,Solid performance shoe. Just finished my third week in these. Responsive cushioning. A durable upper. Super lightweight. Sizing is spot on. Best shoe I've played in this year,solid performance shoe just finished my third week in these responsive cushioning a durable upper super lightweight sizing is spot on best shoe i've played in this year,28,https://runrepeat.com/nike-lebron-witness-8,gen_725016,2025-07-21T06:52:42.000+00:00
Nike LeBron Witness 8,gen_893662482,5,positive,Best on the court,I own about 30 pairs of basketball shoes and And padded comfort. A durable upper. Doesn't slow you down. Ordered my normal size and it fits perfectly.,Best on the court. I own about 30 pairs of basketball shoes and And padded comfort. A durable upper. Doesn't slow you down. Ordered my normal size and it fits perfectly,best on the court i own about 30 pairs of basketball shoes and and padded comfort a durable upper doesn't slow you down ordered my normal size and it fits perfectly,31,https://runrepeat.com/nike-lebron-witness-8,gen_725016,2025-11-28T06:52:42.000+00:00
Nike LeBron Witness 8,gen_789127050,2,negative,and outsole durability issues,Needed a new pair for the season and these delivered. Only average stability. And outsole durability issues. Disappointed overall.,and outsole durability issues. Needed a new pair for the season and these delivered. Only average stability. And outsole durability issues. Disappointed overall,and outsole durability issues needed a new pair for the season and these delivered only average stability and outsole durability issues disappointed overall,23,https://runrepeat.com/nike-lebron-witness-8,gen_725016,2024-07-16T06:52:42.000+00:00
Nike LeBron Witness 8,gen_43245885,5,positive,Worth it,These shoes are solid. Improved containment over the witness 7. Good traction. Not the softest ride. Sizing is spot on. One of my favorite basketball shoes.,Worth it. These shoes are solid. Improved containment over the witness 7. Good traction. Not the softest ride. Sizing is spot on. One of my favorite basketball shoes,worth it these shoes are solid improved containment over the witness 7 good traction not the softest ride sizing is spot on one of my favorite basketball shoes,28,https://runrepeat.com/nike-lebron-witness-8,gen_725016,2025-06-25T06:52:42.000+00:00
Nike LeBron Witness 8,gen_734708755,4,positive,Highly recommend,Improved containment over the witness 7. And padded comfort. The grip is phenomenal. One of my favorite basketball shoes.,Highly recommend. Improved containment over the witness 7. And padded comfort. The grip is phenomenal. One of my favorite basketball shoes,highly recommend improved containment over the witness 7 and padded comfort the grip is phenomenal one of my favorite basketball shoes,21,https://runrepeat.com/nike-lebron-witness-8,gen_725016,2024-07-22T06:52:42.000+00:00
Nike LeBron Witness 8,gen_969127916,5,positive,Love these shoes,"Bought these for several players on my team, Good traction. Improved containment over the witness 7. Never slipped once. Sizing is spot on. Super secure fit. Highly recommend.","Love these shoes. Bought these for several players on my team, Good traction. Improved containment over the witness 7. Never slipped once. Sizing is spot on. Super secure fit. Highly recommend",love these shoes bought these for several players on my team good traction improved containment over the witness 7 never slipped once sizing is spot on super secure fit highly recommend,31,https://runrepeat.com/nike-lebron-witness-8,gen_725016,2024-08-12T06:52:42.000+00:00
Nike LeBron Witness 8,gen_454081270,5,positive,Best on the court,Been wearing these for a few months now. Improved containment over the witness 7. Responsive cushioning. Not the softest ride. Ordered my normal size and it fits perfectly. Highly recommend.,Best on the court. Been wearing these for a few months now. Improved containment over the witness 7. Responsive cushioning. Not the softest ride. Ordered my normal size and it fits perfectly. Highly recommend,best on the court been wearing these for a few months now improved containment over the witness 7 responsive cushioning not the softest ride ordered my normal size and it fits perfectly highly recommend,34,https://runrepeat.com/nike-lebron-witness-8,gen_725016,2025-11-25T06:52:42.000+00:00
Nike LeBron Witness 8,gen_480631233,4,positive,and padded comfort,A durable upper. And padded comfort. Locks in on hardwood. Best shoe I've played in this year.,and padded comfort. A durable upper. And padded comfort. Locks in on hardwood. Best shoe I've played in this year,and padded comfort a durable upper and padded comfort locks in on hardwood best shoe i've played in this year,20,https://runrepeat.com/nike-lebron-witness-8,gen_725016,2025-05-04T06:52:42.000+00:00
Nike LeBron Witness 8,gen_109747913,4,positive,Worth it,Been wearing these for a few months now. A durable upper. And padded comfort. Not the softest ride. Ordered my normal size and it fits perfectly.,Worth it. Been wearing these for a few months now. A durable upper. And padded comfort. Not the softest ride. Ordered my normal size and it fits perfectly,worth it been wearing these for a few months now a durable upper and padded comfort not the softest ride ordered my normal size and it fits perfectly,28,https://runrepeat.com/nike-lebron-witness-8,gen_725016,2025-08-26T06:52:42.000+00:00
Nike LeBron Witness 8,gen_816151331,5,positive,Worth it,Finally pulled the trigger on these and glad I did. Good traction. Improved containment over the witness 7. Not the softest ride. Sizing is spot on.,Worth it. Finally pulled the trigger on these and glad I did. Good traction. Improved containment over the witness 7. Not the softest ride. Sizing is spot on,worth it finally pulled the trigger on these and glad i did good traction improved containment over the witness 7 not the softest ride sizing is spot on,28,https://runrepeat.com/nike-lebron-witness-8,gen_725016,2026-03-11T06:52:42.000+00:00
Nike LeBron Witness 8,gen_173888959,4,positive,Best on the court,Bought these for the season and have no regrets. Improved containment over the witness 7. And padded comfort. Never slipped once. Stays locked through cuts. Would buy again.,Best on the court. Bought these for the season and have no regrets. Improved containment over the witness 7. And padded comfort. Never slipped once. Stays locked through cuts. Would buy again,best on the court bought these for the season and have no regrets improved containment over the witness 7 and padded comfort never slipped once stays locked through cuts would buy again,32,https://runrepeat.com/nike-lebron-witness-8,gen_725016,2024-06-03T06:52:42.000+00:00
Nike LeBron Witness 8,gen_636738008,5,positive,and padded comfort,Responsive cushioning. Improved containment over the witness 7. Thin on cushioning. Fits true to size. Highly recommend.,and padded comfort. Responsive cushioning. Improved containment over the witness 7. Thin on cushioning. Fits true to size. Highly recommend,and padded comfort responsive cushioning improved containment over the witness 7 thin on cushioning fits true to size highly recommend,20,https://runrepeat.com/nike-lebron-witness-8,gen_725016,2024-11-01T06:52:42.000+00:00
Nike LeBron Witness 8,gen_431976739,4,positive,Worth it,"Bought these for several players on my team, Improved containment over the witness 7. And padded comfort. Locks in on hardwood. Ordered my normal size and it fits perfectly. Stays locked through cuts.","Worth it. Bought these for several players on my team, Improved containment over the witness 7. And padded comfort. Locks in on hardwood. Ordered my normal size and it fits perfectly. Stays locked through cuts",worth it bought these for several players on my team improved containment over the witness 7 and padded comfort locks in on hardwood ordered my normal size and it fits perfectly stays locked through cuts,35,https://runrepeat.com/nike-lebron-witness-8,gen_725016,2025-09-12T06:52:42.000+00:00
Nike LeBron Witness 8,gen_719772526,4,positive,Worth it,Needed a new pair for the season and these delivered. Responsive cushioning. A durable upper. Feels almost weightless on foot.,Worth it. Needed a new pair for the season and these delivered. Responsive cushioning. A durable upper. Feels almost weightless on foot,worth it needed a new pair for the season and these delivered responsive cushioning a durable upper feels almost weightless on foot,22,https://runrepeat.com/nike-lebron-witness-8,gen_725016,2025-10-15T06:52:42.000+00:00
Nike LeBron Witness 8,gen_469997858,4,positive,Worth it,Been playing for 15 years and Good traction. A durable upper. Never slipped once.,Worth it. Been playing for 15 years and Good traction. A durable upper. Never slipped once,worth it been playing for 15 years and good traction a durable upper never slipped once,16,https://runrepeat.com/nike-lebron-witness-8,gen_725016,2025-05-26T06:52:42.000+00:00
Nike LeBron Witness 8,gen_384874765,3,neutral,Has its pros and cons,"These shoes are solid. A durable upper. However, limited suitability for bigger bodies. Stiff at first but loosens up nicely","Has its pros and cons. These shoes are solid. A durable upper. However, limited suitability for bigger bodies. Stiff at first but loosens up nicely",has its pros and cons these shoes are solid a durable upper however limited suitability for bigger bodies stiff at first but loosens up nicely,25,https://runrepeat.com/nike-lebron-witness-8,gen_725016,2026-02-20T06:52:42.000+00:00
Adidas Anthony Edwards 2,gen_159501118,5,positive,Highly recommend,Balanced cushioning and court feel. Great stability. You feel the weight after a long game. Sizing is spot on. Game changer for me.,Highly recommend. Balanced cushioning and court feel. Great stability. You feel the weight after a long game. Sizing is spot on. Game changer for me,highly recommend balanced cushioning and court feel great stability you feel the weight after a long game sizing is spot on game changer for me,25,https://runrepeat.com/adidas-anthony-edwards-2,gen_841885,2024-12-19T06:52:42.000+00:00
Adidas Anthony Edwards 2,gen_712633282,5,positive,Solid performance shoe,Tried these on a whim and they're now my go-to. Improved energy return. Strong power transfer. Thin on cushioning. Super secure fit. Highly recommend.,Solid performance shoe. Tried these on a whim and they're now my go-to. Improved energy return. Strong power transfer. Thin on cushioning. Super secure fit. Highly recommend,solid performance shoe tried these on a whim and they're now my go to improved energy return strong power transfer thin on cushioning super secure fit highly recommend,28,https://runrepeat.com/adidas-anthony-edwards-2,gen_841885,2025-04-13T06:52:42.000+00:00
Adidas Anthony Edwards 2,gen_90000492,5,positive,strong power transfer,My kid loves these shoes. And excellent durability. Balanced cushioning and court feel. Could be lighter. Ordered my normal size and it fits perfectly. No heel slip whatsoever.,strong power transfer. My kid loves these shoes. And excellent durability. Balanced cushioning and court feel. Could be lighter. Ordered my normal size and it fits perfectly. No heel slip whatsoever,strong power transfer my kid loves these shoes and excellent durability balanced cushioning and court feel could be lighter ordered my normal size and it fits perfectly no heel slip whatsoever,31,https://runrepeat.com/adidas-anthony-edwards-2,gen_841885,2025-06-20T06:52:42.000+00:00
Adidas Anthony Edwards 2,gen_51111280,5,positive,Solid performance shoe,Really happy with this purchase. Workable breathability. A dependable medium fit. You feel the weight after a long game. Fits true to size. Stays locked through cuts. Game changer for me.,Solid performance shoe. Really happy with this purchase. Workable breathability. A dependable medium fit. You feel the weight after a long game. Fits true to size. Stays locked through cuts. Game changer for me,solid performance shoe really happy with this purchase workable breathability a dependable medium fit you feel the weight after a long game fits true to size stays locked through cuts game changer for me,34,https://runrepeat.com/adidas-anthony-edwards-2,gen_841885,2026-02-17T06:52:42.000+00:00
Adidas Anthony Edwards 2,gen_573898440,5,positive,Best on the court,And excellent durability. A dependable medium fit. The grip is phenomenal. Fits true to size. Lockdown is excellent. Would buy again.,Best on the court. And excellent durability. A dependable medium fit. The grip is phenomenal. Fits true to size. Lockdown is excellent. Would buy again,best on the court and excellent durability a dependable medium fit the grip is phenomenal fits true to size lockdown is excellent would buy again,25,https://runrepeat.com/adidas-anthony-edwards-2,gen_841885,2024-06-22T06:52:42.000+00:00
Adidas Anthony Edwards 2,gen_7670910,5,positive,Best on the court,Strong power transfer. Great stability. You feel the weight after a long game. Would buy again.,Best on the court. Strong power transfer. Great stability. You feel the weight after a long game. Would buy again,best on the court strong power transfer great stability you feel the weight after a long game would buy again,20,https://runrepeat.com/adidas-anthony-edwards-2,gen_841885,2024-12-08T06:52:42.000+00:00
Adidas Anthony Edwards 2,gen_491841751,4,positive,Great basketball shoe,Great stability. Workable breathability. Could be lighter. Fits true to size.,Great basketball shoe. Great stability. Workable breathability. Could be lighter. Fits true to size,great basketball shoe great stability workable breathability could be lighter fits true to size,14,https://runrepeat.com/adidas-anthony-edwards-2,gen_841885,2026-01-13T06:52:42.000+00:00
Adidas Anthony Edwards 2,gen_672734299,5,positive,Best on the court,Really happy with this purchase. Improved energy return. A dependable medium fit. Runs a little heavy. Foot doesn't move at all. Game changer for me.,Best on the court. Really happy with this purchase. Improved energy return. A dependable medium fit. Runs a little heavy. Foot doesn't move at all. Game changer for me,best on the court really happy with this purchase improved energy return a dependable medium fit runs a little heavy foot doesn't move at all game changer for me,29,https://runrepeat.com/adidas-anthony-edwards-2,gen_841885,2025-05-25T06:52:42.000+00:00
Adidas Anthony Edwards 2,gen_18624388,5,positive,Worth it,Just finished my third week in these. And excellent durability. Improved energy return. Runs a little heavy. Fits true to size. Foot doesn't move at all.,Worth it. Just finished my third week in these. And excellent durability. Improved energy return. Runs a little heavy. Fits true to size. Foot doesn't move at all,worth it just finished my third week in these and excellent durability improved energy return runs a little heavy fits true to size foot doesn't move at all,28,https://runrepeat.com/adidas-anthony-edwards-2,gen_841885,2025-11-01T06:52:42.000+00:00
Adidas Anthony Edwards 2,gen_922902154,5,positive,Love these shoes,I own about 30 pairs of basketball shoes and Strong power transfer. Improved energy return. Great grip on the court. Ordered my normal size and it fits perfectly.,Love these shoes. I own about 30 pairs of basketball shoes and Strong power transfer. Improved energy return. Great grip on the court. Ordered my normal size and it fits perfectly,love these shoes i own about 30 pairs of basketball shoes and strong power transfer improved energy return great grip on the court ordered my normal size and it fits perfectly,31,https://runrepeat.com/adidas-anthony-edwards-2,gen_841885,2026-04-06T06:52:42.000+00:00
Adidas Anthony Edwards 2,gen_659154514,3,neutral,Mixed feelings,"I play pickup 3x a week and Improved energy return. However, and poor streetball suitability. Stiff at first but loosens up nicely","Mixed feelings. I play pickup 3x a week and Improved energy return. However, and poor streetball suitability. Stiff at first but loosens up nicely",mixed feelings i play pickup 3x a week and improved energy return however and poor streetball suitability stiff at first but loosens up nicely,24,https://runrepeat.com/adidas-anthony-edwards-2,gen_841885,2025-02-20T06:52:42.000+00:00
Adidas Anthony Edwards 2,gen_544406482,5,positive,workable breathability,Bought these for the season and have no regrets. Strong power transfer. A dependable medium fit. A bit firm underfoot. Fits true to size. Would buy again.,workable breathability. Bought these for the season and have no regrets. Strong power transfer. A dependable medium fit. A bit firm underfoot. Fits true to size. Would buy again,workable breathability bought these for the season and have no regrets strong power transfer a dependable medium fit a bit firm underfoot fits true to size would buy again,29,https://runrepeat.com/adidas-anthony-edwards-2,gen_841885,2024-11-27T06:52:42.000+00:00
Adidas Anthony Edwards 2,gen_978388476,5,positive,Great basketball shoe,Bought these for my son and Strong power transfer. Great stability. Locks in on hardwood. Ordered my normal size and it fits perfectly.,Great basketball shoe. Bought these for my son and Strong power transfer. Great stability. Locks in on hardwood. Ordered my normal size and it fits perfectly,great basketball shoe bought these for my son and strong power transfer great stability locks in on hardwood ordered my normal size and it fits perfectly,26,https://runrepeat.com/adidas-anthony-edwards-2,gen_841885,2024-10-17T06:52:42.000+00:00
Adidas Anthony Edwards 2,gen_513210020,5,positive,Highly recommend,Balanced cushioning and court feel. Improved energy return. Locks in on hardwood. Fits true to size.,Highly recommend. Balanced cushioning and court feel. Improved energy return. Locks in on hardwood. Fits true to size,highly recommend balanced cushioning and court feel improved energy return locks in on hardwood fits true to size,18,https://runrepeat.com/adidas-anthony-edwards-2,gen_841885,2024-12-23T06:52:42.000+00:00
Adidas Anthony Edwards 2,gen_866600119,5,positive,Highly recommend,Game-tested these for about 10 sessions. Balanced cushioning and court feel. Great stability. A bit firm underfoot. Ordered my normal size and it fits perfectly.,Highly recommend. Game-tested these for about 10 sessions. Balanced cushioning and court feel. Great stability. A bit firm underfoot. Ordered my normal size and it fits perfectly,highly recommend game tested these for about 10 sessions balanced cushioning and court feel great stability a bit firm underfoot ordered my normal size and it fits perfectly,28,https://runrepeat.com/adidas-anthony-edwards-2,gen_841885,2026-03-09T06:52:42.000+00:00
Adidas Anthony Edwards 2,gen_272924587,5,positive,Worth it,These shoes are solid. A dependable medium fit. Strong power transfer. Traction is elite. Fits true to size. One of my favorite basketball shoes.,Worth it. These shoes are solid. A dependable medium fit. Strong power transfer. Traction is elite. Fits true to size. One of my favorite basketball shoes,worth it these shoes are solid a dependable medium fit strong power transfer traction is elite fits true to size one of my favorite basketball shoes,26,https://runrepeat.com/adidas-anthony-edwards-2,gen_841885,2025-02-17T06:52:42.000+00:00
Adidas Anthony Edwards 2,gen_733781322,5,positive,Worth it,Bought these for my son and Balanced cushioning and court feel. Great stability. Traction is elite. Sizing is spot on. Would buy again.,Worth it. Bought these for my son and Balanced cushioning and court feel. Great stability. Traction is elite. Sizing is spot on. Would buy again,worth it bought these for my son and balanced cushioning and court feel great stability traction is elite sizing is spot on would buy again,25,https://runrepeat.com/adidas-anthony-edwards-2,gen_841885,2026-02-06T06:52:42.000+00:00
Adidas Anthony Edwards 2,gen_480819962,5,positive,Best on the court,As a coach I've seen a lot of shoes and Great stability. And excellent durability. Runs a little heavy. Sizing is spot on. No heel slip whatsoever.,Best on the court. As a coach I've seen a lot of shoes and Great stability. And excellent durability. Runs a little heavy. Sizing is spot on. No heel slip whatsoever,best on the court as a coach i've seen a lot of shoes and great stability and excellent durability runs a little heavy sizing is spot on no heel slip whatsoever,31,https://runrepeat.com/adidas-anthony-edwards-2,gen_841885,2024-07-14T06:52:42.000+00:00
Adidas Anthony Edwards 2,gen_815664630,5,positive,Love these shoes,"As a competitive player, Workable breathability. Strong power transfer. The grip is phenomenal. Fits true to size. Would buy again.","Love these shoes. As a competitive player, Workable breathability. Strong power transfer. The grip is phenomenal. Fits true to size. Would buy again",love these shoes as a competitive player workable breathability strong power transfer the grip is phenomenal fits true to size would buy again,23,https://runrepeat.com/adidas-anthony-edwards-2,gen_841885,2025-05-06T06:52:42.000+00:00
Adidas Anthony Edwards 2,gen_531116682,4,positive,Love these shoes,"Compared to my other pairs, Strong power transfer. Great stability. Runs a little heavy. Best shoe I've played in this year.","Love these shoes. Compared to my other pairs, Strong power transfer. Great stability. Runs a little heavy. Best shoe I've played in this year",love these shoes compared to my other pairs strong power transfer great stability runs a little heavy best shoe i've played in this year,24,https://runrepeat.com/adidas-anthony-edwards-2,gen_841885,2024-12-08T06:52:42.000+00:00
Adidas D.O.N. Issue #5,gen_341999361,5,positive,Solid performance shoe,Bought these after my old pair died. Great grip. Quickness. Super lightweight. Sizing is spot on. Lockdown is excellent. One of my favorite basketball shoes.,Solid performance shoe. Bought these after my old pair died. Great grip. Quickness. Super lightweight. Sizing is spot on. Lockdown is excellent. One of my favorite basketball shoes,solid performance shoe bought these after my old pair died great grip quickness super lightweight sizing is spot on lockdown is excellent one of my favorite basketball shoes,28,https://runrepeat.com/adidas-don-issue-5,gen_310220,2025-11-08T06:52:42.000+00:00
Adidas D.O.N. Issue #5,gen_468207639,4,positive,Solid performance shoe,Tried these on a whim and they're now my go-to. Quickness. Strong containment and stability. Doesn't slow you down. Sizing is spot on.,Solid performance shoe. Tried these on a whim and they're now my go-to. Quickness. Strong containment and stability. Doesn't slow you down. Sizing is spot on,solid performance shoe tried these on a whim and they're now my go to quickness strong containment and stability doesn't slow you down sizing is spot on,27,https://runrepeat.com/adidas-don-issue-5,gen_310220,2026-04-21T06:52:42.000+00:00
Adidas D.O.N. Issue #5,gen_761390569,4,positive,Great basketball shoe,These shoes are solid. Adaptability. Quickness. Feels almost weightless on foot. Would buy again.,Great basketball shoe. These shoes are solid. Adaptability. Quickness. Feels almost weightless on foot. Would buy again,great basketball shoe these shoes are solid adaptability quickness feels almost weightless on foot would buy again,17,https://runrepeat.com/adidas-don-issue-5,gen_310220,2024-05-21T06:52:42.000+00:00
Adidas D.O.N. Issue #5,gen_621704319,5,positive,Best on the court,Game-tested these for about 10 sessions. Great grip. And an affordable price. Feels almost weightless on foot. Ordered my normal size and it fits perfectly. Super secure fit. Best shoe I've played in this year.,Best on the court. Game-tested these for about 10 sessions. Great grip. And an affordable price. Feels almost weightless on foot. Ordered my normal size and it fits perfectly. Super secure fit. Best shoe I've played in this year,best on the court game tested these for about 10 sessions great grip and an affordable price feels almost weightless on foot ordered my normal size and it fits perfectly super secure fit best shoe i've played in this year,40,https://runrepeat.com/adidas-don-issue-5,gen_310220,2024-05-01T06:52:42.000+00:00
Adidas D.O.N. Issue #5,gen_635977432,5,positive,Best on the court,Been playing for 15 years and Strong containment and stability. Smooth transitions. Super lightweight.,Best on the court. Been playing for 15 years and Strong containment and stability. Smooth transitions. Super lightweight,best on the court been playing for 15 years and strong containment and stability smooth transitions super lightweight,18,https://runrepeat.com/adidas-don-issue-5,gen_310220,2024-05-03T06:52:42.000+00:00
Adidas D.O.N. Issue #5,gen_251117019,5,positive,strong containment and stability,Been playing for 15 years and Smooth transitions. Quickness. Feels almost weightless on foot. Sizing is spot on. No heel slip whatsoever. Highly recommend.,strong containment and stability. Been playing for 15 years and Smooth transitions. Quickness. Feels almost weightless on foot. Sizing is spot on. No heel slip whatsoever. Highly recommend,strong containment and stability been playing for 15 years and smooth transitions quickness feels almost weightless on foot sizing is spot on no heel slip whatsoever highly recommend,28,https://runrepeat.com/adidas-don-issue-5,gen_310220,2024-12-27T06:52:42.000+00:00
Adidas D.O.N. Issue #5,gen_417118634,5,positive,Best on the court,Game-tested these for about 10 sessions. And an affordable price. Great grip. Super lightweight. Would buy again.,Best on the court. Game-tested these for about 10 sessions. And an affordable price. Great grip. Super lightweight. Would buy again,best on the court game tested these for about 10 sessions and an affordable price great grip super lightweight would buy again,22,https://runrepeat.com/adidas-don-issue-5,gen_310220,2025-07-01T06:52:42.000+00:00
Adidas D.O.N. Issue #5,gen_741955152,4,positive,Great basketball shoe,I play D3 ball and Strong containment and stability. Quickness. Super lightweight.,Great basketball shoe. I play D3 ball and Strong containment and stability. Quickness. Super lightweight,great basketball shoe i play d3 ball and strong containment and stability quickness super lightweight,15,https://runrepeat.com/adidas-don-issue-5,gen_310220,2025-06-26T06:52:42.000+00:00
Adidas D.O.N. Issue #5,gen_737003413,4,positive,Worth it,Finally pulled the trigger on these and glad I did. Quickness. Great grip. Feels almost weightless on foot. Fits true to size. Best shoe I've played in this year.,Worth it. Finally pulled the trigger on these and glad I did. Quickness. Great grip. Feels almost weightless on foot. Fits true to size. Best shoe I've played in this year,worth it finally pulled the trigger on these and glad i did quickness great grip feels almost weightless on foot fits true to size best shoe i've played in this year,31,https://runrepeat.com/adidas-don-issue-5,gen_310220,2024-07-01T06:52:42.000+00:00
Adidas D.O.N. Issue #5,gen_208114566,5,positive,Solid performance shoe,"Compared to my other pairs, Adaptability. Quickness. Doesn't slow you down. Game changer for me.","Solid performance shoe. Compared to my other pairs, Adaptability. Quickness. Doesn't slow you down. Game changer for me",solid performance shoe compared to my other pairs adaptability quickness doesn't slow you down game changer for me,18,https://runrepeat.com/adidas-don-issue-5,gen_310220,2025-06-15T06:52:42.000+00:00
Adidas D.O.N. Issue #5,gen_356963586,5,positive,Highly recommend,My kid loves these shoes. Strong containment and stability. Quickness. Feels almost weightless on foot. One of my favorite basketball shoes.,Highly recommend. My kid loves these shoes. Strong containment and stability. Quickness. Feels almost weightless on foot. One of my favorite basketball shoes,highly recommend my kid loves these shoes strong containment and stability quickness feels almost weightless on foot one of my favorite basketball shoes,23,https://runrepeat.com/adidas-don-issue-5,gen_310220,2025-07-05T06:52:42.000+00:00
Adidas D.O.N. Issue #5,gen_321225774,4,positive,Highly recommend,Adaptability. Strong containment and stability. Super lightweight.,Highly recommend. Adaptability. Strong containment and stability. Super lightweight,highly recommend adaptability strong containment and stability super lightweight,9,https://runrepeat.com/adidas-don-issue-5,gen_310220,2025-11-16T06:52:42.000+00:00
Adidas D.O.N. Issue #5,gen_940064884,5,positive,Highly recommend,"For rec league ball, Smooth transitions. Strong containment and stability. Feels almost weightless on foot. Fits true to size. Lockdown is excellent.","Highly recommend. For rec league ball, Smooth transitions. Strong containment and stability. Feels almost weightless on foot. Fits true to size. Lockdown is excellent",highly recommend for rec league ball smooth transitions strong containment and stability feels almost weightless on foot fits true to size lockdown is excellent,24,https://runrepeat.com/adidas-don-issue-5,gen_310220,2025-05-05T06:52:42.000+00:00
Adidas D.O.N. Issue #5,gen_764532962,4,positive,Love these shoes,Bought these for the season and have no regrets. Great grip. And an affordable price. Feels almost weightless on foot.,Love these shoes. Bought these for the season and have no regrets. Great grip. And an affordable price. Feels almost weightless on foot,love these shoes bought these for the season and have no regrets great grip and an affordable price feels almost weightless on foot,23,https://runrepeat.com/adidas-don-issue-5,gen_310220,2025-05-30T06:52:42.000+00:00
Adidas D.O.N. Issue #5,gen_799260771,4,positive,Great basketball shoe,Bought these for the season and have no regrets. Quickness. Adaptability. Doesn't slow you down.,Great basketball shoe. Bought these for the season and have no regrets. Quickness. Adaptability. Doesn't slow you down,great basketball shoe bought these for the season and have no regrets quickness adaptability doesn't slow you down,18,https://runrepeat.com/adidas-don-issue-5,gen_310220,2025-01-25T06:52:42.000+00:00
Adidas D.O.N. Issue #5,gen_245454514,5,positive,Worth it,Strong containment and stability. Smooth transitions. Super lightweight. Sizing is spot on. One of my favorite basketball shoes.,Worth it. Strong containment and stability. Smooth transitions. Super lightweight. Sizing is spot on. One of my favorite basketball shoes,worth it strong containment and stability smooth transitions super lightweight sizing is spot on one of my favorite basketball shoes,20,https://runrepeat.com/adidas-don-issue-5,gen_310220,2026-01-18T06:52:42.000+00:00
Adidas D.O.N. Issue #5,gen_82582963,5,positive,Great basketball shoe,Strong containment and stability. Adaptability. Super lightweight. Ordered my normal size and it fits perfectly.,Great basketball shoe. Strong containment and stability. Adaptability. Super lightweight. Ordered my normal size and it fits perfectly,great basketball shoe strong containment and stability adaptability super lightweight ordered my normal size and it fits perfectly,18,https://runrepeat.com/adidas-don-issue-5,gen_310220,2026-01-23T06:52:42.000+00:00
Adidas D.O.N. Issue #5,gen_270790040,5,positive,Solid performance shoe,Smooth transitions. Great grip. Doesn't slow you down. Fits true to size. Game changer for me.,Solid performance shoe. Smooth transitions. Great grip. Doesn't slow you down. Fits true to size. Game changer for me,solid performance shoe smooth transitions great grip doesn't slow you down fits true to size game changer for me,19,https://runrepeat.com/adidas-don-issue-5,gen_310220,2025-04-06T06:52:42.000+00:00
Adidas D.O.N. Issue #5,gen_387653617,4,positive,Love these shoes,My kid loves these shoes. Smooth transitions. Great grip. Super lightweight.,Love these shoes. My kid loves these shoes. Smooth transitions. Great grip. Super lightweight,love these shoes my kid loves these shoes smooth transitions great grip super lightweight,14,https://runrepeat.com/adidas-don-issue-5,gen_310220,2025-01-24T06:52:42.000+00:00
Adidas D.O.N. Issue #5,gen_635705473,5,positive,Highly recommend,Needed a new pair for the season and these delivered. Smooth transitions. Great grip. Super lightweight. Sizing is spot on. One of my favorite basketball shoes.,Highly recommend. Needed a new pair for the season and these delivered. Smooth transitions. Great grip. Super lightweight. Sizing is spot on. One of my favorite basketball shoes,highly recommend needed a new pair for the season and these delivered smooth transitions great grip super lightweight sizing is spot on one of my favorite basketball shoes,28,https://runrepeat.com/adidas-don-issue-5,gen_310220,2026-02-14T06:52:42.000+00:00
Nike Giannis Immortality 4,gen_824151365,5,positive,Highly recommend,Got these for my daughter and And overall versatility. Value. Great underfoot feel. Foot doesn't move at all. Would buy again.,Highly recommend. Got these for my daughter and And overall versatility. Value. Great underfoot feel. Foot doesn't move at all. Would buy again,highly recommend got these for my daughter and and overall versatility value great underfoot feel foot doesn't move at all would buy again,23,https://runrepeat.com/nike-giannis-immortality-4,gen_683947,2026-03-24T06:52:42.000+00:00
Nike Giannis Immortality 4,gen_256043211,4,positive,impact protection,Speed. Lockdown. Feels like running on clouds.,impact protection. Speed. Lockdown. Feels like running on clouds,impact protection speed lockdown feels like running on clouds,9,https://runrepeat.com/nike-giannis-immortality-4,gen_683947,2024-12-21T06:52:42.000+00:00
Nike Giannis Immortality 4,gen_212951171,4,positive,Love these shoes,Bought these for the season and have no regrets. Support. Lockdown. The grip is phenomenal. Sizing is spot on. Would buy again.,Love these shoes. Bought these for the season and have no regrets. Support. Lockdown. The grip is phenomenal. Sizing is spot on. Would buy again,love these shoes bought these for the season and have no regrets support lockdown the grip is phenomenal sizing is spot on would buy again,25,https://runrepeat.com/nike-giannis-immortality-4,gen_683947,2026-02-27T06:52:42.000+00:00
Nike Giannis Immortality 4,gen_21295446,4,positive,Love these shoes,Value. Support. Never slipped once. Would buy again.,Love these shoes. Value. Support. Never slipped once. Would buy again,love these shoes value support never slipped once would buy again,11,https://runrepeat.com/nike-giannis-immortality-4,gen_683947,2026-01-16T06:52:42.000+00:00
Nike Giannis Immortality 4,gen_184964808,4,positive,Best on the court,Lockdown. Support. Great underfoot feel. Stays locked through cuts. Would buy again.,Best on the court. Lockdown. Support. Great underfoot feel. Stays locked through cuts. Would buy again,best on the court lockdown support great underfoot feel stays locked through cuts would buy again,16,https://runrepeat.com/nike-giannis-immortality-4,gen_683947,2026-04-09T06:52:42.000+00:00
Nike Giannis Immortality 4,gen_639698576,4,positive,Best on the court,My kid loves these shoes. Traction. Support. Doesn't slow you down. Foot doesn't move at all. Would buy again.,Best on the court. My kid loves these shoes. Traction. Support. Doesn't slow you down. Foot doesn't move at all. Would buy again,best on the court my kid loves these shoes traction support doesn't slow you down foot doesn't move at all would buy again,23,https://runrepeat.com/nike-giannis-immortality-4,gen_683947,2024-09-27T06:52:42.000+00:00
Nike Giannis Immortality 4,gen_619351256,5,positive,Solid performance shoe,Been wearing these for a few months now. Value. A wide landing base. Sticky rubber outsole. Sizing is spot on. No heel slip whatsoever.,Solid performance shoe. Been wearing these for a few months now. Value. A wide landing base. Sticky rubber outsole. Sizing is spot on. No heel slip whatsoever,solid performance shoe been wearing these for a few months now value a wide landing base sticky rubber outsole sizing is spot on no heel slip whatsoever,27,https://runrepeat.com/nike-giannis-immortality-4,gen_683947,2024-08-19T06:52:42.000+00:00
Nike Giannis Immortality 4,gen_325079606,5,positive,Highly recommend,Bought these for my son and A wide landing base. Impact protection. Feels almost weightless on foot. Would buy again.,Highly recommend. Bought these for my son and A wide landing base. Impact protection. Feels almost weightless on foot. Would buy again,highly recommend bought these for my son and a wide landing base impact protection feels almost weightless on foot would buy again,22,https://runrepeat.com/nike-giannis-immortality-4,gen_683947,2025-12-10T06:52:42.000+00:00
Nike Giannis Immortality 4,gen_788481349,3,neutral,Decent but not perfect,"Impact protection. However, weak streetball suitability. Decent shoe overall but nothing special.","Decent but not perfect. Impact protection. However, weak streetball suitability. Decent shoe overall but nothing special",decent but not perfect impact protection however weak streetball suitability decent shoe overall but nothing special,16,https://runrepeat.com/nike-giannis-immortality-4,gen_683947,2025-02-05T06:52:42.000+00:00
Nike Giannis Immortality 4,gen_717586068,3,neutral,Decent but not perfect,"I play D3 ball and Value. However, weak streetball suitability. Takes a few sessions to break in","Decent but not perfect. I play D3 ball and Value. However, weak streetball suitability. Takes a few sessions to break in",decent but not perfect i play d3 ball and value however weak streetball suitability takes a few sessions to break in,21,https://runrepeat.com/nike-giannis-immortality-4,gen_683947,2025-08-06T06:52:42.000+00:00
Nike Giannis Immortality 4,gen_557194281,5,positive,Great basketball shoe,Impact protection. Lockdown. Locks in on hardwood. Super secure fit. Would buy again.,Great basketball shoe. Impact protection. Lockdown. Locks in on hardwood. Super secure fit. Would buy again,great basketball shoe impact protection lockdown locks in on hardwood super secure fit would buy again,16,https://runrepeat.com/nike-giannis-immortality-4,gen_683947,2025-07-12T06:52:42.000+00:00
Nike Giannis Immortality 4,gen_218168474,5,positive,Love these shoes,A wide landing base. Lockdown. Absorbs landings beautifully. Ordered my normal size and it fits perfectly. Would buy again.,Love these shoes. A wide landing base. Lockdown. Absorbs landings beautifully. Ordered my normal size and it fits perfectly. Would buy again,love these shoes a wide landing base lockdown absorbs landings beautifully ordered my normal size and it fits perfectly would buy again,22,https://runrepeat.com/nike-giannis-immortality-4,gen_683947,2025-07-08T06:52:42.000+00:00
Nike Giannis Immortality 4,gen_285973432,4,positive,support,"Compared to my other pairs, Impact protection. And overall versatility. Doesn't slow you down. Best shoe I've played in this year.","support. Compared to my other pairs, Impact protection. And overall versatility. Doesn't slow you down. Best shoe I've played in this year",support compared to my other pairs impact protection and overall versatility doesn't slow you down best shoe i've played in this year,22,https://runrepeat.com/nike-giannis-immortality-4,gen_683947,2025-10-15T06:52:42.000+00:00
Nike Giannis Immortality 4,gen_585712103,5,positive,Worth it,"For rec league ball, Traction. A wide landing base. Locks in on hardwood.","Worth it. For rec league ball, Traction. A wide landing base. Locks in on hardwood",worth it for rec league ball traction a wide landing base locks in on hardwood,15,https://runrepeat.com/nike-giannis-immortality-4,gen_683947,2025-06-05T06:52:42.000+00:00
Nike Giannis Immortality 4,gen_289164118,5,positive,Solid performance shoe,Game-tested these for about 10 sessions. Lockdown. And overall versatility. Responsive cushioning. Sizing is spot on. Game changer for me.,Solid performance shoe. Game-tested these for about 10 sessions. Lockdown. And overall versatility. Responsive cushioning. Sizing is spot on. Game changer for me,solid performance shoe game tested these for about 10 sessions lockdown and overall versatility responsive cushioning sizing is spot on game changer for me,24,https://runrepeat.com/nike-giannis-immortality-4,gen_683947,2024-08-16T06:52:42.000+00:00
Nike Giannis Immortality 4,gen_902550750,4,positive,Worth it,As a coach I've seen a lot of shoes and Lockdown. Traction. Cushioning is insane. Fits true to size.,Worth it. As a coach I've seen a lot of shoes and Lockdown. Traction. Cushioning is insane. Fits true to size,worth it as a coach i've seen a lot of shoes and lockdown traction cushioning is insane fits true to size,21,https://runrepeat.com/nike-giannis-immortality-4,gen_683947,2024-05-27T06:52:42.000+00:00
Nike Giannis Immortality 4,gen_797839530,3,neutral,Has its pros and cons,"I play D3 ball and And overall versatility. However, weak streetball suitability. Decent shoe overall but nothing special.","Has its pros and cons. I play D3 ball and And overall versatility. However, weak streetball suitability. Decent shoe overall but nothing special",has its pros and cons i play d3 ball and and overall versatility however weak streetball suitability decent shoe overall but nothing special,23,https://runrepeat.com/nike-giannis-immortality-4,gen_683947,2025-01-29T06:52:42.000+00:00
Nike Giannis Immortality 4,gen_572533989,4,positive,Great basketball shoe,I play D3 ball and Impact protection. Speed. Doesn't slow you down. Super secure fit.,Great basketball shoe. I play D3 ball and Impact protection. Speed. Doesn't slow you down. Super secure fit,great basketball shoe i play d3 ball and impact protection speed doesn't slow you down super secure fit,18,https://runrepeat.com/nike-giannis-immortality-4,gen_683947,2025-05-11T06:52:42.000+00:00
Nike Giannis Immortality 4,gen_816942023,4,positive,Best on the court,As a coach I've seen a lot of shoes and And overall versatility. Support. Super lightweight. Game changer for me.,Best on the court. As a coach I've seen a lot of shoes and And overall versatility. Support. Super lightweight. Game changer for me,best on the court as a coach i've seen a lot of shoes and and overall versatility support super lightweight game changer for me,24,https://runrepeat.com/nike-giannis-immortality-4,gen_683947,2025-04-23T06:52:42.000+00:00
Nike Giannis Immortality 4,gen_757169572,4,positive,Worth it,Lockdown. Impact protection. Super lightweight. Fits true to size. No heel slip whatsoever. Would buy again.,Worth it. Lockdown. Impact protection. Super lightweight. Fits true to size. No heel slip whatsoever. Would buy again,worth it lockdown impact protection super lightweight fits true to size no heel slip whatsoever would buy again,18,https://runrepeat.com/nike-giannis-immortality-4,gen_683947,2026-03-23T06:52:42.000+00:00
Jordan Luka 2,gen_463150629,4,positive,Great basketball shoe,Strong support. Durable indoor construction. Sizing is spot on. Would buy again.,Great basketball shoe. Strong support. Durable indoor construction. Sizing is spot on. Would buy again,great basketball shoe strong support durable indoor construction sizing is spot on would buy again,15,https://runrepeat.com/jordan-luka-2,gen_468423,2024-09-29T06:52:42.000+00:00
Jordan Luka 2,gen_788079107,4,positive,and a roomy toe box,Finally pulled the trigger on these and glad I did. Elite containment. Balanced court feel and protection. Game changer for me.,and a roomy toe box. Finally pulled the trigger on these and glad I did. Elite containment. Balanced court feel and protection. Game changer for me,and a roomy toe box finally pulled the trigger on these and glad i did elite containment balanced court feel and protection game changer for me,26,https://runrepeat.com/jordan-luka-2,gen_468423,2024-06-16T06:52:42.000+00:00
Jordan Luka 2,gen_643349845,5,positive,Worth it,Been wearing these for a few months now. Clean-court traction. Strong support. Sizing is spot on. One of my favorite basketball shoes.,Worth it. Been wearing these for a few months now. Clean-court traction. Strong support. Sizing is spot on. One of my favorite basketball shoes,worth it been wearing these for a few months now clean court traction strong support sizing is spot on one of my favorite basketball shoes,25,https://runrepeat.com/jordan-luka-2,gen_468423,2025-07-05T06:52:42.000+00:00
Jordan Luka 2,gen_42654074,5,positive,Great basketball shoe,Game-tested these for about 10 sessions. Balanced court feel and protection. Clean-court traction. Ordered my normal size and it fits perfectly. Lockdown is excellent. One of my favorite basketball shoes.,Great basketball shoe. Game-tested these for about 10 sessions. Balanced court feel and protection. Clean-court traction. Ordered my normal size and it fits perfectly. Lockdown is excellent. One of my favorite basketball shoes,great basketball shoe game tested these for about 10 sessions balanced court feel and protection clean court traction ordered my normal size and it fits perfectly lockdown is excellent one of my favorite basketball shoes,35,https://runrepeat.com/jordan-luka-2,gen_468423,2025-02-25T06:52:42.000+00:00
Jordan Luka 2,gen_613506503,5,positive,Great basketball shoe,I play D3 ball and Balanced court feel and protection. Clean-court traction. Ordered my normal size and it fits perfectly. Super secure fit. Would buy again.,Great basketball shoe. I play D3 ball and Balanced court feel and protection. Clean-court traction. Ordered my normal size and it fits perfectly. Super secure fit. Would buy again,great basketball shoe i play d3 ball and balanced court feel and protection clean court traction ordered my normal size and it fits perfectly super secure fit would buy again,30,https://runrepeat.com/jordan-luka-2,gen_468423,2026-04-02T06:52:42.000+00:00
Jordan Luka 2,gen_160814078,4,positive,Love these shoes,Clean-court traction. And a roomy toe box. No heel slip whatsoever. One of my favorite basketball shoes.,Love these shoes. Clean-court traction. And a roomy toe box. No heel slip whatsoever. One of my favorite basketball shoes,love these shoes clean court traction and a roomy toe box no heel slip whatsoever one of my favorite basketball shoes,21,https://runrepeat.com/jordan-luka-2,gen_468423,2025-04-01T06:52:42.000+00:00
Jordan Luka 2,gen_766313622,4,positive,Solid performance shoe,Strong support. Elite containment. Ordered my normal size and it fits perfectly.,Solid performance shoe. Strong support. Elite containment. Ordered my normal size and it fits perfectly,solid performance shoe strong support elite containment ordered my normal size and it fits perfectly,15,https://runrepeat.com/jordan-luka-2,gen_468423,2025-11-03T06:52:42.000+00:00
Jordan Luka 2,gen_910628099,4,positive,Love these shoes,Really happy with this purchase. Clean-court traction. Elite containment. Fits true to size. Stays locked through cuts. Would buy again.,Love these shoes. Really happy with this purchase. Clean-court traction. Elite containment. Fits true to size. Stays locked through cuts. Would buy again,love these shoes really happy with this purchase clean court traction elite containment fits true to size stays locked through cuts would buy again,24,https://runrepeat.com/jordan-luka-2,gen_468423,2024-07-22T06:52:42.000+00:00
Jordan Luka 2,gen_26535258,4,positive,Great basketball shoe,Big sneaker collector here — Balanced court feel and protection. Strong support. One of my favorite basketball shoes.,Great basketball shoe. Big sneaker collector here — Balanced court feel and protection. Strong support. One of my favorite basketball shoes,great basketball shoe big sneaker collector here balanced court feel and protection strong support one of my favorite basketball shoes,20,https://runrepeat.com/jordan-luka-2,gen_468423,2026-02-03T06:52:42.000+00:00
Jordan Luka 2,gen_452682686,4,positive,and a roomy toe box,Bought these after my old pair died. Balanced court feel and protection. Elite containment. Sizing is spot on. Best shoe I've played in this year.,and a roomy toe box. Bought these after my old pair died. Balanced court feel and protection. Elite containment. Sizing is spot on. Best shoe I've played in this year,and a roomy toe box bought these after my old pair died balanced court feel and protection elite containment sizing is spot on best shoe i've played in this year,30,https://runrepeat.com/jordan-luka-2,gen_468423,2025-10-20T06:52:42.000+00:00
Jordan Luka 2,gen_621896617,5,positive,Worth it,Elite containment. Durable indoor construction. Ordered my normal size and it fits perfectly.,Worth it. Elite containment. Durable indoor construction. Ordered my normal size and it fits perfectly,worth it elite containment durable indoor construction ordered my normal size and it fits perfectly,15,https://runrepeat.com/jordan-luka-2,gen_468423,2025-02-02T06:52:42.000+00:00
Jordan Luka 2,gen_22922097,5,positive,Worth it,Been wearing these for a few months now. Elite containment. And a roomy toe box.,Worth it. Been wearing these for a few months now. Elite containment. And a roomy toe box,worth it been wearing these for a few months now elite containment and a roomy toe box,17,https://runrepeat.com/jordan-luka-2,gen_468423,2025-02-26T06:52:42.000+00:00
Jordan Luka 2,gen_582057881,4,positive,balanced court feel and protection,Balanced court feel and protection. And a roomy toe box. Stays locked through cuts. Would buy again.,balanced court feel and protection. Balanced court feel and protection. And a roomy toe box. Stays locked through cuts. Would buy again,balanced court feel and protection balanced court feel and protection and a roomy toe box stays locked through cuts would buy again,22,https://runrepeat.com/jordan-luka-2,gen_468423,2025-12-27T06:52:42.000+00:00
Jordan Luka 2,gen_305897485,3,neutral,Good not great,"Been playing for 15 years and Durable indoor construction. However, fast dust pickup. Decent shoe overall but nothing special.","Good not great. Been playing for 15 years and Durable indoor construction. However, fast dust pickup. Decent shoe overall but nothing special",good not great been playing for 15 years and durable indoor construction however fast dust pickup decent shoe overall but nothing special,22,https://runrepeat.com/jordan-luka-2,gen_468423,2025-02-14T06:52:42.000+00:00
Jordan Luka 2,gen_335309657,5,positive,Great basketball shoe,"As a competitive player, Strong support. Balanced court feel and protection. Stays locked through cuts. Highly recommend.","Great basketball shoe. As a competitive player, Strong support. Balanced court feel and protection. Stays locked through cuts. Highly recommend",great basketball shoe as a competitive player strong support balanced court feel and protection stays locked through cuts highly recommend,20,https://runrepeat.com/jordan-luka-2,gen_468423,2024-12-11T06:52:42.000+00:00
Jordan Luka 2,gen_265035267,5,positive,Great basketball shoe,"For rec league ball, Strong support. Durable indoor construction.","Great basketball shoe. For rec league ball, Strong support. Durable indoor construction",great basketball shoe for rec league ball strong support durable indoor construction,12,https://runrepeat.com/jordan-luka-2,gen_468423,2025-03-12T06:52:42.000+00:00
Jordan Luka 2,gen_565860535,4,positive,and a roomy toe box,I play D3 ball and And a roomy toe box. Clean-court traction.,and a roomy toe box. I play D3 ball and And a roomy toe box. Clean-court traction,and a roomy toe box i play d3 ball and and a roomy toe box clean court traction,18,https://runrepeat.com/jordan-luka-2,gen_468423,2024-11-01T06:52:42.000+00:00
Jordan Luka 2,gen_581630944,4,positive,Solid performance shoe,I play pickup 3x a week and Balanced court feel and protection. And a roomy toe box.,Solid performance shoe. I play pickup 3x a week and Balanced court feel and protection. And a roomy toe box,solid performance shoe i play pickup 3x a week and balanced court feel and protection and a roomy toe box,20,https://runrepeat.com/jordan-luka-2,gen_468423,2025-08-24T06:52:42.000+00:00
Jordan Luka 2,gen_624892437,3,neutral,Mixed feelings,"As a competitive player, Elite containment. However, fast dust pickup. Decent shoe overall but nothing special.","Mixed feelings. As a competitive player, Elite containment. However, fast dust pickup. Decent shoe overall but nothing special",mixed feelings as a competitive player elite containment however fast dust pickup decent shoe overall but nothing special,18,https://runrepeat.com/jordan-luka-2,gen_468423,2025-02-28T06:52:42.000+00:00
Jordan Luka 2,gen_355833562,5,positive,balanced court feel and protection,"Compared to my other pairs, Balanced court feel and protection. Strong support. Sizing is spot on. One of my favorite basketball shoes.","balanced court feel and protection. Compared to my other pairs, Balanced court feel and protection. Strong support. Sizing is spot on. One of my favorite basketball shoes",balanced court feel and protection compared to my other pairs balanced court feel and protection strong support sizing is spot on one of my favorite basketball shoes,27,https://runrepeat.com/jordan-luka-2,gen_468423,2025-11-25T06:52:42.000+00:00
Nike Precision 7,gen_544835475,3,neutral,Mixed feelings,"Bought these for the season and have no regrets. Improved containment. However, the lack of premium nike tech and a narrower fit. Needed about a week to feel natural","Mixed feelings. Bought these for the season and have no regrets. Improved containment. However, the lack of premium nike tech and a narrower fit. Needed about a week to feel natural",mixed feelings bought these for the season and have no regrets improved containment however the lack of premium nike tech and a narrower fit needed about a week to feel natural,31,https://runrepeat.com/nike-precision-7,gen_526544,2025-06-22T06:52:42.000+00:00
Nike Precision 7,gen_998149964,5,positive,low weight,Upper durability. And versatility. The grip is phenomenal. Fits true to size.,low weight. Upper durability. And versatility. The grip is phenomenal. Fits true to size,low weight upper durability and versatility the grip is phenomenal fits true to size,14,https://runrepeat.com/nike-precision-7,gen_526544,2024-12-26T06:52:42.000+00:00
Nike Precision 7,gen_95883559,4,positive,upper durability,Cushioning for the price. Upper durability. Great grip on the court. Best shoe I've played in this year.,upper durability. Cushioning for the price. Upper durability. Great grip on the court. Best shoe I've played in this year,upper durability cushioning for the price upper durability great grip on the court best shoe i've played in this year,20,https://runrepeat.com/nike-precision-7,gen_526544,2024-10-09T06:52:42.000+00:00
Nike Precision 7,gen_994334241,4,positive,Solid performance shoe,Reliable traction. Breathability. Feels like running on clouds. No heel slip whatsoever. One of my favorite basketball shoes.,Solid performance shoe. Reliable traction. Breathability. Feels like running on clouds. No heel slip whatsoever. One of my favorite basketball shoes,solid performance shoe reliable traction breathability feels like running on clouds no heel slip whatsoever one of my favorite basketball shoes,21,https://runrepeat.com/nike-precision-7,gen_526544,2025-06-05T06:52:42.000+00:00
Nike Precision 7,gen_568522076,5,positive,Great basketball shoe,I play D3 ball and Reliable traction. Upper durability. Absorbs landings beautifully. Game changer for me.,Great basketball shoe. I play D3 ball and Reliable traction. Upper durability. Absorbs landings beautifully. Game changer for me,great basketball shoe i play d3 ball and reliable traction upper durability absorbs landings beautifully game changer for me,19,https://runrepeat.com/nike-precision-7,gen_526544,2025-12-07T06:52:42.000+00:00
Nike Precision 7,gen_422791372,4,positive,Highly recommend,Low weight. Excellent value. Cushioning is insane. Sizing is spot on.,Highly recommend. Low weight. Excellent value. Cushioning is insane. Sizing is spot on,highly recommend low weight excellent value cushioning is insane sizing is spot on,13,https://runrepeat.com/nike-precision-7,gen_526544,2024-09-15T06:52:42.000+00:00
Nike Precision 7,gen_324551179,5,positive,Great basketball shoe,Low weight. Excellent value. Feels like running on clouds. Ordered my normal size and it fits perfectly. Best shoe I've played in this year.,Great basketball shoe. Low weight. Excellent value. Feels like running on clouds. Ordered my normal size and it fits perfectly. Best shoe I've played in this year,great basketball shoe low weight excellent value feels like running on clouds ordered my normal size and it fits perfectly best shoe i've played in this year,27,https://runrepeat.com/nike-precision-7,gen_526544,2025-02-07T06:52:42.000+00:00
Nike Precision 7,gen_322329885,3,neutral,Okay shoe overall,"My kid loves these shoes. Reliable traction. However, the lack of premium nike tech and a narrower fit. Takes a few sessions to break in","Okay shoe overall. My kid loves these shoes. Reliable traction. However, the lack of premium nike tech and a narrower fit. Takes a few sessions to break in",okay shoe overall my kid loves these shoes reliable traction however the lack of premium nike tech and a narrower fit takes a few sessions to break in,28,https://runrepeat.com/nike-precision-7,gen_526544,2024-10-31T06:52:42.000+00:00
Nike Precision 7,gen_900585738,5,positive,upper durability,Just finished my third week in these. Low weight. Cushioning for the price. Feels almost weightless on foot. No heel slip whatsoever. Game changer for me.,upper durability. Just finished my third week in these. Low weight. Cushioning for the price. Feels almost weightless on foot. No heel slip whatsoever. Game changer for me,upper durability just finished my third week in these low weight cushioning for the price feels almost weightless on foot no heel slip whatsoever game changer for me,28,https://runrepeat.com/nike-precision-7,gen_526544,2025-09-23T06:52:42.000+00:00
Nike Precision 7,gen_184348758,4,positive,low weight,Been wearing these for a few months now. Upper durability. And versatility. Great grip on the court. Sizing is spot on. No heel slip whatsoever.,low weight. Been wearing these for a few months now. Upper durability. And versatility. Great grip on the court. Sizing is spot on. No heel slip whatsoever,low weight been wearing these for a few months now upper durability and versatility great grip on the court sizing is spot on no heel slip whatsoever,27,https://runrepeat.com/nike-precision-7,gen_526544,2025-04-09T06:52:42.000+00:00
Nike Precision 7,gen_88095219,4,positive,Great basketball shoe,Upper durability. Breathability. Locks in on hardwood.,Great basketball shoe. Upper durability. Breathability. Locks in on hardwood,great basketball shoe upper durability breathability locks in on hardwood,10,https://runrepeat.com/nike-precision-7,gen_526544,2025-08-03T06:52:42.000+00:00
Nike Precision 7,gen_597143137,4,positive,Great basketball shoe,Big sneaker collector here — Low weight. And versatility. Doesn't slow you down. Ordered my normal size and it fits perfectly.,Great basketball shoe. Big sneaker collector here — Low weight. And versatility. Doesn't slow you down. Ordered my normal size and it fits perfectly,great basketball shoe big sneaker collector here low weight and versatility doesn't slow you down ordered my normal size and it fits perfectly,23,https://runrepeat.com/nike-precision-7,gen_526544,2024-08-18T06:52:42.000+00:00
Nike Precision 7,gen_951151015,4,positive,Great basketball shoe,Finally pulled the trigger on these and glad I did. Breathability. Cushioning for the price. Doesn't slow you down. Best shoe I've played in this year.,Great basketball shoe. Finally pulled the trigger on these and glad I did. Breathability. Cushioning for the price. Doesn't slow you down. Best shoe I've played in this year,great basketball shoe finally pulled the trigger on these and glad i did breathability cushioning for the price doesn't slow you down best shoe i've played in this year,29,https://runrepeat.com/nike-precision-7,gen_526544,2024-12-04T06:52:42.000+00:00
Nike Precision 7,gen_192850823,4,positive,Solid performance shoe,I play D3 ball and Upper durability. Cushioning for the price. Never slipped once. Fits true to size. One of my favorite basketball shoes.,Solid performance shoe. I play D3 ball and Upper durability. Cushioning for the price. Never slipped once. Fits true to size. One of my favorite basketball shoes,solid performance shoe i play d3 ball and upper durability cushioning for the price never slipped once fits true to size one of my favorite basketball shoes,27,https://runrepeat.com/nike-precision-7,gen_526544,2025-04-18T06:52:42.000+00:00
Nike Precision 7,gen_202308089,5,positive,Love these shoes,Improved containment. And versatility. Sticky rubber outsole. Fits true to size. No heel slip whatsoever.,Love these shoes. Improved containment. And versatility. Sticky rubber outsole. Fits true to size. No heel slip whatsoever,love these shoes improved containment and versatility sticky rubber outsole fits true to size no heel slip whatsoever,18,https://runrepeat.com/nike-precision-7,gen_526544,2025-11-19T06:52:42.000+00:00
Nike Precision 7,gen_928117423,4,positive,Great basketball shoe,"As a competitive player, Reliable traction. Excellent value. Feels like running on clouds. Ordered my normal size and it fits perfectly. Game changer for me.","Great basketball shoe. As a competitive player, Reliable traction. Excellent value. Feels like running on clouds. Ordered my normal size and it fits perfectly. Game changer for me",great basketball shoe as a competitive player reliable traction excellent value feels like running on clouds ordered my normal size and it fits perfectly game changer for me,28,https://runrepeat.com/nike-precision-7,gen_526544,2026-03-12T06:52:42.000+00:00
Nike Precision 7,gen_663862404,4,positive,Love these shoes,Been wearing these for a few months now. Cushioning for the price. Reliable traction. Traction is elite. Sizing is spot on. Foot doesn't move at all.,Love these shoes. Been wearing these for a few months now. Cushioning for the price. Reliable traction. Traction is elite. Sizing is spot on. Foot doesn't move at all,love these shoes been wearing these for a few months now cushioning for the price reliable traction traction is elite sizing is spot on foot doesn't move at all,29,https://runrepeat.com/nike-precision-7,gen_526544,2025-07-17T06:52:42.000+00:00
Nike Precision 7,gen_876352958,4,positive,Best on the court,Upper durability. Excellent value. Locks in on hardwood.,Best on the court. Upper durability. Excellent value. Locks in on hardwood,best on the court upper durability excellent value locks in on hardwood,12,https://runrepeat.com/nike-precision-7,gen_526544,2026-03-27T06:52:42.000+00:00
Nike Precision 7,gen_653068899,5,positive,Worth it,"As a casual hooper, Cushioning for the price. Upper durability. Sticky rubber outsole. Fits true to size.","Worth it. As a casual hooper, Cushioning for the price. Upper durability. Sticky rubber outsole. Fits true to size",worth it as a casual hooper cushioning for the price upper durability sticky rubber outsole fits true to size,19,https://runrepeat.com/nike-precision-7,gen_526544,2024-12-17T06:52:42.000+00:00
Nike Precision 7,gen_45825042,3,neutral,Mixed feelings,"These shoes are solid. And versatility. However, the lack of premium nike tech and a narrower fit. Needed about a week to feel natural","Mixed feelings. These shoes are solid. And versatility. However, the lack of premium nike tech and a narrower fit. Needed about a week to feel natural",mixed feelings these shoes are solid and versatility however the lack of premium nike tech and a narrower fit needed about a week to feel natural,26,https://runrepeat.com/nike-precision-7,gen_526544,2025-09-18T06:52:42.000+00:00
Air Jordan 40,gen_598438713,5,positive,Worth it,Lateral stability. Zoomx-driven bounce. Sticky rubber outsole.,Worth it. Lateral stability. Zoomx-driven bounce. Sticky rubber outsole,worth it lateral stability zoomx driven bounce sticky rubber outsole,10,https://runrepeat.com/air-jordan-40,gen_617878,2024-12-21T06:52:42.000+00:00
Air Jordan 40,gen_515558090,3,neutral,Has its pros and cons,"Finally pulled the trigger on these and glad I did. Lateral stability. However, heavy weight. Decent shoe overall but nothing special.","Has its pros and cons. Finally pulled the trigger on these and glad I did. Lateral stability. However, heavy weight. Decent shoe overall but nothing special",has its pros and cons finally pulled the trigger on these and glad i did lateral stability however heavy weight decent shoe overall but nothing special,26,https://runrepeat.com/air-jordan-40,gen_617878,2024-07-16T06:52:42.000+00:00
Air Jordan 40,gen_958431123,4,positive,Great basketball shoe,And a solid medium-width fit. Top-level traction. Could be lighter. No heel slip whatsoever. Best shoe I've played in this year.,Great basketball shoe. And a solid medium-width fit. Top-level traction. Could be lighter. No heel slip whatsoever. Best shoe I've played in this year,great basketball shoe and a solid medium width fit top level traction could be lighter no heel slip whatsoever best shoe i've played in this year,26,https://runrepeat.com/air-jordan-40,gen_617878,2026-01-27T06:52:42.000+00:00
Air Jordan 40,gen_201986297,5,positive,Solid performance shoe,As a coach I've seen a lot of shoes and Lateral stability. Top-level traction. Great grip on the court. Foot doesn't move at all. One of my favorite basketball shoes.,Solid performance shoe. As a coach I've seen a lot of shoes and Lateral stability. Top-level traction. Great grip on the court. Foot doesn't move at all. One of my favorite basketball shoes,solid performance shoe as a coach i've seen a lot of shoes and lateral stability top level traction great grip on the court foot doesn't move at all one of my favorite basketball shoes,34,https://runrepeat.com/air-jordan-40,gen_617878,2024-09-17T06:52:42.000+00:00
Air Jordan 40,gen_145963848,4,positive,Best on the court,Durability. Secure containment. A bit firm underfoot. Ordered my normal size and it fits perfectly.,Best on the court. Durability. Secure containment. A bit firm underfoot. Ordered my normal size and it fits perfectly,best on the court durability secure containment a bit firm underfoot ordered my normal size and it fits perfectly,19,https://runrepeat.com/air-jordan-40,gen_617878,2025-04-24T06:52:42.000+00:00
Air Jordan 40,gen_793298669,3,neutral,Has its pros and cons,"Compared to my other pairs, Zoomx-driven bounce. However, surprisingly low impact protection. Decent shoe overall but nothing special.","Has its pros and cons. Compared to my other pairs, Zoomx-driven bounce. However, surprisingly low impact protection. Decent shoe overall but nothing special",has its pros and cons compared to my other pairs zoomx driven bounce however surprisingly low impact protection decent shoe overall but nothing special,24,https://runrepeat.com/air-jordan-40,gen_617878,2025-10-21T06:52:42.000+00:00
Air Jordan 40,gen_752415035,4,positive,top-level traction,As a coach I've seen a lot of shoes and And a solid medium-width fit. Lateral stability. Sticky rubber outsole.,top-level traction. As a coach I've seen a lot of shoes and And a solid medium-width fit. Lateral stability. Sticky rubber outsole,top level traction as a coach i've seen a lot of shoes and and a solid medium width fit lateral stability sticky rubber outsole,24,https://runrepeat.com/air-jordan-40,gen_617878,2024-07-23T06:52:42.000+00:00
Air Jordan 40,gen_619587434,4,positive,Love these shoes,"As a competitive player, And a solid medium-width fit. Durability. Never slipped once. Stays locked through cuts. Game changer for me.","Love these shoes. As a competitive player, And a solid medium-width fit. Durability. Never slipped once. Stays locked through cuts. Game changer for me",love these shoes as a competitive player and a solid medium width fit durability never slipped once stays locked through cuts game changer for me,25,https://runrepeat.com/air-jordan-40,gen_617878,2025-12-24T06:52:42.000+00:00
Air Jordan 40,gen_539122261,4,positive,Highly recommend,Needed a new pair for the season and these delivered. And a solid medium-width fit. Secure containment. Never slipped once. Game changer for me.,Highly recommend. Needed a new pair for the season and these delivered. And a solid medium-width fit. Secure containment. Never slipped once. Game changer for me,highly recommend needed a new pair for the season and these delivered and a solid medium width fit secure containment never slipped once game changer for me,27,https://runrepeat.com/air-jordan-40,gen_617878,2025-06-17T06:52:42.000+00:00
Air Jordan 40,gen_286749103,5,positive,Highly recommend,"As a competitive player, Zoomx-driven bounce. Top-level traction. The grip is phenomenal. Ordered my normal size and it fits perfectly. Foot doesn't move at all. Best shoe I've played in this year.","Highly recommend. As a competitive player, Zoomx-driven bounce. Top-level traction. The grip is phenomenal. Ordered my normal size and it fits perfectly. Foot doesn't move at all. Best shoe I've played in this year",highly recommend as a competitive player zoomx driven bounce top level traction the grip is phenomenal ordered my normal size and it fits perfectly foot doesn't move at all best shoe i've played in this year,36,https://runrepeat.com/air-jordan-40,gen_617878,2025-10-09T06:52:42.000+00:00
Air Jordan 40,gen_644094734,5,positive,Love these shoes,As a coach I've seen a lot of shoes and Zoomx-driven bounce. And a solid medium-width fit. Great grip on the court. Game changer for me.,Love these shoes. As a coach I've seen a lot of shoes and Zoomx-driven bounce. And a solid medium-width fit. Great grip on the court. Game changer for me,love these shoes as a coach i've seen a lot of shoes and zoomx driven bounce and a solid medium width fit great grip on the court game changer for me,31,https://runrepeat.com/air-jordan-40,gen_617878,2024-12-26T06:52:42.000+00:00
Air Jordan 40,gen_963587396,3,neutral,Decent but not perfect,"Needed a new pair for the season and these delivered. Secure containment. However, surprisingly low impact protection. Stiff at first but loosens up nicely","Decent but not perfect. Needed a new pair for the season and these delivered. Secure containment. However, surprisingly low impact protection. Stiff at first but loosens up nicely",decent but not perfect needed a new pair for the season and these delivered secure containment however surprisingly low impact protection stiff at first but loosens up nicely,28,https://runrepeat.com/air-jordan-40,gen_617878,2026-04-14T06:52:42.000+00:00
Air Jordan 40,gen_472237083,5,positive,Worth it,And a solid medium-width fit. Durability. Runs a little heavy. Game changer for me.,Worth it. And a solid medium-width fit. Durability. Runs a little heavy. Game changer for me,worth it and a solid medium width fit durability runs a little heavy game changer for me,17,https://runrepeat.com/air-jordan-40,gen_617878,2024-12-11T06:52:42.000+00:00
Air Jordan 40,gen_206559839,4,positive,Best on the court,Secure containment. Top-level traction. You feel the weight after a long game. Fits true to size. Highly recommend.,Best on the court. Secure containment. Top-level traction. You feel the weight after a long game. Fits true to size. Highly recommend,best on the court secure containment top level traction you feel the weight after a long game fits true to size highly recommend,23,https://runrepeat.com/air-jordan-40,gen_617878,2025-07-22T06:52:42.000+00:00
Air Jordan 40,gen_299145696,4,positive,Solid performance shoe,"Bought these for several players on my team, And a solid medium-width fit. Lateral stability. Not the softest ride. Super secure fit.","Solid performance shoe. Bought these for several players on my team, And a solid medium-width fit. Lateral stability. Not the softest ride. Super secure fit",solid performance shoe bought these for several players on my team and a solid medium width fit lateral stability not the softest ride super secure fit,26,https://runrepeat.com/air-jordan-40,gen_617878,2024-12-28T06:52:42.000+00:00
Air Jordan 40,gen_204132481,5,positive,Solid performance shoe,And a solid medium-width fit. Lateral stability. Runs a little heavy. One of my favorite basketball shoes.,Solid performance shoe. And a solid medium-width fit. Lateral stability. Runs a little heavy. One of my favorite basketball shoes,solid performance shoe and a solid medium width fit lateral stability runs a little heavy one of my favorite basketball shoes,21,https://runrepeat.com/air-jordan-40,gen_617878,2024-04-24T06:52:42.000+00:00
Air Jordan 40,gen_730556190,3,neutral,Mixed feelings,"And a solid medium-width fit. However, a hot upper. Decent shoe overall but nothing special.","Mixed feelings. And a solid medium-width fit. However, a hot upper. Decent shoe overall but nothing special",mixed feelings and a solid medium width fit however a hot upper decent shoe overall but nothing special,18,https://runrepeat.com/air-jordan-40,gen_617878,2025-11-08T06:52:42.000+00:00
Air Jordan 40,gen_16046475,3,neutral,Okay shoe overall,"I play D3 ball and Zoomx-driven bounce. However, and poor outdoor suitability. Needed about a week to feel natural","Okay shoe overall. I play D3 ball and Zoomx-driven bounce. However, and poor outdoor suitability. Needed about a week to feel natural",okay shoe overall i play d3 ball and zoomx driven bounce however and poor outdoor suitability needed about a week to feel natural,23,https://runrepeat.com/air-jordan-40,gen_617878,2025-10-27T06:52:42.000+00:00
Air Jordan 40,gen_50279566,5,positive,Highly recommend,Secure containment. Lateral stability. Locks in on hardwood. Fits true to size. One of my favorite basketball shoes.,Highly recommend. Secure containment. Lateral stability. Locks in on hardwood. Fits true to size. One of my favorite basketball shoes,highly recommend secure containment lateral stability locks in on hardwood fits true to size one of my favorite basketball shoes,20,https://runrepeat.com/air-jordan-40,gen_617878,2025-04-22T06:52:42.000+00:00
Air Jordan 40,gen_991344926,5,positive,Highly recommend,Zoomx-driven bounce. And a solid medium-width fit. Sticky rubber outsole. Ordered my normal size and it fits perfectly. Stays locked through cuts. One of my favorite basketball shoes.,Highly recommend. Zoomx-driven bounce. And a solid medium-width fit. Sticky rubber outsole. Ordered my normal size and it fits perfectly. Stays locked through cuts. One of my favorite basketball shoes,highly recommend zoomx driven bounce and a solid medium width fit sticky rubber outsole ordered my normal size and it fits perfectly stays locked through cuts one of my favorite basketball shoes,32,https://runrepeat.com/air-jordan-40,gen_617878,2025-05-09T06:52:42.000+00:00
Reebok Question Mid,gen_837280846,5,positive,Great basketball shoe,Ankle support. Side-to-side stability. You feel the weight after a long game. Sizing is spot on. Highly recommend.,Great basketball shoe. Ankle support. Side-to-side stability. You feel the weight after a long game. Sizing is spot on. Highly recommend,great basketball shoe ankle support side to side stability you feel the weight after a long game sizing is spot on highly recommend,23,https://runrepeat.com/reebok-question-mid,gen_125879,2025-11-16T06:52:42.000+00:00
Reebok Question Mid,gen_631017931,3,neutral,Has its pros and cons,"Just finished my third week in these. Indoor and outdoor grip. However, low toebox. Takes a few sessions to break in","Has its pros and cons. Just finished my third week in these. Indoor and outdoor grip. However, low toebox. Takes a few sessions to break in",has its pros and cons just finished my third week in these indoor and outdoor grip however low toebox takes a few sessions to break in,26,https://runrepeat.com/reebok-question-mid,gen_125879,2025-08-14T06:52:42.000+00:00
Reebok Question Mid,gen_40995751,5,positive,and comfort,"Bought these for several players on my team, Side-to-side stability. Responsive cushioning. Could be lighter. Sizing is spot on. Foot doesn't move at all. Best shoe I've played in this year.","and comfort. Bought these for several players on my team, Side-to-side stability. Responsive cushioning. Could be lighter. Sizing is spot on. Foot doesn't move at all. Best shoe I've played in this year",and comfort bought these for several players on my team side to side stability responsive cushioning could be lighter sizing is spot on foot doesn't move at all best shoe i've played in this year,35,https://runrepeat.com/reebok-question-mid,gen_125879,2025-02-15T06:52:42.000+00:00
Reebok Question Mid,gen_914592809,3,neutral,Good not great,"Finally pulled the trigger on these and glad I did. Indoor and outdoor grip. However, low toebox. Takes a few sessions to break in","Good not great. Finally pulled the trigger on these and glad I did. Indoor and outdoor grip. However, low toebox. Takes a few sessions to break in",good not great finally pulled the trigger on these and glad i did indoor and outdoor grip however low toebox takes a few sessions to break in,27,https://runrepeat.com/reebok-question-mid,gen_125879,2025-01-24T06:52:42.000+00:00
Reebok Question Mid,gen_840256215,5,positive,side-to-side stability,Responsive cushioning. And comfort. Could be lighter. Fits true to size. Highly recommend.,side-to-side stability. Responsive cushioning. And comfort. Could be lighter. Fits true to size. Highly recommend,side to side stability responsive cushioning and comfort could be lighter fits true to size highly recommend,17,https://runrepeat.com/reebok-question-mid,gen_125879,2024-06-15T06:52:42.000+00:00
Reebok Question Mid,gen_758497589,3,neutral,Good not great,"Compared to my other pairs, Breathability. However, low toebox. Decent shoe overall but nothing special.","Good not great. Compared to my other pairs, Breathability. However, low toebox. Decent shoe overall but nothing special",good not great compared to my other pairs breathability however low toebox decent shoe overall but nothing special,18,https://runrepeat.com/reebok-question-mid,gen_125879,2025-03-07T06:52:42.000+00:00
Reebok Question Mid,gen_31472626,5,positive,Worth it,Ankle support. And comfort. Runs a little heavy.,Worth it. Ankle support. And comfort. Runs a little heavy,worth it ankle support and comfort runs a little heavy,10,https://runrepeat.com/reebok-question-mid,gen_125879,2025-11-23T06:52:42.000+00:00
Reebok Question Mid,gen_446677708,4,positive,Solid performance shoe,Durability. And comfort. You feel the weight after a long game. Sizing is spot on.,Solid performance shoe. Durability. And comfort. You feel the weight after a long game. Sizing is spot on,solid performance shoe durability and comfort you feel the weight after a long game sizing is spot on,18,https://runrepeat.com/reebok-question-mid,gen_125879,2025-03-04T06:52:42.000+00:00
Reebok Question Mid,gen_150926765,5,positive,Highly recommend,Got these for my daughter and Ankle support. Indoor and outdoor grip. You feel the weight after a long game. Best shoe I've played in this year.,Highly recommend. Got these for my daughter and Ankle support. Indoor and outdoor grip. You feel the weight after a long game. Best shoe I've played in this year,highly recommend got these for my daughter and ankle support indoor and outdoor grip you feel the weight after a long game best shoe i've played in this year,29,https://runrepeat.com/reebok-question-mid,gen_125879,2025-07-06T06:52:42.000+00:00
Reebok Question Mid,gen_133385959,5,positive,Great basketball shoe,And comfort. Breathability. Runs a little heavy. Ordered my normal size and it fits perfectly. One of my favorite basketball shoes.,Great basketball shoe. And comfort. Breathability. Runs a little heavy. Ordered my normal size and it fits perfectly. One of my favorite basketball shoes,great basketball shoe and comfort breathability runs a little heavy ordered my normal size and it fits perfectly one of my favorite basketball shoes,24,https://runrepeat.com/reebok-question-mid,gen_125879,2025-02-14T06:52:42.000+00:00
Reebok Question Mid,gen_694524415,5,positive,Great basketball shoe,Bought these after my old pair died. Ankle support. Responsive cushioning. Runs a little heavy. Best shoe I've played in this year.,Great basketball shoe. Bought these after my old pair died. Ankle support. Responsive cushioning. Runs a little heavy. Best shoe I've played in this year,great basketball shoe bought these after my old pair died ankle support responsive cushioning runs a little heavy best shoe i've played in this year,25,https://runrepeat.com/reebok-question-mid,gen_125879,2026-04-17T06:52:42.000+00:00
Reebok Question Mid,gen_773896837,4,positive,Love these shoes,Durability. Breathability. You feel the weight after a long game. One of my favorite basketball shoes.,Love these shoes. Durability. Breathability. You feel the weight after a long game. One of my favorite basketball shoes,love these shoes durability breathability you feel the weight after a long game one of my favorite basketball shoes,19,https://runrepeat.com/reebok-question-mid,gen_125879,2025-07-05T06:52:42.000+00:00
Reebok Question Mid,gen_464170026,5,positive,breathability,Durability. Breathability. Runs a little heavy. Ordered my normal size and it fits perfectly.,breathability. Durability. Breathability. Runs a little heavy. Ordered my normal size and it fits perfectly,breathability durability breathability runs a little heavy ordered my normal size and it fits perfectly,15,https://runrepeat.com/reebok-question-mid,gen_125879,2025-04-18T06:52:42.000+00:00
Reebok Question Mid,gen_631348776,4,positive,Great basketball shoe,Responsive cushioning. And comfort. Runs a little heavy. Fits true to size. One of my favorite basketball shoes.,Great basketball shoe. Responsive cushioning. And comfort. Runs a little heavy. Fits true to size. One of my favorite basketball shoes,great basketball shoe responsive cushioning and comfort runs a little heavy fits true to size one of my favorite basketball shoes,21,https://runrepeat.com/reebok-question-mid,gen_125879,2024-05-29T06:52:42.000+00:00
Reebok Question Mid,gen_932691231,5,positive,Solid performance shoe,And comfort. Ankle support. You feel the weight after a long game. Sizing is spot on.,Solid performance shoe. And comfort. Ankle support. You feel the weight after a long game. Sizing is spot on,solid performance shoe and comfort ankle support you feel the weight after a long game sizing is spot on,19,https://runrepeat.com/reebok-question-mid,gen_125879,2024-12-07T06:52:42.000+00:00
Reebok Question Mid,gen_929959337,4,positive,Solid performance shoe,"As a competitive player, Indoor and outdoor grip. Breathability. Could be lighter. Ordered my normal size and it fits perfectly. Would buy again.","Solid performance shoe. As a competitive player, Indoor and outdoor grip. Breathability. Could be lighter. Ordered my normal size and it fits perfectly. Would buy again",solid performance shoe as a competitive player indoor and outdoor grip breathability could be lighter ordered my normal size and it fits perfectly would buy again,26,https://runrepeat.com/reebok-question-mid,gen_125879,2025-01-11T06:52:42.000+00:00
Reebok Question Mid,gen_948529136,3,neutral,Mixed feelings,"Ankle support. However, weight and a tight. Decent shoe overall but nothing special.","Mixed feelings. Ankle support. However, weight and a tight. Decent shoe overall but nothing special",mixed feelings ankle support however weight and a tight decent shoe overall but nothing special,15,https://runrepeat.com/reebok-question-mid,gen_125879,2025-12-31T06:52:42.000+00:00
Reebok Question Mid,gen_355222154,3,neutral,Decent but not perfect,"Been wearing these for a few months now. Responsive cushioning. However, low toebox. Stiff at first but loosens up nicely","Decent but not perfect. Been wearing these for a few months now. Responsive cushioning. However, low toebox. Stiff at first but loosens up nicely",decent but not perfect been wearing these for a few months now responsive cushioning however low toebox stiff at first but loosens up nicely,24,https://runrepeat.com/reebok-question-mid,gen_125879,2025-04-04T06:52:42.000+00:00
Reebok Question Mid,gen_981850192,5,positive,Love these shoes,I recommend these to my players. Side-to-side stability. Durability. Could be lighter. Sizing is spot on. Game changer for me.,Love these shoes. I recommend these to my players. Side-to-side stability. Durability. Could be lighter. Sizing is spot on. Game changer for me,love these shoes i recommend these to my players side to side stability durability could be lighter sizing is spot on game changer for me,25,https://runrepeat.com/reebok-question-mid,gen_125879,2026-04-20T06:52:42.000+00:00
Reebok Question Mid,gen_891498884,5,positive,Best on the court,Bought these for my son and Indoor and outdoor grip. And comfort. You feel the weight after a long game. Sizing is spot on.,Best on the court. Bought these for my son and Indoor and outdoor grip. And comfort. You feel the weight after a long game. Sizing is spot on,best on the court bought these for my son and indoor and outdoor grip and comfort you feel the weight after a long game sizing is spot on,28,https://runrepeat.com/reebok-question-mid,gen_125879,2024-12-22T06:52:42.000+00:00
Nike Giannis Immortality 3,gen_312400296,5,positive,Worth it,Smooth transitions. And value. Best shoe I've played in this year.,Worth it. Smooth transitions. And value. Best shoe I've played in this year,worth it smooth transitions and value best shoe i've played in this year,13,https://runrepeat.com/nike-giannis-immortality-3,gen_187296,2024-10-15T06:52:42.000+00:00
Nike Giannis Immortality 3,gen_191308796,3,neutral,Okay shoe overall,"And value. However, and extra weight versus the previous version. Takes a few sessions to break in","Okay shoe overall. And value. However, and extra weight versus the previous version. Takes a few sessions to break in",okay shoe overall and value however and extra weight versus the previous version takes a few sessions to break in,20,https://runrepeat.com/nike-giannis-immortality-3,gen_187296,2025-12-20T06:52:42.000+00:00
Nike Giannis Immortality 3,gen_831758415,5,positive,Great basketball shoe,Needed a new pair for the season and these delivered. And value. Versatility. Highly recommend.,Great basketball shoe. Needed a new pair for the season and these delivered. And value. Versatility. Highly recommend,great basketball shoe needed a new pair for the season and these delivered and value versatility highly recommend,18,https://runrepeat.com/nike-giannis-immortality-3,gen_187296,2024-12-05T06:52:42.000+00:00
Nike Giannis Immortality 3,gen_766355040,5,positive,Love these shoes,I recommend these to my players. Decent traction. Stability. Fits true to size. One of my favorite basketball shoes.,Love these shoes. I recommend these to my players. Decent traction. Stability. Fits true to size. One of my favorite basketball shoes,love these shoes i recommend these to my players decent traction stability fits true to size one of my favorite basketball shoes,22,https://runrepeat.com/nike-giannis-immortality-3,gen_187296,2025-11-26T06:52:42.000+00:00
Nike Giannis Immortality 3,gen_661683238,3,neutral,Good not great,"Finally pulled the trigger on these and glad I did. Lightweight padding. However, premature bottoming out. Stiff at first but loosens up nicely","Good not great. Finally pulled the trigger on these and glad I did. Lightweight padding. However, premature bottoming out. Stiff at first but loosens up nicely",good not great finally pulled the trigger on these and glad i did lightweight padding however premature bottoming out stiff at first but loosens up nicely,26,https://runrepeat.com/nike-giannis-immortality-3,gen_187296,2025-10-19T06:52:42.000+00:00
Nike Giannis Immortality 3,gen_580200087,3,neutral,Decent but not perfect,"I play pickup 3x a week and Decent traction. However, premature bottoming out. Decent shoe overall but nothing special.","Decent but not perfect. I play pickup 3x a week and Decent traction. However, premature bottoming out. Decent shoe overall but nothing special",decent but not perfect i play pickup 3x a week and decent traction however premature bottoming out decent shoe overall but nothing special,23,https://runrepeat.com/nike-giannis-immortality-3,gen_187296,2025-05-26T06:52:42.000+00:00
Nike Giannis Immortality 3,gen_285931831,4,positive,Solid performance shoe,I play pickup 3x a week and Stability. And value.,Solid performance shoe. I play pickup 3x a week and Stability. And value,solid performance shoe i play pickup 3x a week and stability and value,13,https://runrepeat.com/nike-giannis-immortality-3,gen_187296,2025-07-21T06:52:42.000+00:00
Nike Giannis Immortality 3,gen_977564040,4,positive,Love these shoes,These shoes are solid. Step-in comfort. Decent traction. Fits true to size. Stays locked through cuts.,Love these shoes. These shoes are solid. Step-in comfort. Decent traction. Fits true to size. Stays locked through cuts,love these shoes these shoes are solid step in comfort decent traction fits true to size stays locked through cuts,20,https://runrepeat.com/nike-giannis-immortality-3,gen_187296,2025-08-13T06:52:42.000+00:00
Nike Giannis Immortality 3,gen_262188824,4,positive,Love these shoes,Bought these after my old pair died. Stability. Step-in comfort. Foot doesn't move at all.,Love these shoes. Bought these after my old pair died. Stability. Step-in comfort. Foot doesn't move at all,love these shoes bought these after my old pair died stability step in comfort foot doesn't move at all,19,https://runrepeat.com/nike-giannis-immortality-3,gen_187296,2024-10-19T06:52:42.000+00:00
Nike Giannis Immortality 3,gen_548760804,4,positive,Best on the court,As a coach I've seen a lot of shoes and Smooth transitions. Decent traction. No heel slip whatsoever. One of my favorite basketball shoes.,Best on the court. As a coach I've seen a lot of shoes and Smooth transitions. Decent traction. No heel slip whatsoever. One of my favorite basketball shoes,best on the court as a coach i've seen a lot of shoes and smooth transitions decent traction no heel slip whatsoever one of my favorite basketball shoes,28,https://runrepeat.com/nike-giannis-immortality-3,gen_187296,2024-05-26T06:52:42.000+00:00
Nike Giannis Immortality 3,gen_385620205,3,neutral,Mixed feelings,"Bought these after my old pair died. Smooth transitions. However, premature bottoming out. Needed about a week to feel natural","Mixed feelings. Bought these after my old pair died. Smooth transitions. However, premature bottoming out. Needed about a week to feel natural",mixed feelings bought these after my old pair died smooth transitions however premature bottoming out needed about a week to feel natural,22,https://runrepeat.com/nike-giannis-immortality-3,gen_187296,2024-10-23T06:52:42.000+00:00
Nike Giannis Immortality 3,gen_501814830,3,neutral,Okay shoe overall,"For rec league ball, Springy foam. However, premature bottoming out. Stiff at first but loosens up nicely","Okay shoe overall. For rec league ball, Springy foam. However, premature bottoming out. Stiff at first but loosens up nicely",okay shoe overall for rec league ball springy foam however premature bottoming out stiff at first but loosens up nicely,20,https://runrepeat.com/nike-giannis-immortality-3,gen_187296,2025-02-04T06:52:42.000+00:00
Nike Giannis Immortality 3,gen_149404531,3,neutral,Good not great,"Decent traction. However, and extra weight versus the previous version. Stiff at first but loosens up nicely","Good not great. Decent traction. However, and extra weight versus the previous version. Stiff at first but loosens up nicely",good not great decent traction however and extra weight versus the previous version stiff at first but loosens up nicely,20,https://runrepeat.com/nike-giannis-immortality-3,gen_187296,2024-04-28T06:52:42.000+00:00
Nike Giannis Immortality 3,gen_700467599,5,positive,Love these shoes,Just finished my third week in these. And value. Smooth transitions. Ordered my normal size and it fits perfectly. Lockdown is excellent.,Love these shoes. Just finished my third week in these. And value. Smooth transitions. Ordered my normal size and it fits perfectly. Lockdown is excellent,love these shoes just finished my third week in these and value smooth transitions ordered my normal size and it fits perfectly lockdown is excellent,25,https://runrepeat.com/nike-giannis-immortality-3,gen_187296,2026-04-18T06:52:42.000+00:00
Nike Giannis Immortality 3,gen_182840816,4,positive,Worth it,And value. Step-in comfort. Fits true to size.,Worth it. And value. Step-in comfort. Fits true to size,worth it and value step in comfort fits true to size,11,https://runrepeat.com/nike-giannis-immortality-3,gen_187296,2026-02-02T06:52:42.000+00:00
Nike Giannis Immortality 3,gen_560493274,4,positive,Versatility,Finally pulled the trigger on these and glad I did. Decent traction. Stability. Ordered my normal size and it fits perfectly. One of my favorite basketball shoes.,Versatility. Finally pulled the trigger on these and glad I did. Decent traction. Stability. Ordered my normal size and it fits perfectly. One of my favorite basketball shoes,versatility finally pulled the trigger on these and glad i did decent traction stability ordered my normal size and it fits perfectly one of my favorite basketball shoes,28,https://runrepeat.com/nike-giannis-immortality-3,gen_187296,2025-10-07T06:52:42.000+00:00
Nike Giannis Immortality 3,gen_352405318,4,positive,Great basketball shoe,Decent traction. Springy foam. Ordered my normal size and it fits perfectly.,Great basketball shoe. Decent traction. Springy foam. Ordered my normal size and it fits perfectly,great basketball shoe decent traction springy foam ordered my normal size and it fits perfectly,15,https://runrepeat.com/nike-giannis-immortality-3,gen_187296,2025-09-08T06:52:42.000+00:00
Nike Giannis Immortality 3,gen_792126233,3,neutral,Good not great,"Tried these on a whim and they're now my go-to. Stability. However, premature bottoming out. Needed about a week to feel natural","Good not great. Tried these on a whim and they're now my go-to. Stability. However, premature bottoming out. Needed about a week to feel natural",good not great tried these on a whim and they're now my go to stability however premature bottoming out needed about a week to feel natural,26,https://runrepeat.com/nike-giannis-immortality-3,gen_187296,2024-07-08T06:52:42.000+00:00
Nike Giannis Immortality 3,gen_378898337,4,positive,Great basketball shoe,Bought these after my old pair died. Stability. Decent traction.,Great basketball shoe. Bought these after my old pair died. Stability. Decent traction,great basketball shoe bought these after my old pair died stability decent traction,13,https://runrepeat.com/nike-giannis-immortality-3,gen_187296,2025-10-25T06:52:42.000+00:00
Nike Giannis Immortality 3,gen_19258950,5,positive,Best on the court,Needed a new pair for the season and these delivered. Stability. Smooth transitions. Lockdown is excellent.,Best on the court. Needed a new pair for the season and these delivered. Stability. Smooth transitions. Lockdown is excellent,best on the court needed a new pair for the season and these delivered stability smooth transitions lockdown is excellent,20,https://runrepeat.com/nike-giannis-immortality-3,gen_187296,2024-05-13T06:52:42.000+00:00
PUMA All Pro Nitro 2,gen_749045336,4,positive,Solid performance shoe,Bought these for my son and A stable platform. Strong cushioning. Doesn't slow you down. Foot doesn't move at all.,Solid performance shoe. Bought these for my son and A stable platform. Strong cushioning. Doesn't slow you down. Foot doesn't move at all,solid performance shoe bought these for my son and a stable platform strong cushioning doesn't slow you down foot doesn't move at all,23,https://runrepeat.com/puma-all-pro-nitro-2,gen_829209,2025-02-13T06:52:42.000+00:00
PUMA All Pro Nitro 2,gen_168135962,3,neutral,Decent but not perfect,"Been playing for 15 years and A stable platform. However, limited energy return and a somewhat constricting forefoot fit. Takes a few sessions to break in","Decent but not perfect. Been playing for 15 years and A stable platform. However, limited energy return and a somewhat constricting forefoot fit. Takes a few sessions to break in",decent but not perfect been playing for 15 years and a stable platform however limited energy return and a somewhat constricting forefoot fit takes a few sessions to break in,30,https://runrepeat.com/puma-all-pro-nitro-2,gen_829209,2026-03-25T06:52:42.000+00:00
PUMA All Pro Nitro 2,gen_999295971,3,neutral,Mixed feelings,"And underfoot comfort. However, limited energy return and a somewhat constricting forefoot fit. Stiff at first but loosens up nicely","Mixed feelings. And underfoot comfort. However, limited energy return and a somewhat constricting forefoot fit. Stiff at first but loosens up nicely",mixed feelings and underfoot comfort however limited energy return and a somewhat constricting forefoot fit stiff at first but loosens up nicely,22,https://runrepeat.com/puma-all-pro-nitro-2,gen_829209,2025-08-12T06:52:42.000+00:00
PUMA All Pro Nitro 2,gen_482506508,3,neutral,Decent but not perfect,"As a coach I've seen a lot of shoes and Strong cushioning. However, limited energy return and a somewhat constricting forefoot fit. Needed about a week to feel natural","Decent but not perfect. As a coach I've seen a lot of shoes and Strong cushioning. However, limited energy return and a somewhat constricting forefoot fit. Needed about a week to feel natural",decent but not perfect as a coach i've seen a lot of shoes and strong cushioning however limited energy return and a somewhat constricting forefoot fit needed about a week to feel natural,33,https://runrepeat.com/puma-all-pro-nitro-2,gen_829209,2026-02-07T06:52:42.000+00:00
PUMA All Pro Nitro 2,gen_807216576,5,positive,Best on the court,Durability. Strong cushioning. Traction is elite. Highly recommend.,Best on the court. Durability. Strong cushioning. Traction is elite. Highly recommend,best on the court durability strong cushioning traction is elite highly recommend,12,https://runrepeat.com/puma-all-pro-nitro-2,gen_829209,2025-12-13T06:52:42.000+00:00
PUMA All Pro Nitro 2,gen_201191044,4,positive,Strong cushioning,"Bought these for several players on my team, And underfoot comfort. Airflow. Traction is elite. Fits true to size. Game changer for me.","Strong cushioning. Bought these for several players on my team, And underfoot comfort. Airflow. Traction is elite. Fits true to size. Game changer for me",strong cushioning bought these for several players on my team and underfoot comfort airflow traction is elite fits true to size game changer for me,25,https://runrepeat.com/puma-all-pro-nitro-2,gen_829209,2025-03-07T06:52:42.000+00:00
PUMA All Pro Nitro 2,gen_946164927,4,positive,Best on the court,"Bought these for several players on my team, And underfoot comfort. Durability. The grip is phenomenal. Sizing is spot on.","Best on the court. Bought these for several players on my team, And underfoot comfort. Durability. The grip is phenomenal. Sizing is spot on",best on the court bought these for several players on my team and underfoot comfort durability the grip is phenomenal sizing is spot on,24,https://runrepeat.com/puma-all-pro-nitro-2,gen_829209,2024-07-27T06:52:42.000+00:00
PUMA All Pro Nitro 2,gen_635146098,3,neutral,Decent but not perfect,"Strong cushioning. However, limited energy return and a somewhat constricting forefoot fit. Stiff at first but loosens up nicely","Decent but not perfect. Strong cushioning. However, limited energy return and a somewhat constricting forefoot fit. Stiff at first but loosens up nicely",decent but not perfect strong cushioning however limited energy return and a somewhat constricting forefoot fit stiff at first but loosens up nicely,23,https://runrepeat.com/puma-all-pro-nitro-2,gen_829209,2024-08-29T06:52:42.000+00:00
PUMA All Pro Nitro 2,gen_397955343,5,positive,Great basketball shoe,"As a casual hooper, Strong cushioning. Durability. Super lightweight. Best shoe I've played in this year.","Great basketball shoe. As a casual hooper, Strong cushioning. Durability. Super lightweight. Best shoe I've played in this year",great basketball shoe as a casual hooper strong cushioning durability super lightweight best shoe i've played in this year,19,https://runrepeat.com/puma-all-pro-nitro-2,gen_829209,2025-08-03T06:52:42.000+00:00
PUMA All Pro Nitro 2,gen_799194654,4,positive,Solid performance shoe,Just finished my third week in these. Excellent grip. Strong cushioning. The grip is phenomenal. Ordered my normal size and it fits perfectly.,Solid performance shoe. Just finished my third week in these. Excellent grip. Strong cushioning. The grip is phenomenal. Ordered my normal size and it fits perfectly,solid performance shoe just finished my third week in these excellent grip strong cushioning the grip is phenomenal ordered my normal size and it fits perfectly,26,https://runrepeat.com/puma-all-pro-nitro-2,gen_829209,2025-04-21T06:52:42.000+00:00
PUMA All Pro Nitro 2,gen_863698684,5,positive,Best on the court,Bought these for the season and have no regrets. Durability. A stable platform. Never slipped once. Fits true to size.,Best on the court. Bought these for the season and have no regrets. Durability. A stable platform. Never slipped once. Fits true to size,best on the court bought these for the season and have no regrets durability a stable platform never slipped once fits true to size,24,https://runrepeat.com/puma-all-pro-nitro-2,gen_829209,2025-11-25T06:52:42.000+00:00
PUMA All Pro Nitro 2,gen_245743352,3,neutral,Decent but not perfect,"Strong cushioning. However, limited energy return and a somewhat constricting forefoot fit. Stiff at first but loosens up nicely","Decent but not perfect. Strong cushioning. However, limited energy return and a somewhat constricting forefoot fit. Stiff at first but loosens up nicely",decent but not perfect strong cushioning however limited energy return and a somewhat constricting forefoot fit stiff at first but loosens up nicely,23,https://runrepeat.com/puma-all-pro-nitro-2,gen_829209,2025-10-04T06:52:42.000+00:00
PUMA All Pro Nitro 2,gen_275752827,5,positive,Worth it,Tried these on a whim and they're now my go-to. And underfoot comfort. Airflow. Absorbs landings beautifully. One of my favorite basketball shoes.,Worth it. Tried these on a whim and they're now my go-to. And underfoot comfort. Airflow. Absorbs landings beautifully. One of my favorite basketball shoes,worth it tried these on a whim and they're now my go to and underfoot comfort airflow absorbs landings beautifully one of my favorite basketball shoes,26,https://runrepeat.com/puma-all-pro-nitro-2,gen_829209,2024-07-31T06:52:42.000+00:00
PUMA All Pro Nitro 2,gen_139616349,5,positive,Solid performance shoe,My kid loves these shoes. Strong cushioning. Airflow. Locks in on hardwood.,Solid performance shoe. My kid loves these shoes. Strong cushioning. Airflow. Locks in on hardwood,solid performance shoe my kid loves these shoes strong cushioning airflow locks in on hardwood,15,https://runrepeat.com/puma-all-pro-nitro-2,gen_829209,2024-12-31T06:52:42.000+00:00
PUMA All Pro Nitro 2,gen_474927537,3,neutral,Okay shoe overall,"I play D3 ball and A stable platform. However, limited energy return and a somewhat constricting forefoot fit. Needed about a week to feel natural","Okay shoe overall. I play D3 ball and A stable platform. However, limited energy return and a somewhat constricting forefoot fit. Needed about a week to feel natural",okay shoe overall i play d3 ball and a stable platform however limited energy return and a somewhat constricting forefoot fit needed about a week to feel natural,28,https://runrepeat.com/puma-all-pro-nitro-2,gen_829209,2025-03-09T06:52:42.000+00:00
PUMA All Pro Nitro 2,gen_406085502,4,positive,excellent grip,I play pickup 3x a week and A stable platform. Strong cushioning. Impact protection is top notch. Sizing is spot on.,excellent grip. I play pickup 3x a week and A stable platform. Strong cushioning. Impact protection is top notch. Sizing is spot on,excellent grip i play pickup 3x a week and a stable platform strong cushioning impact protection is top notch sizing is spot on,23,https://runrepeat.com/puma-all-pro-nitro-2,gen_829209,2025-04-19T06:52:42.000+00:00
PUMA All Pro Nitro 2,gen_74120325,5,positive,Great basketball shoe,"As a competitive player, Excellent grip. A stable platform. Responsive cushioning. Ordered my normal size and it fits perfectly. Foot doesn't move at all. One of my favorite basketball shoes.","Great basketball shoe. As a competitive player, Excellent grip. A stable platform. Responsive cushioning. Ordered my normal size and it fits perfectly. Foot doesn't move at all. One of my favorite basketball shoes",great basketball shoe as a competitive player excellent grip a stable platform responsive cushioning ordered my normal size and it fits perfectly foot doesn't move at all one of my favorite basketball shoes,33,https://runrepeat.com/puma-all-pro-nitro-2,gen_829209,2026-01-09T06:52:42.000+00:00
PUMA All Pro Nitro 2,gen_785402769,5,positive,Strong cushioning,"As a competitive player, A stable platform. Excellent grip. Never slipped once. Sizing is spot on.","Strong cushioning. As a competitive player, A stable platform. Excellent grip. Never slipped once. Sizing is spot on",strong cushioning as a competitive player a stable platform excellent grip never slipped once sizing is spot on,18,https://runrepeat.com/puma-all-pro-nitro-2,gen_829209,2024-10-30T06:52:42.000+00:00
PUMA All Pro Nitro 2,gen_552660104,5,positive,Solid performance shoe,I play pickup 3x a week and Excellent grip. And underfoot comfort. Impact protection is top notch. Sizing is spot on. No heel slip whatsoever.,Solid performance shoe. I play pickup 3x a week and Excellent grip. And underfoot comfort. Impact protection is top notch. Sizing is spot on. No heel slip whatsoever,solid performance shoe i play pickup 3x a week and excellent grip and underfoot comfort impact protection is top notch sizing is spot on no heel slip whatsoever,28,https://runrepeat.com/puma-all-pro-nitro-2,gen_829209,2025-08-15T06:52:42.000+00:00
PUMA All Pro Nitro 2,gen_457308887,5,positive,Strong cushioning,A stable platform. Excellent grip. Sticky rubber outsole. Ordered my normal size and it fits perfectly.,Strong cushioning. A stable platform. Excellent grip. Sticky rubber outsole. Ordered my normal size and it fits perfectly,strong cushioning a stable platform excellent grip sticky rubber outsole ordered my normal size and it fits perfectly,18,https://runrepeat.com/puma-all-pro-nitro-2,gen_829209,2024-11-18T06:52:42.000+00:00
Adidas D.O.N. Issue #4,gen_337846694,5,positive,Highly recommend,Just finished my third week in these. And strong value for money. A highly stable platform. Sizing is spot on.,Highly recommend. Just finished my third week in these. And strong value for money. A highly stable platform. Sizing is spot on,highly recommend just finished my third week in these and strong value for money a highly stable platform sizing is spot on,22,https://runrepeat.com/adidas-d-o-n-issue-4,gen_127882,2025-04-04T06:52:42.000+00:00
Adidas D.O.N. Issue #4,gen_468596252,4,positive,Best on the court,I play pickup 3x a week and Impressive support for a low-top. A relatively light build. Lockdown is excellent. Best shoe I've played in this year.,Best on the court. I play pickup 3x a week and Impressive support for a low-top. A relatively light build. Lockdown is excellent. Best shoe I've played in this year,best on the court i play pickup 3x a week and impressive support for a low top a relatively light build lockdown is excellent best shoe i've played in this year,31,https://runrepeat.com/adidas-d-o-n-issue-4,gen_127882,2025-05-13T06:52:42.000+00:00
Adidas D.O.N. Issue #4,gen_843648093,4,positive,Solid performance shoe,Tried these on a whim and they're now my go-to. Impressive support for a low-top. A relatively light build. Fits true to size. Highly recommend.,Solid performance shoe. Tried these on a whim and they're now my go-to. Impressive support for a low-top. A relatively light build. Fits true to size. Highly recommend,solid performance shoe tried these on a whim and they're now my go to impressive support for a low top a relatively light build fits true to size highly recommend,30,https://runrepeat.com/adidas-d-o-n-issue-4,gen_127882,2025-04-20T06:52:42.000+00:00
Adidas D.O.N. Issue #4,gen_765206338,5,positive,Love these shoes,Impressive support for a low-top. A highly stable platform. Fits true to size. Stays locked through cuts. Would buy again.,Love these shoes. Impressive support for a low-top. A highly stable platform. Fits true to size. Stays locked through cuts. Would buy again,love these shoes impressive support for a low top a highly stable platform fits true to size stays locked through cuts would buy again,24,https://runrepeat.com/adidas-d-o-n-issue-4,gen_127882,2024-05-31T06:52:42.000+00:00
Adidas D.O.N. Issue #4,gen_497146710,3,neutral,Has its pros and cons,"Got these for my daughter and Impressive support for a low-top. However, a less explosive feel and a stronger emphasis on court feel and flexibility than on rebound. Needed about a week to feel natural","Has its pros and cons. Got these for my daughter and Impressive support for a low-top. However, a less explosive feel and a stronger emphasis on court feel and flexibility than on rebound. Needed about a week to feel natural",has its pros and cons got these for my daughter and impressive support for a low top however a less explosive feel and a stronger emphasis on court feel and flexibility than on rebound needed about a week to feel natural,41,https://runrepeat.com/adidas-d-o-n-issue-4,gen_127882,2024-10-13T06:52:42.000+00:00
Adidas D.O.N. Issue #4,gen_805834686,4,positive,Great basketball shoe,My kid loves these shoes. And strong value for money. A relatively light build. Best shoe I've played in this year.,Great basketball shoe. My kid loves these shoes. And strong value for money. A relatively light build. Best shoe I've played in this year,great basketball shoe my kid loves these shoes and strong value for money a relatively light build best shoe i've played in this year,24,https://runrepeat.com/adidas-d-o-n-issue-4,gen_127882,2025-11-21T06:52:42.000+00:00
Adidas D.O.N. Issue #4,gen_399657408,5,positive,Highly recommend,Just finished my third week in these. And strong value for money. Impressive support for a low-top. Lockdown is excellent. Would buy again.,Highly recommend. Just finished my third week in these. And strong value for money. Impressive support for a low-top. Lockdown is excellent. Would buy again,highly recommend just finished my third week in these and strong value for money impressive support for a low top lockdown is excellent would buy again,26,https://runrepeat.com/adidas-d-o-n-issue-4,gen_127882,2025-02-07T06:52:42.000+00:00
Adidas D.O.N. Issue #4,gen_993399808,5,positive,Highly recommend,Impressive support for a low-top. A highly stable platform. Lockdown is excellent. One of my favorite basketball shoes.,Highly recommend. Impressive support for a low-top. A highly stable platform. Lockdown is excellent. One of my favorite basketball shoes,highly recommend impressive support for a low top a highly stable platform lockdown is excellent one of my favorite basketball shoes,21,https://runrepeat.com/adidas-d-o-n-issue-4,gen_127882,2025-05-10T06:52:42.000+00:00
Adidas D.O.N. Issue #4,gen_548172768,4,positive,Solid performance shoe,Bought these after my old pair died. Impressive support for a low-top. A relatively light build. Would buy again.,Solid performance shoe. Bought these after my old pair died. Impressive support for a low-top. A relatively light build. Would buy again,solid performance shoe bought these after my old pair died impressive support for a low top a relatively light build would buy again,23,https://runrepeat.com/adidas-d-o-n-issue-4,gen_127882,2025-11-16T06:52:42.000+00:00
Adidas D.O.N. Issue #4,gen_592905579,3,neutral,Has its pros and cons,"And strong value for money. However, a less explosive feel and a stronger emphasis on court feel and flexibility than on rebound. Needed about a week to feel natural","Has its pros and cons. And strong value for money. However, a less explosive feel and a stronger emphasis on court feel and flexibility than on rebound. Needed about a week to feel natural",has its pros and cons and strong value for money however a less explosive feel and a stronger emphasis on court feel and flexibility than on rebound needed about a week to feel natural,34,https://runrepeat.com/adidas-d-o-n-issue-4,gen_127882,2025-03-18T06:52:42.000+00:00
Adidas D.O.N. Issue #4,gen_623897985,3,neutral,Decent but not perfect,"Big sneaker collector here — A highly stable platform. However, a less explosive feel and a stronger emphasis on court feel and flexibility than on rebound. Decent shoe overall but nothing special.","Decent but not perfect. Big sneaker collector here — A highly stable platform. However, a less explosive feel and a stronger emphasis on court feel and flexibility than on rebound. Decent shoe overall but nothing special",decent but not perfect big sneaker collector here a highly stable platform however a less explosive feel and a stronger emphasis on court feel and flexibility than on rebound decent shoe overall but nothing special,35,https://runrepeat.com/adidas-d-o-n-issue-4,gen_127882,2024-07-07T06:52:42.000+00:00
Adidas D.O.N. Issue #4,gen_870645474,4,positive,Great basketball shoe,I play D3 ball and A relatively light build. A highly stable platform. Would buy again.,Great basketball shoe. I play D3 ball and A relatively light build. A highly stable platform. Would buy again,great basketball shoe i play d3 ball and a relatively light build a highly stable platform would buy again,19,https://runrepeat.com/adidas-d-o-n-issue-4,gen_127882,2026-02-10T06:52:42.000+00:00
Adidas D.O.N. Issue #4,gen_635975850,3,neutral,Mixed feelings,"My kid loves these shoes. A highly stable platform. However, a less explosive feel and a stronger emphasis on court feel and flexibility than on rebound. Takes a few sessions to break in","Mixed feelings. My kid loves these shoes. A highly stable platform. However, a less explosive feel and a stronger emphasis on court feel and flexibility than on rebound. Takes a few sessions to break in",mixed feelings my kid loves these shoes a highly stable platform however a less explosive feel and a stronger emphasis on court feel and flexibility than on rebound takes a few sessions to break in,35,https://runrepeat.com/adidas-d-o-n-issue-4,gen_127882,2025-04-10T06:52:42.000+00:00
Adidas D.O.N. Issue #4,gen_534349950,4,positive,Highly recommend,Been wearing these for a few months now. A highly stable platform. And strong value for money. Would buy again.,Highly recommend. Been wearing these for a few months now. A highly stable platform. And strong value for money. Would buy again,highly recommend been wearing these for a few months now a highly stable platform and strong value for money would buy again,22,https://runrepeat.com/adidas-d-o-n-issue-4,gen_127882,2025-12-10T06:52:42.000+00:00
Adidas D.O.N. Issue #4,gen_101699583,3,neutral,Good not great,"And strong value for money. However, a less explosive feel and a stronger emphasis on court feel and flexibility than on rebound. Stiff at first but loosens up nicely","Good not great. And strong value for money. However, a less explosive feel and a stronger emphasis on court feel and flexibility than on rebound. Stiff at first but loosens up nicely",good not great and strong value for money however a less explosive feel and a stronger emphasis on court feel and flexibility than on rebound stiff at first but loosens up nicely,32,https://runrepeat.com/adidas-d-o-n-issue-4,gen_127882,2024-08-29T06:52:42.000+00:00
Adidas D.O.N. Issue #4,gen_333206437,5,positive,Best on the court,I recommend these to my players. A relatively light build. And strong value for money. Sizing is spot on. One of my favorite basketball shoes.,Best on the court. I recommend these to my players. A relatively light build. And strong value for money. Sizing is spot on. One of my favorite basketball shoes,best on the court i recommend these to my players a relatively light build and strong value for money sizing is spot on one of my favorite basketball shoes,29,https://runrepeat.com/adidas-d-o-n-issue-4,gen_127882,2024-09-17T06:52:42.000+00:00
Adidas D.O.N. Issue #4,gen_142627010,4,positive,Solid performance shoe,Impressive support for a low-top. And strong value for money.,Solid performance shoe. Impressive support for a low-top. And strong value for money,solid performance shoe impressive support for a low top and strong value for money,14,https://runrepeat.com/adidas-d-o-n-issue-4,gen_127882,2024-04-24T06:52:42.000+00:00
Adidas D.O.N. Issue #4,gen_290698354,3,neutral,Has its pros and cons,"A relatively light build. However, a less explosive feel and a stronger emphasis on court feel and flexibility than on rebound. Needed about a week to feel natural","Has its pros and cons. A relatively light build. However, a less explosive feel and a stronger emphasis on court feel and flexibility than on rebound. Needed about a week to feel natural",has its pros and cons a relatively light build however a less explosive feel and a stronger emphasis on court feel and flexibility than on rebound needed about a week to feel natural,33,https://runrepeat.com/adidas-d-o-n-issue-4,gen_127882,2025-10-21T06:52:42.000+00:00
Adidas D.O.N. Issue #4,gen_822416120,4,positive,Solid performance shoe,Needed a new pair for the season and these delivered. A highly stable platform. A relatively light build. Foot doesn't move at all. Best shoe I've played in this year.,Solid performance shoe. Needed a new pair for the season and these delivered. A highly stable platform. A relatively light build. Foot doesn't move at all. Best shoe I've played in this year,solid performance shoe needed a new pair for the season and these delivered a highly stable platform a relatively light build foot doesn't move at all best shoe i've played in this year,33,https://runrepeat.com/adidas-d-o-n-issue-4,gen_127882,2025-06-28T06:52:42.000+00:00
Adidas D.O.N. Issue #4,gen_255631453,5,positive,Worth it,Bought these after my old pair died. A highly stable platform. A relatively light build. Fits true to size.,Worth it. Bought these after my old pair died. A highly stable platform. A relatively light build. Fits true to size,worth it bought these after my old pair died a highly stable platform a relatively light build fits true to size,21,https://runrepeat.com/adidas-d-o-n-issue-4,gen_127882,2025-02-27T06:52:42.000+00:00
New Balance Fresh Foam BB v2,gen_897985243,4,positive,Highly recommend,Soft cushioning. Immediate comfort. Absorbs landings beautifully. Sizing is spot on. No heel slip whatsoever. Highly recommend.,Highly recommend. Soft cushioning. Immediate comfort. Absorbs landings beautifully. Sizing is spot on. No heel slip whatsoever. Highly recommend,highly recommend soft cushioning immediate comfort absorbs landings beautifully sizing is spot on no heel slip whatsoever highly recommend,19,https://runrepeat.com/new-balance-fresh-foam-bb-v2,gen_322545,2024-05-29T06:52:42.000+00:00
New Balance Fresh Foam BB v2,gen_49112425,5,positive,Highly recommend,I recommend these to my players. Reliable traction. Immediate comfort. Doesn't slow you down. Lockdown is excellent.,Highly recommend. I recommend these to my players. Reliable traction. Immediate comfort. Doesn't slow you down. Lockdown is excellent,highly recommend i recommend these to my players reliable traction immediate comfort doesn't slow you down lockdown is excellent,19,https://runrepeat.com/new-balance-fresh-foam-bb-v2,gen_322545,2024-11-03T06:52:42.000+00:00
New Balance Fresh Foam BB v2,gen_124975062,3,neutral,Decent but not perfect,"Needed a new pair for the season and these delivered. Immediate comfort. However, a disconnected ride from the floor. Decent shoe overall but nothing special.","Decent but not perfect. Needed a new pair for the season and these delivered. Immediate comfort. However, a disconnected ride from the floor. Decent shoe overall but nothing special",decent but not perfect needed a new pair for the season and these delivered immediate comfort however a disconnected ride from the floor decent shoe overall but nothing special,29,https://runrepeat.com/new-balance-fresh-foam-bb-v2,gen_322545,2025-09-28T06:52:42.000+00:00
New Balance Fresh Foam BB v2,gen_589055740,4,positive,Love these shoes,"As a competitive player, A protective upper. Immediate comfort. The grip is phenomenal. Fits true to size. Highly recommend.","Love these shoes. As a competitive player, A protective upper. Immediate comfort. The grip is phenomenal. Fits true to size. Highly recommend",love these shoes as a competitive player a protective upper immediate comfort the grip is phenomenal fits true to size highly recommend,22,https://runrepeat.com/new-balance-fresh-foam-bb-v2,gen_322545,2024-06-11T06:52:42.000+00:00
New Balance Fresh Foam BB v2,gen_533660663,5,positive,Worth it,I play D3 ball and Immediate comfort. Padded interiors. Sticky rubber outsole. Foot doesn't move at all.,Worth it. I play D3 ball and Immediate comfort. Padded interiors. Sticky rubber outsole. Foot doesn't move at all,worth it i play d3 ball and immediate comfort padded interiors sticky rubber outsole foot doesn't move at all,19,https://runrepeat.com/new-balance-fresh-foam-bb-v2,gen_322545,2025-03-14T06:52:42.000+00:00
New Balance Fresh Foam BB v2,gen_406975489,5,positive,Great basketball shoe,Been playing for 15 years and Padded interiors. Soft cushioning. The grip is phenomenal. Sizing is spot on. Foot doesn't move at all. Highly recommend.,Great basketball shoe. Been playing for 15 years and Padded interiors. Soft cushioning. The grip is phenomenal. Sizing is spot on. Foot doesn't move at all. Highly recommend,great basketball shoe been playing for 15 years and padded interiors soft cushioning the grip is phenomenal sizing is spot on foot doesn't move at all highly recommend,28,https://runrepeat.com/new-balance-fresh-foam-bb-v2,gen_322545,2024-06-18T06:52:42.000+00:00
New Balance Fresh Foam BB v2,gen_717313304,4,positive,Love these shoes,I own about 30 pairs of basketball shoes and Soft cushioning. A protective upper. Never slipped once.,Love these shoes. I own about 30 pairs of basketball shoes and Soft cushioning. A protective upper. Never slipped once,love these shoes i own about 30 pairs of basketball shoes and soft cushioning a protective upper never slipped once,20,https://runrepeat.com/new-balance-fresh-foam-bb-v2,gen_322545,2024-04-23T06:52:42.000+00:00
New Balance Fresh Foam BB v2,gen_857695229,4,positive,good support,I own about 30 pairs of basketball shoes and Good support. Padded interiors. Great underfoot feel.,good support. I own about 30 pairs of basketball shoes and Good support. Padded interiors. Great underfoot feel,good support i own about 30 pairs of basketball shoes and good support padded interiors great underfoot feel,18,https://runrepeat.com/new-balance-fresh-foam-bb-v2,gen_322545,2024-05-12T06:52:42.000+00:00
New Balance Fresh Foam BB v2,gen_132549459,4,positive,Love these shoes,Padded interiors. Reliable traction. Feels like running on clouds. Fits true to size. Game changer for me.,Love these shoes. Padded interiors. Reliable traction. Feels like running on clouds. Fits true to size. Game changer for me,love these shoes padded interiors reliable traction feels like running on clouds fits true to size game changer for me,20,https://runrepeat.com/new-balance-fresh-foam-bb-v2,gen_322545,2024-11-15T06:52:42.000+00:00
New Balance Fresh Foam BB v2,gen_966713080,3,neutral,Good not great,"Soft cushioning. However, a disconnected ride from the floor. Takes a few sessions to break in","Good not great. Soft cushioning. However, a disconnected ride from the floor. Takes a few sessions to break in",good not great soft cushioning however a disconnected ride from the floor takes a few sessions to break in,19,https://runrepeat.com/new-balance-fresh-foam-bb-v2,gen_322545,2025-06-10T06:52:42.000+00:00
New Balance Fresh Foam BB v2,gen_466513856,4,positive,Worth it,Immediate comfort. Soft cushioning. Sticky rubber outsole. Fits true to size. Foot doesn't move at all.,Worth it. Immediate comfort. Soft cushioning. Sticky rubber outsole. Fits true to size. Foot doesn't move at all,worth it immediate comfort soft cushioning sticky rubber outsole fits true to size foot doesn't move at all,18,https://runrepeat.com/new-balance-fresh-foam-bb-v2,gen_322545,2025-08-22T06:52:42.000+00:00
New Balance Fresh Foam BB v2,gen_241206505,5,positive,Best on the court,Bought these for the season and have no regrets. Padded interiors. Reliable traction. Super lightweight.,Best on the court. Bought these for the season and have no regrets. Padded interiors. Reliable traction. Super lightweight,best on the court bought these for the season and have no regrets padded interiors reliable traction super lightweight,19,https://runrepeat.com/new-balance-fresh-foam-bb-v2,gen_322545,2024-06-28T06:52:42.000+00:00
New Balance Fresh Foam BB v2,gen_196058209,5,positive,Love these shoes,"As a casual hooper, Padded interiors. And great heel cushioning. Locks in on hardwood. Fits true to size.","Love these shoes. As a casual hooper, Padded interiors. And great heel cushioning. Locks in on hardwood. Fits true to size",love these shoes as a casual hooper padded interiors and great heel cushioning locks in on hardwood fits true to size,21,https://runrepeat.com/new-balance-fresh-foam-bb-v2,gen_322545,2025-08-11T06:52:42.000+00:00
New Balance Fresh Foam BB v2,gen_408132192,5,positive,Worth it,Game-tested these for about 10 sessions. Soft cushioning. A protective upper. Great underfoot feel. Sizing is spot on. Foot doesn't move at all. Would buy again.,Worth it. Game-tested these for about 10 sessions. Soft cushioning. A protective upper. Great underfoot feel. Sizing is spot on. Foot doesn't move at all. Would buy again,worth it game tested these for about 10 sessions soft cushioning a protective upper great underfoot feel sizing is spot on foot doesn't move at all would buy again,29,https://runrepeat.com/new-balance-fresh-foam-bb-v2,gen_322545,2025-09-25T06:52:42.000+00:00
New Balance Fresh Foam BB v2,gen_628722776,4,positive,Great basketball shoe,Soft cushioning. And great heel cushioning. Impact protection is top notch. Ordered my normal size and it fits perfectly. Would buy again.,Great basketball shoe. Soft cushioning. And great heel cushioning. Impact protection is top notch. Ordered my normal size and it fits perfectly. Would buy again,great basketball shoe soft cushioning and great heel cushioning impact protection is top notch ordered my normal size and it fits perfectly would buy again,25,https://runrepeat.com/new-balance-fresh-foam-bb-v2,gen_322545,2025-08-15T06:52:42.000+00:00
New Balance Fresh Foam BB v2,gen_382012958,5,positive,Highly recommend,Big sneaker collector here — Good support. A protective upper. Great underfoot feel. Sizing is spot on. Super secure fit. Would buy again.,Highly recommend. Big sneaker collector here — Good support. A protective upper. Great underfoot feel. Sizing is spot on. Super secure fit. Would buy again,highly recommend big sneaker collector here good support a protective upper great underfoot feel sizing is spot on super secure fit would buy again,24,https://runrepeat.com/new-balance-fresh-foam-bb-v2,gen_322545,2024-12-26T06:52:42.000+00:00
New Balance Fresh Foam BB v2,gen_552521329,4,positive,Solid performance shoe,Been wearing these for a few months now. And great heel cushioning. A protective upper. The grip is phenomenal. One of my favorite basketball shoes.,Solid performance shoe. Been wearing these for a few months now. And great heel cushioning. A protective upper. The grip is phenomenal. One of my favorite basketball shoes,solid performance shoe been wearing these for a few months now and great heel cushioning a protective upper the grip is phenomenal one of my favorite basketball shoes,28,https://runrepeat.com/new-balance-fresh-foam-bb-v2,gen_322545,2024-08-21T06:52:42.000+00:00
New Balance Fresh Foam BB v2,gen_484523256,5,positive,Highly recommend,Tried these on a whim and they're now my go-to. Padded interiors. A protective upper. Never slipped once. Ordered my normal size and it fits perfectly. Game changer for me.,Highly recommend. Tried these on a whim and they're now my go-to. Padded interiors. A protective upper. Never slipped once. Ordered my normal size and it fits perfectly. Game changer for me,highly recommend tried these on a whim and they're now my go to padded interiors a protective upper never slipped once ordered my normal size and it fits perfectly game changer for me,33,https://runrepeat.com/new-balance-fresh-foam-bb-v2,gen_322545,2025-10-04T06:52:42.000+00:00
New Balance Fresh Foam BB v2,gen_734243082,4,positive,Highly recommend,"As a casual hooper, Reliable traction. And great heel cushioning. Sticky rubber outsole. Sizing is spot on.","Highly recommend. As a casual hooper, Reliable traction. And great heel cushioning. Sticky rubber outsole. Sizing is spot on",highly recommend as a casual hooper reliable traction and great heel cushioning sticky rubber outsole sizing is spot on,19,https://runrepeat.com/new-balance-fresh-foam-bb-v2,gen_322545,2025-04-05T06:52:42.000+00:00
New Balance Fresh Foam BB v2,gen_180789656,4,positive,Solid performance shoe,A protective upper. Immediate comfort. Doesn't slow you down. Ordered my normal size and it fits perfectly. No heel slip whatsoever.,Solid performance shoe. A protective upper. Immediate comfort. Doesn't slow you down. Ordered my normal size and it fits perfectly. No heel slip whatsoever,solid performance shoe a protective upper immediate comfort doesn't slow you down ordered my normal size and it fits perfectly no heel slip whatsoever,24,https://runrepeat.com/new-balance-fresh-foam-bb-v2,gen_322545,2025-05-01T06:52:42.000+00:00
Adidas Trae Young 2,gen_494906247,3,neutral,Good not great,"I play pickup 3x a week and And lockdown. However, and limited streetball utility. Decent shoe overall but nothing special.","Good not great. I play pickup 3x a week and And lockdown. However, and limited streetball utility. Decent shoe overall but nothing special",good not great i play pickup 3x a week and and lockdown however and limited streetball utility decent shoe overall but nothing special,23,https://runrepeat.com/adidas-trae-young-2,gen_840844,2025-03-11T06:52:42.000+00:00
Adidas Trae Young 2,gen_575852798,4,positive,Best on the court,Finally pulled the trigger on these and glad I did. Smooth transitions. Impact protection. Sizing is spot on. Game changer for me.,Best on the court. Finally pulled the trigger on these and glad I did. Smooth transitions. Impact protection. Sizing is spot on. Game changer for me,best on the court finally pulled the trigger on these and glad i did smooth transitions impact protection sizing is spot on game changer for me,26,https://runrepeat.com/adidas-trae-young-2,gen_840844,2024-08-30T06:52:42.000+00:00
Adidas Trae Young 2,gen_871586383,4,positive,Worth it,Traction. And lockdown. Would buy again.,Worth it. Traction. And lockdown. Would buy again,worth it traction and lockdown would buy again,8,https://runrepeat.com/adidas-trae-young-2,gen_840844,2025-07-21T06:52:42.000+00:00
Adidas Trae Young 2,gen_1893898,3,neutral,Good not great,"Been wearing these for a few months now. Impact protection. However, a heavy build. Takes a few sessions to break in","Good not great. Been wearing these for a few months now. Impact protection. However, a heavy build. Takes a few sessions to break in",good not great been wearing these for a few months now impact protection however a heavy build takes a few sessions to break in,24,https://runrepeat.com/adidas-trae-young-2,gen_840844,2026-02-10T06:52:42.000+00:00
Adidas Trae Young 2,gen_332629712,3,neutral,Mixed feelings,"Finally pulled the trigger on these and glad I did. Smooth transitions. However, a heavy build. Stiff at first but loosens up nicely","Mixed feelings. Finally pulled the trigger on these and glad I did. Smooth transitions. However, a heavy build. Stiff at first but loosens up nicely",mixed feelings finally pulled the trigger on these and glad i did smooth transitions however a heavy build stiff at first but loosens up nicely,25,https://runrepeat.com/adidas-trae-young-2,gen_840844,2025-10-14T06:52:42.000+00:00
Adidas Trae Young 2,gen_982190471,3,neutral,Good not great,"Traction. However, a hard-on feel when putting it on. Needed about a week to feel natural","Good not great. Traction. However, a hard-on feel when putting it on. Needed about a week to feel natural",good not great traction however a hard on feel when putting it on needed about a week to feel natural,20,https://runrepeat.com/adidas-trae-young-2,gen_840844,2025-10-14T06:52:42.000+00:00
Adidas Trae Young 2,gen_271734832,4,positive,Great basketball shoe,Finally pulled the trigger on these and glad I did. Impact protection. Energy return. Ordered my normal size and it fits perfectly. Super secure fit. Highly recommend.,Great basketball shoe. Finally pulled the trigger on these and glad I did. Impact protection. Energy return. Ordered my normal size and it fits perfectly. Super secure fit. Highly recommend,great basketball shoe finally pulled the trigger on these and glad i did impact protection energy return ordered my normal size and it fits perfectly super secure fit highly recommend,30,https://runrepeat.com/adidas-trae-young-2,gen_840844,2025-07-13T06:52:42.000+00:00
Adidas Trae Young 2,gen_103778149,4,positive,Love these shoes,Really happy with this purchase. Traction. And lockdown. Fits true to size.,Love these shoes. Really happy with this purchase. Traction. And lockdown. Fits true to size,love these shoes really happy with this purchase traction and lockdown fits true to size,15,https://runrepeat.com/adidas-trae-young-2,gen_840844,2026-03-11T06:52:42.000+00:00
Adidas Trae Young 2,gen_398330379,5,positive,Highly recommend,Bought these after my old pair died. Upper comfort. Impact protection. Sizing is spot on. One of my favorite basketball shoes.,Highly recommend. Bought these after my old pair died. Upper comfort. Impact protection. Sizing is spot on. One of my favorite basketball shoes,highly recommend bought these after my old pair died upper comfort impact protection sizing is spot on one of my favorite basketball shoes,23,https://runrepeat.com/adidas-trae-young-2,gen_840844,2025-06-04T06:52:42.000+00:00
Adidas Trae Young 2,gen_148098779,5,positive,Love these shoes,I recommend these to my players. Upper comfort. And lockdown. No heel slip whatsoever.,Love these shoes. I recommend these to my players. Upper comfort. And lockdown. No heel slip whatsoever,love these shoes i recommend these to my players upper comfort and lockdown no heel slip whatsoever,17,https://runrepeat.com/adidas-trae-young-2,gen_840844,2025-12-01T06:52:42.000+00:00
Adidas Trae Young 2,gen_841272780,3,neutral,Decent but not perfect,"Compared to my other pairs, Upper comfort. However, and limited streetball utility. Needed about a week to feel natural","Decent but not perfect. Compared to my other pairs, Upper comfort. However, and limited streetball utility. Needed about a week to feel natural",decent but not perfect compared to my other pairs upper comfort however and limited streetball utility needed about a week to feel natural,23,https://runrepeat.com/adidas-trae-young-2,gen_840844,2025-04-10T06:52:42.000+00:00
Adidas Trae Young 2,gen_284260222,3,neutral,Mixed feelings,"Energy return. However, a hard-on feel when putting it on. Needed about a week to feel natural","Mixed feelings. Energy return. However, a hard-on feel when putting it on. Needed about a week to feel natural",mixed feelings energy return however a hard on feel when putting it on needed about a week to feel natural,20,https://runrepeat.com/adidas-trae-young-2,gen_840844,2026-04-19T06:52:42.000+00:00
Adidas Trae Young 2,gen_525918015,4,positive,and lockdown,My kid loves these shoes. Traction. Upper comfort. No heel slip whatsoever. Best shoe I've played in this year.,and lockdown. My kid loves these shoes. Traction. Upper comfort. No heel slip whatsoever. Best shoe I've played in this year,and lockdown my kid loves these shoes traction upper comfort no heel slip whatsoever best shoe i've played in this year,21,https://runrepeat.com/adidas-trae-young-2,gen_840844,2026-01-29T06:52:42.000+00:00
Adidas Trae Young 2,gen_347868838,3,neutral,Has its pros and cons,"Impact protection. However, and limited streetball utility. Takes a few sessions to break in","Has its pros and cons. Impact protection. However, and limited streetball utility. Takes a few sessions to break in",has its pros and cons impact protection however and limited streetball utility takes a few sessions to break in,19,https://runrepeat.com/adidas-trae-young-2,gen_840844,2025-03-24T06:52:42.000+00:00
Adidas Trae Young 2,gen_628077453,4,positive,Best on the court,Energy return. And lockdown. Sizing is spot on. Best shoe I've played in this year.,Best on the court. Energy return. And lockdown. Sizing is spot on. Best shoe I've played in this year,best on the court energy return and lockdown sizing is spot on best shoe i've played in this year,19,https://runrepeat.com/adidas-trae-young-2,gen_840844,2024-12-30T06:52:42.000+00:00
Adidas Trae Young 2,gen_559548191,5,positive,Solid performance shoe,Smooth transitions. And lockdown. Ordered my normal size and it fits perfectly. Highly recommend.,Solid performance shoe. Smooth transitions. And lockdown. Ordered my normal size and it fits perfectly. Highly recommend,solid performance shoe smooth transitions and lockdown ordered my normal size and it fits perfectly highly recommend,17,https://runrepeat.com/adidas-trae-young-2,gen_840844,2025-11-09T06:52:42.000+00:00
Adidas Trae Young 2,gen_869838011,4,positive,Solid performance shoe,My kid loves these shoes. And lockdown. Impact protection.,Solid performance shoe. My kid loves these shoes. And lockdown. Impact protection,solid performance shoe my kid loves these shoes and lockdown impact protection,12,https://runrepeat.com/adidas-trae-young-2,gen_840844,2024-10-22T06:52:42.000+00:00
Adidas Trae Young 2,gen_383298865,4,positive,Worth it,"Bought these for several players on my team, Upper comfort. Smooth transitions.","Worth it. Bought these for several players on my team, Upper comfort. Smooth transitions",worth it bought these for several players on my team upper comfort smooth transitions,14,https://runrepeat.com/adidas-trae-young-2,gen_840844,2024-07-02T06:52:42.000+00:00
Adidas Trae Young 2,gen_334904765,2,negative,Wouldn't buy again,A hard-on feel when putting it on. A heavy build. Wouldn't buy again.,Wouldn't buy again. A hard-on feel when putting it on. A heavy build. Wouldn't buy again,wouldn't buy again a hard on feel when putting it on a heavy build wouldn't buy again,17,https://runrepeat.com/adidas-trae-young-2,gen_840844,2025-07-31T06:52:42.000+00:00
Adidas Trae Young 2,gen_917169196,3,neutral,Decent but not perfect,"Bought these for my son and Upper comfort. However, and limited streetball utility. Needed about a week to feel natural","Decent but not perfect. Bought these for my son and Upper comfort. However, and limited streetball utility. Needed about a week to feel natural",decent but not perfect bought these for my son and upper comfort however and limited streetball utility needed about a week to feel natural,24,https://runrepeat.com/adidas-trae-young-2,gen_840844,2025-12-25T06:52:42.000+00:00
Nike Giannis Immortality 2,gen_934543591,4,positive,a lightweight build,Needed a new pair for the season and these delivered. A lightweight build. Smooth transitions.,a lightweight build. Needed a new pair for the season and these delivered. A lightweight build. Smooth transitions,a lightweight build needed a new pair for the season and these delivered a lightweight build smooth transitions,18,https://runrepeat.com/nike-giannis-immortality-2,gen_440949,2026-03-18T06:52:42.000+00:00
Nike Giannis Immortality 2,gen_811600780,4,positive,Love these shoes,A lightweight build. Comfort. Super secure fit.,Love these shoes. A lightweight build. Comfort. Super secure fit,love these shoes a lightweight build comfort super secure fit,10,https://runrepeat.com/nike-giannis-immortality-2,gen_440949,2025-04-02T06:52:42.000+00:00
Nike Giannis Immortality 2,gen_860773381,4,positive,quick-feeling cushioning,Got these for my daughter and Smooth transitions. And value. Foot doesn't move at all.,quick-feeling cushioning. Got these for my daughter and Smooth transitions. And value. Foot doesn't move at all,quick feeling cushioning got these for my daughter and smooth transitions and value foot doesn't move at all,18,https://runrepeat.com/nike-giannis-immortality-2,gen_440949,2025-03-17T06:52:42.000+00:00
Nike Giannis Immortality 2,gen_207360278,5,positive,a lightweight build,A lightweight build. Comfort.,a lightweight build. A lightweight build. Comfort,a lightweight build a lightweight build comfort,7,https://runrepeat.com/nike-giannis-immortality-2,gen_440949,2025-03-18T06:52:42.000+00:00
Nike Giannis Immortality 2,gen_227379577,4,positive,Best on the court,Bought these for my son and And value. Comfort. Sizing is spot on. Highly recommend.,Best on the court. Bought these for my son and And value. Comfort. Sizing is spot on. Highly recommend,best on the court bought these for my son and and value comfort sizing is spot on highly recommend,19,https://runrepeat.com/nike-giannis-immortality-2,gen_440949,2024-04-26T06:52:42.000+00:00
Nike Giannis Immortality 2,gen_363345855,3,neutral,Has its pros and cons,"Comfort. However, and some instability. Decent shoe overall but nothing special.","Has its pros and cons. Comfort. However, and some instability. Decent shoe overall but nothing special",has its pros and cons comfort however and some instability decent shoe overall but nothing special,16,https://runrepeat.com/nike-giannis-immortality-2,gen_440949,2025-06-28T06:52:42.000+00:00
Nike Giannis Immortality 2,gen_545215688,4,positive,Highly recommend,These shoes are solid. A lightweight build. Quick-feeling cushioning. Game changer for me.,Highly recommend. These shoes are solid. A lightweight build. Quick-feeling cushioning. Game changer for me,highly recommend these shoes are solid a lightweight build quick feeling cushioning game changer for me,16,https://runrepeat.com/nike-giannis-immortality-2,gen_440949,2024-05-27T06:52:42.000+00:00
Nike Giannis Immortality 2,gen_726867583,4,positive,Great basketball shoe,"For rec league ball, Smooth transitions. Quick-feeling cushioning. Ordered my normal size and it fits perfectly. Would buy again.","Great basketball shoe. For rec league ball, Smooth transitions. Quick-feeling cushioning. Ordered my normal size and it fits perfectly. Would buy again",great basketball shoe for rec league ball smooth transitions quick feeling cushioning ordered my normal size and it fits perfectly would buy again,23,https://runrepeat.com/nike-giannis-immortality-2,gen_440949,2024-07-19T06:52:42.000+00:00
Nike Giannis Immortality 2,gen_110289388,3,neutral,Mixed feelings,"As a competitive player, Comfort. However, dust pickup. Stiff at first but loosens up nicely","Mixed feelings. As a competitive player, Comfort. However, dust pickup. Stiff at first but loosens up nicely",mixed feelings as a competitive player comfort however dust pickup stiff at first but loosens up nicely,17,https://runrepeat.com/nike-giannis-immortality-2,gen_440949,2024-05-18T06:52:42.000+00:00
Nike Giannis Immortality 2,gen_727959791,5,positive,Highly recommend,Quick-feeling cushioning. Comfort. Game changer for me.,Highly recommend. Quick-feeling cushioning. Comfort. Game changer for me,highly recommend quick feeling cushioning comfort game changer for me,10,https://runrepeat.com/nike-giannis-immortality-2,gen_440949,2025-04-11T06:52:42.000+00:00
Nike Giannis Immortality 2,gen_886342972,4,positive,Great basketball shoe,"For rec league ball, And value. Smooth transitions. Ordered my normal size and it fits perfectly. Highly recommend.","Great basketball shoe. For rec league ball, And value. Smooth transitions. Ordered my normal size and it fits perfectly. Highly recommend",great basketball shoe for rec league ball and value smooth transitions ordered my normal size and it fits perfectly highly recommend,21,https://runrepeat.com/nike-giannis-immortality-2,gen_440949,2024-08-23T06:52:42.000+00:00
Nike Giannis Immortality 2,gen_167490220,3,neutral,Good not great,"Comfort. However, dust pickup. Needed about a week to feel natural","Good not great. Comfort. However, dust pickup. Needed about a week to feel natural",good not great comfort however dust pickup needed about a week to feel natural,14,https://runrepeat.com/nike-giannis-immortality-2,gen_440949,2026-01-11T06:52:42.000+00:00
Nike Giannis Immortality 2,gen_992784109,5,positive,Great basketball shoe,"Compared to my other pairs, Quick-feeling cushioning. Comfort.","Great basketball shoe. Compared to my other pairs, Quick-feeling cushioning. Comfort",great basketball shoe compared to my other pairs quick feeling cushioning comfort,12,https://runrepeat.com/nike-giannis-immortality-2,gen_440949,2024-12-08T06:52:42.000+00:00
Nike Giannis Immortality 2,gen_101871695,4,positive,Best on the court,Quick-feeling cushioning. Smooth transitions. Best shoe I've played in this year.,Best on the court. Quick-feeling cushioning. Smooth transitions. Best shoe I've played in this year,best on the court quick feeling cushioning smooth transitions best shoe i've played in this year,16,https://runrepeat.com/nike-giannis-immortality-2,gen_440949,2024-05-11T06:52:42.000+00:00
Nike Giannis Immortality 2,gen_192036695,4,positive,Great basketball shoe,These shoes are solid. Smooth transitions. And value. Super secure fit.,Great basketball shoe. These shoes are solid. Smooth transitions. And value. Super secure fit,great basketball shoe these shoes are solid smooth transitions and value super secure fit,14,https://runrepeat.com/nike-giannis-immortality-2,gen_440949,2026-03-18T06:52:42.000+00:00
Nike Giannis Immortality 2,gen_284854126,3,neutral,Decent but not perfect,"Bought these after my old pair died. Smooth transitions. However, dust pickup. Takes a few sessions to break in","Decent but not perfect. Bought these after my old pair died. Smooth transitions. However, dust pickup. Takes a few sessions to break in",decent but not perfect bought these after my old pair died smooth transitions however dust pickup takes a few sessions to break in,23,https://runrepeat.com/nike-giannis-immortality-2,gen_440949,2025-08-11T06:52:42.000+00:00
Nike Giannis Immortality 2,gen_851087033,4,positive,Great basketball shoe,Bought these after my old pair died. Comfort. Smooth transitions. One of my favorite basketball shoes.,Great basketball shoe. Bought these after my old pair died. Comfort. Smooth transitions. One of my favorite basketball shoes,great basketball shoe bought these after my old pair died comfort smooth transitions one of my favorite basketball shoes,19,https://runrepeat.com/nike-giannis-immortality-2,gen_440949,2024-08-10T06:52:42.000+00:00
Nike Giannis Immortality 2,gen_430877476,4,positive,Best on the court,Quick-feeling cushioning. Smooth transitions. Fits true to size. Foot doesn't move at all.,Best on the court. Quick-feeling cushioning. Smooth transitions. Fits true to size. Foot doesn't move at all,best on the court quick feeling cushioning smooth transitions fits true to size foot doesn't move at all,18,https://runrepeat.com/nike-giannis-immortality-2,gen_440949,2024-08-14T06:52:42.000+00:00
Nike Giannis Immortality 2,gen_288370148,5,positive,Highly recommend,I own about 30 pairs of basketball shoes and And value. Comfort. Sizing is spot on. Foot doesn't move at all. Highly recommend.,Highly recommend. I own about 30 pairs of basketball shoes and And value. Comfort. Sizing is spot on. Foot doesn't move at all. Highly recommend,highly recommend i own about 30 pairs of basketball shoes and and value comfort sizing is spot on foot doesn't move at all highly recommend,25,https://runrepeat.com/nike-giannis-immortality-2,gen_440949,2025-08-05T06:52:42.000+00:00
Nike Giannis Immortality 2,gen_71745318,4,positive,Worth it,Bought these for the season and have no regrets. Smooth transitions. A lightweight build. Would buy again.,Worth it. Bought these for the season and have no regrets. Smooth transitions. A lightweight build. Would buy again,worth it bought these for the season and have no regrets smooth transitions a lightweight build would buy again,19,https://runrepeat.com/nike-giannis-immortality-2,gen_440949,2025-02-17T06:52:42.000+00:00
Nike KD 16,gen_407758759,5,positive,Lockdown,"As a casual hooper, Forefoot responsiveness. Court feel. Best shoe I've played in this year.","Lockdown. As a casual hooper, Forefoot responsiveness. Court feel. Best shoe I've played in this year",lockdown as a casual hooper forefoot responsiveness court feel best shoe i've played in this year,16,https://runrepeat.com/nike-kd-16,gen_650320,2025-07-08T06:52:42.000+00:00
Nike KD 16,gen_333708762,3,neutral,Okay shoe overall,"Stability. However, a narrow fit. Decent shoe overall but nothing special.","Okay shoe overall. Stability. However, a narrow fit. Decent shoe overall but nothing special",okay shoe overall stability however a narrow fit decent shoe overall but nothing special,14,https://runrepeat.com/nike-kd-16,gen_650320,2025-10-19T06:52:42.000+00:00
Nike KD 16,gen_937060528,4,positive,forefoot responsiveness,Comfort. Stylish upper. Stays locked through cuts.,forefoot responsiveness. Comfort. Stylish upper. Stays locked through cuts,forefoot responsiveness comfort stylish upper stays locked through cuts,9,https://runrepeat.com/nike-kd-16,gen_650320,2024-06-18T06:52:42.000+00:00
Nike KD 16,gen_405391174,3,neutral,Good not great,"I play D3 ball and Forefoot responsiveness. However, poor ventilation. Stiff at first but loosens up nicely","Good not great. I play D3 ball and Forefoot responsiveness. However, poor ventilation. Stiff at first but loosens up nicely",good not great i play d3 ball and forefoot responsiveness however poor ventilation stiff at first but loosens up nicely,20,https://runrepeat.com/nike-kd-16,gen_650320,2024-04-28T06:52:42.000+00:00
Nike KD 16,gen_106118744,5,positive,Highly recommend,Tried these on a whim and they're now my go-to. Forefoot responsiveness. Comfort. No heel slip whatsoever. Would buy again.,Highly recommend. Tried these on a whim and they're now my go-to. Forefoot responsiveness. Comfort. No heel slip whatsoever. Would buy again,highly recommend tried these on a whim and they're now my go to forefoot responsiveness comfort no heel slip whatsoever would buy again,23,https://runrepeat.com/nike-kd-16,gen_650320,2025-06-14T06:52:42.000+00:00
Nike KD 16,gen_228814076,4,positive,and a detailed,Game-tested these for about 10 sessions. Stylish upper. Lockdown. Foot doesn't move at all.,and a detailed. Game-tested these for about 10 sessions. Stylish upper. Lockdown. Foot doesn't move at all,and a detailed game tested these for about 10 sessions stylish upper lockdown foot doesn't move at all,18,https://runrepeat.com/nike-kd-16,gen_650320,2025-11-04T06:52:42.000+00:00
Nike KD 16,gen_730086348,4,positive,Great basketball shoe,Comfort. Lockdown. Would buy again.,Great basketball shoe. Comfort. Lockdown. Would buy again,great basketball shoe comfort lockdown would buy again,8,https://runrepeat.com/nike-kd-16,gen_650320,2024-12-17T06:52:42.000+00:00
Nike KD 16,gen_443221453,5,positive,Best on the court,Needed a new pair for the season and these delivered. Stability. And a detailed. Sizing is spot on.,Best on the court. Needed a new pair for the season and these delivered. Stability. And a detailed. Sizing is spot on,best on the court needed a new pair for the season and these delivered stability and a detailed sizing is spot on,22,https://runrepeat.com/nike-kd-16,gen_650320,2025-08-15T06:52:42.000+00:00
Nike KD 16,gen_150688487,4,positive,Worth it,Tried these on a whim and they're now my go-to. Stability. And a detailed.,Worth it. Tried these on a whim and they're now my go-to. Stability. And a detailed,worth it tried these on a whim and they're now my go to stability and a detailed,17,https://runrepeat.com/nike-kd-16,gen_650320,2025-10-25T06:52:42.000+00:00
Nike KD 16,gen_124039377,3,neutral,Decent but not perfect,"Lockdown. However, a narrow fit. Decent shoe overall but nothing special.","Decent but not perfect. Lockdown. However, a narrow fit. Decent shoe overall but nothing special",decent but not perfect lockdown however a narrow fit decent shoe overall but nothing special,15,https://runrepeat.com/nike-kd-16,gen_650320,2025-03-30T06:52:42.000+00:00
Nike KD 16,gen_486839897,4,positive,Love these shoes,"As a casual hooper, Stability. Court feel. Game changer for me.","Love these shoes. As a casual hooper, Stability. Court feel. Game changer for me",love these shoes as a casual hooper stability court feel game changer for me,14,https://runrepeat.com/nike-kd-16,gen_650320,2025-06-26T06:52:42.000+00:00
Nike KD 16,gen_851464325,5,positive,Highly recommend,Stability. Forefoot responsiveness. Highly recommend.,Highly recommend. Stability. Forefoot responsiveness. Highly recommend,highly recommend stability forefoot responsiveness highly recommend,7,https://runrepeat.com/nike-kd-16,gen_650320,2025-01-03T06:52:42.000+00:00
Nike KD 16,gen_428788320,5,positive,court feel,I recommend these to my players. Court feel. Comfort. Sizing is spot on. Super secure fit.,court feel. I recommend these to my players. Court feel. Comfort. Sizing is spot on. Super secure fit,court feel i recommend these to my players court feel comfort sizing is spot on super secure fit,18,https://runrepeat.com/nike-kd-16,gen_650320,2025-10-14T06:52:42.000+00:00
Nike KD 16,gen_916571019,3,neutral,Mixed feelings,"My kid loves these shoes. Comfort. However, poor ventilation. Takes a few sessions to break in","Mixed feelings. My kid loves these shoes. Comfort. However, poor ventilation. Takes a few sessions to break in",mixed feelings my kid loves these shoes comfort however poor ventilation takes a few sessions to break in,18,https://runrepeat.com/nike-kd-16,gen_650320,2024-10-28T06:52:42.000+00:00
Nike KD 16,gen_881642805,5,positive,Highly recommend,As a coach I've seen a lot of shoes and Lockdown. Stability. No heel slip whatsoever. One of my favorite basketball shoes.,Highly recommend. As a coach I've seen a lot of shoes and Lockdown. Stability. No heel slip whatsoever. One of my favorite basketball shoes,highly recommend as a coach i've seen a lot of shoes and lockdown stability no heel slip whatsoever one of my favorite basketball shoes,24,https://runrepeat.com/nike-kd-16,gen_650320,2025-04-14T06:52:42.000+00:00
Nike KD 16,gen_797182225,5,positive,Highly recommend,Tried these on a whim and they're now my go-to. And a detailed. Comfort. Sizing is spot on. Would buy again.,Highly recommend. Tried these on a whim and they're now my go-to. And a detailed. Comfort. Sizing is spot on. Would buy again,highly recommend tried these on a whim and they're now my go to and a detailed comfort sizing is spot on would buy again,24,https://runrepeat.com/nike-kd-16,gen_650320,2025-12-30T06:52:42.000+00:00
Nike KD 16,gen_815929368,4,positive,Love these shoes,"For rec league ball, And a detailed. Forefoot responsiveness. Foot doesn't move at all.","Love these shoes. For rec league ball, And a detailed. Forefoot responsiveness. Foot doesn't move at all",love these shoes for rec league ball and a detailed forefoot responsiveness foot doesn't move at all,17,https://runrepeat.com/nike-kd-16,gen_650320,2024-06-10T06:52:42.000+00:00
Nike KD 16,gen_715549439,5,positive,Great basketball shoe,Been wearing these for a few months now. Forefoot responsiveness. Comfort.,Great basketball shoe. Been wearing these for a few months now. Forefoot responsiveness. Comfort,great basketball shoe been wearing these for a few months now forefoot responsiveness comfort,14,https://runrepeat.com/nike-kd-16,gen_650320,2025-03-20T06:52:42.000+00:00
Nike KD 16,gen_608977734,5,positive,Great basketball shoe,Game-tested these for about 10 sessions. Court feel. Lockdown. Super secure fit. Best shoe I've played in this year.,Great basketball shoe. Game-tested these for about 10 sessions. Court feel. Lockdown. Super secure fit. Best shoe I've played in this year,great basketball shoe game tested these for about 10 sessions court feel lockdown super secure fit best shoe i've played in this year,23,https://runrepeat.com/nike-kd-16,gen_650320,2026-04-14T06:52:42.000+00:00
Nike KD 16,gen_622207573,4,positive,Solid performance shoe,Bought these for my son and Stylish upper. Comfort. Fits true to size. One of my favorite basketball shoes.,Solid performance shoe. Bought these for my son and Stylish upper. Comfort. Fits true to size. One of my favorite basketball shoes,solid performance shoe bought these for my son and stylish upper comfort fits true to size one of my favorite basketball shoes,22,https://runrepeat.com/nike-kd-16,gen_650320,2025-12-26T06:52:42.000+00:00
Jordan Tatum 4,gen_190294735,5,positive,Heel shock absorption,"As a casual hooper, Court feel. Durability. Feels almost weightless on foot. No heel slip whatsoever. Best shoe I've played in this year.","Heel shock absorption. As a casual hooper, Court feel. Durability. Feels almost weightless on foot. No heel slip whatsoever. Best shoe I've played in this year",heel shock absorption as a casual hooper court feel durability feels almost weightless on foot no heel slip whatsoever best shoe i've played in this year,26,https://runrepeat.com/jordan-tatum-4,gen_617524,2025-02-09T06:52:42.000+00:00
Jordan Tatum 4,gen_622608296,2,negative,Expected better,"For rec league ball, Low traction. And poor ventilation. Traction fades outdoors. Wouldn't buy again.","Expected better. For rec league ball, Low traction. And poor ventilation. Traction fades outdoors. Wouldn't buy again",expected better for rec league ball low traction and poor ventilation traction fades outdoors wouldn't buy again,17,https://runrepeat.com/jordan-tatum-4,gen_617524,2025-05-30T06:52:42.000+00:00
Jordan Tatum 4,gen_586567308,5,positive,Highly recommend,"As a casual hooper, Durability. Court feel. Cushioning is insane. Sizing is spot on. Would buy again.","Highly recommend. As a casual hooper, Durability. Court feel. Cushioning is insane. Sizing is spot on. Would buy again",highly recommend as a casual hooper durability court feel cushioning is insane sizing is spot on would buy again,19,https://runrepeat.com/jordan-tatum-4,gen_617524,2025-08-07T06:52:42.000+00:00
Jordan Tatum 4,gen_818800051,5,positive,Love these shoes,Bought these for my son and Durability. Heel shock absorption. Feels almost weightless on foot. One of my favorite basketball shoes.,Love these shoes. Bought these for my son and Durability. Heel shock absorption. Feels almost weightless on foot. One of my favorite basketball shoes,love these shoes bought these for my son and durability heel shock absorption feels almost weightless on foot one of my favorite basketball shoes,24,https://runrepeat.com/jordan-tatum-4,gen_617524,2024-08-27T06:52:42.000+00:00
Jordan Tatum 4,gen_31665627,5,positive,Best on the court,My kid loves these shoes. Stability. Flexibility. Absorbs landings beautifully. Fits true to size. Stays locked through cuts. Best shoe I've played in this year.,Best on the court. My kid loves these shoes. Stability. Flexibility. Absorbs landings beautifully. Fits true to size. Stays locked through cuts. Best shoe I've played in this year,best on the court my kid loves these shoes stability flexibility absorbs landings beautifully fits true to size stays locked through cuts best shoe i've played in this year,29,https://runrepeat.com/jordan-tatum-4,gen_617524,2024-06-21T06:52:42.000+00:00
Jordan Tatum 4,gen_130471999,5,positive,Highly recommend,Heel shock absorption. Flexibility. Super lightweight. Ordered my normal size and it fits perfectly.,Highly recommend. Heel shock absorption. Flexibility. Super lightweight. Ordered my normal size and it fits perfectly,highly recommend heel shock absorption flexibility super lightweight ordered my normal size and it fits perfectly,16,https://runrepeat.com/jordan-tatum-4,gen_617524,2024-10-23T06:52:42.000+00:00
Jordan Tatum 4,gen_645882515,5,positive,Highly recommend,"For rec league ball, Flexibility. Durability. Feels like running on clouds.","Highly recommend. For rec league ball, Flexibility. Durability. Feels like running on clouds",highly recommend for rec league ball flexibility durability feels like running on clouds,13,https://runrepeat.com/jordan-tatum-4,gen_617524,2024-09-26T06:52:42.000+00:00
Jordan Tatum 4,gen_842276555,3,neutral,Has its pros and cons,"Low weight. However, weak forefoot cushioning. Decent shoe overall but nothing special.","Has its pros and cons. Low weight. However, weak forefoot cushioning. Decent shoe overall but nothing special",has its pros and cons low weight however weak forefoot cushioning decent shoe overall but nothing special,17,https://runrepeat.com/jordan-tatum-4,gen_617524,2025-02-17T06:52:42.000+00:00
Jordan Tatum 4,gen_158857337,4,positive,Best on the court,"For rec league ball, Durability. Stability. Feels like running on clouds. Ordered my normal size and it fits perfectly. Foot doesn't move at all.","Best on the court. For rec league ball, Durability. Stability. Feels like running on clouds. Ordered my normal size and it fits perfectly. Foot doesn't move at all",best on the court for rec league ball durability stability feels like running on clouds ordered my normal size and it fits perfectly foot doesn't move at all,28,https://runrepeat.com/jordan-tatum-4,gen_617524,2025-03-11T06:52:42.000+00:00
Jordan Tatum 4,gen_131925852,5,positive,Worth it,Stability. Low weight. Responsive cushioning. Sizing is spot on. Would buy again.,Worth it. Stability. Low weight. Responsive cushioning. Sizing is spot on. Would buy again,worth it stability low weight responsive cushioning sizing is spot on would buy again,14,https://runrepeat.com/jordan-tatum-4,gen_617524,2026-04-19T06:52:42.000+00:00
Jordan Tatum 4,gen_812377062,5,positive,Best on the court,Bought these after my old pair died. Low weight. Flexibility. Doesn't slow you down. Foot doesn't move at all. One of my favorite basketball shoes.,Best on the court. Bought these after my old pair died. Low weight. Flexibility. Doesn't slow you down. Foot doesn't move at all. One of my favorite basketball shoes,best on the court bought these after my old pair died low weight flexibility doesn't slow you down foot doesn't move at all one of my favorite basketball shoes,29,https://runrepeat.com/jordan-tatum-4,gen_617524,2024-10-04T06:52:42.000+00:00
Jordan Tatum 4,gen_968985877,4,positive,Highly recommend,"As a competitive player, Court feel. Heel shock absorption. Feels almost weightless on foot. Sizing is spot on. Highly recommend.","Highly recommend. As a competitive player, Court feel. Heel shock absorption. Feels almost weightless on foot. Sizing is spot on. Highly recommend",highly recommend as a competitive player court feel heel shock absorption feels almost weightless on foot sizing is spot on highly recommend,22,https://runrepeat.com/jordan-tatum-4,gen_617524,2024-07-04T06:52:42.000+00:00
Jordan Tatum 4,gen_382957499,4,positive,stability,Game-tested these for about 10 sessions. Durability. Flexibility. Impact protection is top notch. Ordered my normal size and it fits perfectly. Would buy again.,stability. Game-tested these for about 10 sessions. Durability. Flexibility. Impact protection is top notch. Ordered my normal size and it fits perfectly. Would buy again,stability game tested these for about 10 sessions durability flexibility impact protection is top notch ordered my normal size and it fits perfectly would buy again,26,https://runrepeat.com/jordan-tatum-4,gen_617524,2025-02-28T06:52:42.000+00:00
Jordan Tatum 4,gen_133192537,4,positive,Love these shoes,Heel shock absorption. Court feel. Cushioning is insane. Super secure fit.,Love these shoes. Heel shock absorption. Court feel. Cushioning is insane. Super secure fit,love these shoes heel shock absorption court feel cushioning is insane super secure fit,14,https://runrepeat.com/jordan-tatum-4,gen_617524,2024-10-19T06:52:42.000+00:00
Jordan Tatum 4,gen_996716940,5,positive,durability,"Compared to my other pairs, Durability. Low weight. Feels almost weightless on foot. Ordered my normal size and it fits perfectly. Game changer for me.","durability. Compared to my other pairs, Durability. Low weight. Feels almost weightless on foot. Ordered my normal size and it fits perfectly. Game changer for me",durability compared to my other pairs durability low weight feels almost weightless on foot ordered my normal size and it fits perfectly game changer for me,26,https://runrepeat.com/jordan-tatum-4,gen_617524,2025-09-09T06:52:42.000+00:00
Jordan Tatum 4,gen_280356321,5,positive,Love these shoes,And comfort. Low weight. Slips on dirty courts. Ordered my normal size and it fits perfectly. Game changer for me.,Love these shoes. And comfort. Low weight. Slips on dirty courts. Ordered my normal size and it fits perfectly. Game changer for me,love these shoes and comfort low weight slips on dirty courts ordered my normal size and it fits perfectly game changer for me,23,https://runrepeat.com/jordan-tatum-4,gen_617524,2026-01-17T06:52:42.000+00:00
Jordan Tatum 4,gen_997827751,5,positive,Highly recommend,I recommend these to my players. Stability. Flexibility. Great underfoot feel. Super secure fit. Would buy again.,Highly recommend. I recommend these to my players. Stability. Flexibility. Great underfoot feel. Super secure fit. Would buy again,highly recommend i recommend these to my players stability flexibility great underfoot feel super secure fit would buy again,19,https://runrepeat.com/jordan-tatum-4,gen_617524,2025-10-23T06:52:42.000+00:00
Jordan Tatum 4,gen_775608916,4,positive,Solid performance shoe,I own about 30 pairs of basketball shoes and Heel shock absorption. Low weight. Cushioning is insane. Ordered my normal size and it fits perfectly. Best shoe I've played in this year.,Solid performance shoe. I own about 30 pairs of basketball shoes and Heel shock absorption. Low weight. Cushioning is insane. Ordered my normal size and it fits perfectly. Best shoe I've played in this year,solid performance shoe i own about 30 pairs of basketball shoes and heel shock absorption low weight cushioning is insane ordered my normal size and it fits perfectly best shoe i've played in this year,35,https://runrepeat.com/jordan-tatum-4,gen_617524,2025-12-03T06:52:42.000+00:00
Jordan Tatum 4,gen_267088926,3,neutral,Decent but not perfect,"Big sneaker collector here — Heel shock absorption. However, weak forefoot cushioning. Takes a few sessions to break in","Decent but not perfect. Big sneaker collector here — Heel shock absorption. However, weak forefoot cushioning. Takes a few sessions to break in",decent but not perfect big sneaker collector here heel shock absorption however weak forefoot cushioning takes a few sessions to break in,22,https://runrepeat.com/jordan-tatum-4,gen_617524,2024-07-02T06:52:42.000+00:00
Jordan Tatum 4,gen_895293756,5,positive,Highly recommend,Needed a new pair for the season and these delivered. Heel shock absorption. And comfort. Traction fades outdoors.,Highly recommend. Needed a new pair for the season and these delivered. Heel shock absorption. And comfort. Traction fades outdoors,highly recommend needed a new pair for the season and these delivered heel shock absorption and comfort traction fades outdoors,20,https://runrepeat.com/jordan-tatum-4,gen_617524,2026-01-25T06:52:42.000+00:00
Nike G.T. Jump 2,gen_222588905,5,positive,Love these shoes,Got these for my daughter and Secure support. Explosive toe-offs. Feels like running on clouds. Fits true to size. Super secure fit. Best shoe I've played in this year.,Love these shoes. Got these for my daughter and Secure support. Explosive toe-offs. Feels like running on clouds. Fits true to size. Super secure fit. Best shoe I've played in this year,love these shoes got these for my daughter and secure support explosive toe offs feels like running on clouds fits true to size super secure fit best shoe i've played in this year,33,https://runrepeat.com/nike-gt-jump-2,gen_324562,2025-05-16T06:52:42.000+00:00
Nike G.T. Jump 2,gen_672288756,5,positive,Love these shoes,Outstanding cushioning. Secure support. Impact protection is top notch. Fits true to size. One of my favorite basketball shoes.,Love these shoes. Outstanding cushioning. Secure support. Impact protection is top notch. Fits true to size. One of my favorite basketball shoes,love these shoes outstanding cushioning secure support impact protection is top notch fits true to size one of my favorite basketball shoes,22,https://runrepeat.com/nike-gt-jump-2,gen_324562,2024-07-22T06:52:42.000+00:00
Nike G.T. Jump 2,gen_967374607,4,positive,Love these shoes,"For rec league ball, Dependable clean-court grip. And a breathable upper. Runs a little heavy.","Love these shoes. For rec league ball, Dependable clean-court grip. And a breathable upper. Runs a little heavy",love these shoes for rec league ball dependable clean court grip and a breathable upper runs a little heavy,19,https://runrepeat.com/nike-gt-jump-2,gen_324562,2025-11-21T06:52:42.000+00:00
Nike G.T. Jump 2,gen_84681799,4,positive,Love these shoes,I play D3 ball and Secure support. Explosive toe-offs. Traction is elite. Highly recommend.,Love these shoes. I play D3 ball and Secure support. Explosive toe-offs. Traction is elite. Highly recommend,love these shoes i play d3 ball and secure support explosive toe offs traction is elite highly recommend,18,https://runrepeat.com/nike-gt-jump-2,gen_324562,2025-05-27T06:52:42.000+00:00
Nike G.T. Jump 2,gen_72970358,5,positive,Highly recommend,As a coach I've seen a lot of shoes and Secure support. And a breathable upper. Responsive cushioning.,Highly recommend. As a coach I've seen a lot of shoes and Secure support. And a breathable upper. Responsive cushioning,highly recommend as a coach i've seen a lot of shoes and secure support and a breathable upper responsive cushioning,20,https://runrepeat.com/nike-gt-jump-2,gen_324562,2025-12-02T06:52:42.000+00:00
Nike G.T. Jump 2,gen_595519452,5,positive,Solid performance shoe,Secure support. Outstanding cushioning. Cushioning is insane. Ordered my normal size and it fits perfectly. Would buy again.,Solid performance shoe. Secure support. Outstanding cushioning. Cushioning is insane. Ordered my normal size and it fits perfectly. Would buy again,solid performance shoe secure support outstanding cushioning cushioning is insane ordered my normal size and it fits perfectly would buy again,21,https://runrepeat.com/nike-gt-jump-2,gen_324562,2024-05-03T06:52:42.000+00:00
Nike G.T. Jump 2,gen_533631390,5,positive,Highly recommend,Bought these for my son and Dependable clean-court grip. Secure support. Great grip on the court. Super secure fit. Would buy again.,Highly recommend. Bought these for my son and Dependable clean-court grip. Secure support. Great grip on the court. Super secure fit. Would buy again,highly recommend bought these for my son and dependable clean court grip secure support great grip on the court super secure fit would buy again,25,https://runrepeat.com/nike-gt-jump-2,gen_324562,2025-06-25T06:52:42.000+00:00
Nike G.T. Jump 2,gen_621441937,5,positive,Highly recommend,Outstanding cushioning. And a breathable upper. Could be lighter. Ordered my normal size and it fits perfectly. Foot doesn't move at all. Highly recommend.,Highly recommend. Outstanding cushioning. And a breathable upper. Could be lighter. Ordered my normal size and it fits perfectly. Foot doesn't move at all. Highly recommend,highly recommend outstanding cushioning and a breathable upper could be lighter ordered my normal size and it fits perfectly foot doesn't move at all highly recommend,26,https://runrepeat.com/nike-gt-jump-2,gen_324562,2024-05-10T06:52:42.000+00:00
Nike G.T. Jump 2,gen_984109071,4,positive,Love these shoes,Explosive toe-offs. Secure support. Could be lighter. Foot doesn't move at all. Highly recommend.,Love these shoes. Explosive toe-offs. Secure support. Could be lighter. Foot doesn't move at all. Highly recommend,love these shoes explosive toe offs secure support could be lighter foot doesn't move at all highly recommend,18,https://runrepeat.com/nike-gt-jump-2,gen_324562,2025-08-15T06:52:42.000+00:00
Nike G.T. Jump 2,gen_356273046,3,neutral,Decent but not perfect,"Outstanding cushioning. However, zero ground feel. Decent shoe overall but nothing special.","Decent but not perfect. Outstanding cushioning. However, zero ground feel. Decent shoe overall but nothing special",decent but not perfect outstanding cushioning however zero ground feel decent shoe overall but nothing special,16,https://runrepeat.com/nike-gt-jump-2,gen_324562,2025-11-30T06:52:42.000+00:00
Nike G.T. Jump 2,gen_946383599,5,positive,Worth it,Secure support. Explosive toe-offs. Never slipped once. Fits true to size. Would buy again.,Worth it. Secure support. Explosive toe-offs. Never slipped once. Fits true to size. Would buy again,worth it secure support explosive toe offs never slipped once fits true to size would buy again,17,https://runrepeat.com/nike-gt-jump-2,gen_324562,2024-11-23T06:52:42.000+00:00
Nike G.T. Jump 2,gen_888101206,5,positive,Great basketball shoe,Secure support. Dependable clean-court grip. You feel the weight after a long game. Foot doesn't move at all. Would buy again.,Great basketball shoe. Secure support. Dependable clean-court grip. You feel the weight after a long game. Foot doesn't move at all. Would buy again,great basketball shoe secure support dependable clean court grip you feel the weight after a long game foot doesn't move at all would buy again,25,https://runrepeat.com/nike-gt-jump-2,gen_324562,2025-07-18T06:52:42.000+00:00
Nike G.T. Jump 2,gen_744456934,5,positive,Best on the court,Just finished my third week in these. Secure support. Explosive toe-offs. Locks in on hardwood. Ordered my normal size and it fits perfectly.,Best on the court. Just finished my third week in these. Secure support. Explosive toe-offs. Locks in on hardwood. Ordered my normal size and it fits perfectly,best on the court just finished my third week in these secure support explosive toe offs locks in on hardwood ordered my normal size and it fits perfectly,28,https://runrepeat.com/nike-gt-jump-2,gen_324562,2026-02-02T06:52:42.000+00:00
Nike G.T. Jump 2,gen_128423221,5,positive,Solid performance shoe,Finally pulled the trigger on these and glad I did. Outstanding cushioning. Explosive toe-offs. Runs a little heavy. Sizing is spot on. Lockdown is excellent. One of my favorite basketball shoes.,Solid performance shoe. Finally pulled the trigger on these and glad I did. Outstanding cushioning. Explosive toe-offs. Runs a little heavy. Sizing is spot on. Lockdown is excellent. One of my favorite basketball shoes,solid performance shoe finally pulled the trigger on these and glad i did outstanding cushioning explosive toe offs runs a little heavy sizing is spot on lockdown is excellent one of my favorite basketball shoes,35,https://runrepeat.com/nike-gt-jump-2,gen_324562,2024-08-13T06:52:42.000+00:00
Nike G.T. Jump 2,gen_886336644,3,neutral,Has its pros and cons,"I play pickup 3x a week and And a breathable upper. However, zero ground feel. Takes a few sessions to break in","Has its pros and cons. I play pickup 3x a week and And a breathable upper. However, zero ground feel. Takes a few sessions to break in",has its pros and cons i play pickup 3x a week and and a breathable upper however zero ground feel takes a few sessions to break in,27,https://runrepeat.com/nike-gt-jump-2,gen_324562,2025-09-18T06:52:42.000+00:00
Nike G.T. Jump 2,gen_411772095,4,positive,Great basketball shoe,Bought these for my son and Explosive toe-offs. Outstanding cushioning. Never slipped once. Ordered my normal size and it fits perfectly. Game changer for me.,Great basketball shoe. Bought these for my son and Explosive toe-offs. Outstanding cushioning. Never slipped once. Ordered my normal size and it fits perfectly. Game changer for me,great basketball shoe bought these for my son and explosive toe offs outstanding cushioning never slipped once ordered my normal size and it fits perfectly game changer for me,29,https://runrepeat.com/nike-gt-jump-2,gen_324562,2026-03-07T06:52:42.000+00:00
Nike G.T. Jump 2,gen_156450931,5,positive,Love these shoes,Game-tested these for about 10 sessions. Dependable clean-court grip. Secure support. Impact protection is top notch. Sizing is spot on.,Love these shoes. Game-tested these for about 10 sessions. Dependable clean-court grip. Secure support. Impact protection is top notch. Sizing is spot on,love these shoes game tested these for about 10 sessions dependable clean court grip secure support impact protection is top notch sizing is spot on,25,https://runrepeat.com/nike-gt-jump-2,gen_324562,2024-05-03T06:52:42.000+00:00
Nike G.T. Jump 2,gen_848277769,5,positive,Love these shoes,And a breathable upper. Outstanding cushioning. The grip is phenomenal. Stays locked through cuts.,Love these shoes. And a breathable upper. Outstanding cushioning. The grip is phenomenal. Stays locked through cuts,love these shoes and a breathable upper outstanding cushioning the grip is phenomenal stays locked through cuts,17,https://runrepeat.com/nike-gt-jump-2,gen_324562,2026-03-15T06:52:42.000+00:00
Nike G.T. Jump 2,gen_303473051,5,positive,Highly recommend,Really happy with this purchase. Outstanding cushioning. And a breathable upper. Runs a little heavy. Foot doesn't move at all.,Highly recommend. Really happy with this purchase. Outstanding cushioning. And a breathable upper. Runs a little heavy. Foot doesn't move at all,highly recommend really happy with this purchase outstanding cushioning and a breathable upper runs a little heavy foot doesn't move at all,22,https://runrepeat.com/nike-gt-jump-2,gen_324562,2024-11-25T06:52:42.000+00:00
Nike G.T. Jump 2,gen_628765710,5,positive,Worth it,Dependable clean-court grip. Secure support. Runs a little heavy. Sizing is spot on. No heel slip whatsoever. Game changer for me.,Worth it. Dependable clean-court grip. Secure support. Runs a little heavy. Sizing is spot on. No heel slip whatsoever. Game changer for me,worth it dependable clean court grip secure support runs a little heavy sizing is spot on no heel slip whatsoever game changer for me,24,https://runrepeat.com/nike-gt-jump-2,gen_324562,2025-08-21T06:52:42.000+00:00
PUMA Court Rider,gen_683440988,5,positive,Worth it,As a coach I've seen a lot of shoes and Lockdown. Comfort. You feel the weight after a long game.,Worth it. As a coach I've seen a lot of shoes and Lockdown. Comfort. You feel the weight after a long game,worth it as a coach i've seen a lot of shoes and lockdown comfort you feel the weight after a long game,22,https://runrepeat.com/puma-court-rider,gen_597750,2024-12-09T06:52:42.000+00:00
PUMA Court Rider,gen_18397113,5,positive,Love these shoes,Support. Comfort. Could be lighter. Highly recommend.,Love these shoes. Support. Comfort. Could be lighter. Highly recommend,love these shoes support comfort could be lighter highly recommend,10,https://runrepeat.com/puma-court-rider,gen_597750,2024-05-24T06:52:42.000+00:00
PUMA Court Rider,gen_805253875,5,positive,Best on the court,"Bought these for several players on my team, Great court feel. And affordability. You feel the weight after a long game. Would buy again.","Best on the court. Bought these for several players on my team, Great court feel. And affordability. You feel the weight after a long game. Would buy again",best on the court bought these for several players on my team great court feel and affordability you feel the weight after a long game would buy again,28,https://runrepeat.com/puma-court-rider,gen_597750,2026-01-05T06:52:42.000+00:00
PUMA Court Rider,gen_744778839,5,positive,Solid performance shoe,Support. Comfort. Could be lighter. No heel slip whatsoever.,Solid performance shoe. Support. Comfort. Could be lighter. No heel slip whatsoever,solid performance shoe support comfort could be lighter no heel slip whatsoever,12,https://runrepeat.com/puma-court-rider,gen_597750,2025-01-01T06:52:42.000+00:00
PUMA Court Rider,gen_908371966,4,positive,Great basketball shoe,Comfort. And affordability. Runs a little heavy. Fits true to size. Stays locked through cuts. Game changer for me.,Great basketball shoe. Comfort. And affordability. Runs a little heavy. Fits true to size. Stays locked through cuts. Game changer for me,great basketball shoe comfort and affordability runs a little heavy fits true to size stays locked through cuts game changer for me,22,https://runrepeat.com/puma-court-rider,gen_597750,2025-12-26T06:52:42.000+00:00
PUMA Court Rider,gen_257572405,4,positive,Solid performance shoe,Support. And affordability. Could be lighter.,Solid performance shoe. Support. And affordability. Could be lighter,solid performance shoe support and affordability could be lighter,9,https://runrepeat.com/puma-court-rider,gen_597750,2026-02-18T06:52:42.000+00:00
PUMA Court Rider,gen_818923400,5,positive,lockdown,Just finished my third week in these. Great court feel. Comfort. Could be lighter. Fits true to size. Lockdown is excellent. Highly recommend.,lockdown. Just finished my third week in these. Great court feel. Comfort. Could be lighter. Fits true to size. Lockdown is excellent. Highly recommend,lockdown just finished my third week in these great court feel comfort could be lighter fits true to size lockdown is excellent highly recommend,24,https://runrepeat.com/puma-court-rider,gen_597750,2025-06-21T06:52:42.000+00:00
PUMA Court Rider,gen_306944310,4,positive,comfort,Lockdown. Support. Runs a little heavy. Sizing is spot on. Super secure fit. One of my favorite basketball shoes.,comfort. Lockdown. Support. Runs a little heavy. Sizing is spot on. Super secure fit. One of my favorite basketball shoes,comfort lockdown support runs a little heavy sizing is spot on super secure fit one of my favorite basketball shoes,20,https://runrepeat.com/puma-court-rider,gen_597750,2025-02-17T06:52:42.000+00:00
PUMA Court Rider,gen_485279811,5,positive,Solid performance shoe,Finally pulled the trigger on these and glad I did. Lockdown. Comfort. Runs a little heavy. Best shoe I've played in this year.,Solid performance shoe. Finally pulled the trigger on these and glad I did. Lockdown. Comfort. Runs a little heavy. Best shoe I've played in this year,solid performance shoe finally pulled the trigger on these and glad i did lockdown comfort runs a little heavy best shoe i've played in this year,26,https://runrepeat.com/puma-court-rider,gen_597750,2024-07-30T06:52:42.000+00:00
PUMA Court Rider,gen_59356483,4,positive,Love these shoes,My kid loves these shoes. Support. Comfort. Could be lighter. Ordered my normal size and it fits perfectly. Highly recommend.,Love these shoes. My kid loves these shoes. Support. Comfort. Could be lighter. Ordered my normal size and it fits perfectly. Highly recommend,love these shoes my kid loves these shoes support comfort could be lighter ordered my normal size and it fits perfectly highly recommend,23,https://runrepeat.com/puma-court-rider,gen_597750,2025-01-16T06:52:42.000+00:00
PUMA Court Rider,gen_277867495,5,positive,Worth it,Great court feel. Support. You feel the weight after a long game. Would buy again.,Worth it. Great court feel. Support. You feel the weight after a long game. Would buy again,worth it great court feel support you feel the weight after a long game would buy again,17,https://runrepeat.com/puma-court-rider,gen_597750,2024-08-15T06:52:42.000+00:00
PUMA Court Rider,gen_211484680,4,positive,Highly recommend,Bought these for my son and And affordability. Great court feel. Could be lighter. Super secure fit. Highly recommend.,Highly recommend. Bought these for my son and And affordability. Great court feel. Could be lighter. Super secure fit. Highly recommend,highly recommend bought these for my son and and affordability great court feel could be lighter super secure fit highly recommend,21,https://runrepeat.com/puma-court-rider,gen_597750,2024-05-06T06:52:42.000+00:00
PUMA Court Rider,gen_303035925,5,positive,Worth it,Bought these after my old pair died. Comfort. Lockdown. Runs a little heavy. Best shoe I've played in this year.,Worth it. Bought these after my old pair died. Comfort. Lockdown. Runs a little heavy. Best shoe I've played in this year,worth it bought these after my old pair died comfort lockdown runs a little heavy best shoe i've played in this year,22,https://runrepeat.com/puma-court-rider,gen_597750,2024-08-21T06:52:42.000+00:00
PUMA Court Rider,gen_307145810,5,positive,Best on the court,"Bought these for several players on my team, Comfort. Lockdown. You feel the weight after a long game.","Best on the court. Bought these for several players on my team, Comfort. Lockdown. You feel the weight after a long game",best on the court bought these for several players on my team comfort lockdown you feel the weight after a long game,22,https://runrepeat.com/puma-court-rider,gen_597750,2026-01-23T06:52:42.000+00:00
PUMA Court Rider,gen_126602941,4,positive,Great basketball shoe,Tried these on a whim and they're now my go-to. And affordability. Great court feel. You feel the weight after a long game. Ordered my normal size and it fits perfectly.,Great basketball shoe. Tried these on a whim and they're now my go-to. And affordability. Great court feel. You feel the weight after a long game. Ordered my normal size and it fits perfectly,great basketball shoe tried these on a whim and they're now my go to and affordability great court feel you feel the weight after a long game ordered my normal size and it fits perfectly,35,https://runrepeat.com/puma-court-rider,gen_597750,2025-02-16T06:52:42.000+00:00
PUMA Court Rider,gen_665726245,5,positive,Highly recommend,Tried these on a whim and they're now my go-to. Great court feel. Lockdown. Could be lighter. Ordered my normal size and it fits perfectly.,Highly recommend. Tried these on a whim and they're now my go-to. Great court feel. Lockdown. Could be lighter. Ordered my normal size and it fits perfectly,highly recommend tried these on a whim and they're now my go to great court feel lockdown could be lighter ordered my normal size and it fits perfectly,28,https://runrepeat.com/puma-court-rider,gen_597750,2026-04-15T06:52:42.000+00:00
PUMA Court Rider,gen_92154996,5,positive,lockdown,Bought these for the season and have no regrets. Lockdown. Comfort. You feel the weight after a long game. Sizing is spot on. Lockdown is excellent. One of my favorite basketball shoes.,lockdown. Bought these for the season and have no regrets. Lockdown. Comfort. You feel the weight after a long game. Sizing is spot on. Lockdown is excellent. One of my favorite basketball shoes,lockdown bought these for the season and have no regrets lockdown comfort you feel the weight after a long game sizing is spot on lockdown is excellent one of my favorite basketball shoes,33,https://runrepeat.com/puma-court-rider,gen_597750,2024-11-07T06:52:42.000+00:00
PUMA Court Rider,gen_940017180,5,positive,Love these shoes,Got these for my daughter and Comfort. Support. You feel the weight after a long game. No heel slip whatsoever.,Love these shoes. Got these for my daughter and Comfort. Support. You feel the weight after a long game. No heel slip whatsoever,love these shoes got these for my daughter and comfort support you feel the weight after a long game no heel slip whatsoever,23,https://runrepeat.com/puma-court-rider,gen_597750,2024-09-08T06:52:42.000+00:00
PUMA Court Rider,gen_262317340,4,positive,Highly recommend,Game-tested these for about 10 sessions. And affordability. Support. Could be lighter. Ordered my normal size and it fits perfectly. Best shoe I've played in this year.,Highly recommend. Game-tested these for about 10 sessions. And affordability. Support. Could be lighter. Ordered my normal size and it fits perfectly. Best shoe I've played in this year,highly recommend game tested these for about 10 sessions and affordability support could be lighter ordered my normal size and it fits perfectly best shoe i've played in this year,30,https://runrepeat.com/puma-court-rider,gen_597750,2025-03-17T06:52:42.000+00:00
PUMA Court Rider,gen_647656373,5,positive,lockdown,Big sneaker collector here — Support. Great court feel. Runs a little heavy. Fits true to size. Highly recommend.,lockdown. Big sneaker collector here — Support. Great court feel. Runs a little heavy. Fits true to size. Highly recommend,lockdown big sneaker collector here support great court feel runs a little heavy fits true to size highly recommend,19,https://runrepeat.com/puma-court-rider,gen_597750,2024-07-29T06:52:42.000+00:00
Air Jordan XXXIX,gen_249125665,4,positive,Worth it,Needed a new pair for the season and these delivered. Elite energy return. And decent traction. Great grip on the court. Fits true to size. No heel slip whatsoever.,Worth it. Needed a new pair for the season and these delivered. Elite energy return. And decent traction. Great grip on the court. Fits true to size. No heel slip whatsoever,worth it needed a new pair for the season and these delivered elite energy return and decent traction great grip on the court fits true to size no heel slip whatsoever,31,https://runrepeat.com/air-jordan-xxxix,gen_252379,2025-09-22T06:52:42.000+00:00
Air Jordan XXXIX,gen_947180654,3,neutral,Mixed feelings,"Really happy with this purchase. Durable materials. However, serious instability. Needed about a week to feel natural","Mixed feelings. Really happy with this purchase. Durable materials. However, serious instability. Needed about a week to feel natural",mixed feelings really happy with this purchase durable materials however serious instability needed about a week to feel natural,19,https://runrepeat.com/air-jordan-xxxix,gen_252379,2024-05-19T06:52:42.000+00:00
Air Jordan XXXIX,gen_502288528,5,positive,Solid performance shoe,Been wearing these for a few months now. Great cushioning. Comfort. The grip is phenomenal.,Solid performance shoe. Been wearing these for a few months now. Great cushioning. Comfort. The grip is phenomenal,solid performance shoe been wearing these for a few months now great cushioning comfort the grip is phenomenal,18,https://runrepeat.com/air-jordan-xxxix,gen_252379,2026-03-21T06:52:42.000+00:00
Air Jordan XXXIX,gen_929752359,5,positive,Love these shoes,And decent traction. Elite energy return. Great grip on the court. Lockdown is excellent. Highly recommend.,Love these shoes. And decent traction. Elite energy return. Great grip on the court. Lockdown is excellent. Highly recommend,love these shoes and decent traction elite energy return great grip on the court lockdown is excellent highly recommend,19,https://runrepeat.com/air-jordan-xxxix,gen_252379,2024-10-21T06:52:42.000+00:00
Air Jordan XXXIX,gen_884581652,5,positive,Best on the court,Game-tested these for about 10 sessions. Elite energy return. Great cushioning. The grip is phenomenal. Fits true to size. Foot doesn't move at all. Game changer for me.,Best on the court. Game-tested these for about 10 sessions. Elite energy return. Great cushioning. The grip is phenomenal. Fits true to size. Foot doesn't move at all. Game changer for me,best on the court game tested these for about 10 sessions elite energy return great cushioning the grip is phenomenal fits true to size foot doesn't move at all game changer for me,33,https://runrepeat.com/air-jordan-xxxix,gen_252379,2025-09-30T06:52:42.000+00:00
Air Jordan XXXIX,gen_270694861,4,positive,Love these shoes,Tried these on a whim and they're now my go-to. Durable materials. And decent traction. Doesn't slow you down. Fits true to size. Super secure fit.,Love these shoes. Tried these on a whim and they're now my go-to. Durable materials. And decent traction. Doesn't slow you down. Fits true to size. Super secure fit,love these shoes tried these on a whim and they're now my go to durable materials and decent traction doesn't slow you down fits true to size super secure fit,30,https://runrepeat.com/air-jordan-xxxix,gen_252379,2026-01-07T06:52:42.000+00:00
Air Jordan XXXIX,gen_717294829,3,neutral,Okay shoe overall,"I own about 30 pairs of basketball shoes and Durable materials. However, and a high price. Decent shoe overall but nothing special.","Okay shoe overall. I own about 30 pairs of basketball shoes and Durable materials. However, and a high price. Decent shoe overall but nothing special",okay shoe overall i own about 30 pairs of basketball shoes and durable materials however and a high price decent shoe overall but nothing special,25,https://runrepeat.com/air-jordan-xxxix,gen_252379,2025-02-13T06:52:42.000+00:00
Air Jordan XXXIX,gen_385966543,5,positive,Worth it,And decent traction. Durable materials. Cushioning is insane. Sizing is spot on. Lockdown is excellent. Highly recommend.,Worth it. And decent traction. Durable materials. Cushioning is insane. Sizing is spot on. Lockdown is excellent. Highly recommend,worth it and decent traction durable materials cushioning is insane sizing is spot on lockdown is excellent highly recommend,19,https://runrepeat.com/air-jordan-xxxix,gen_252379,2024-11-15T06:52:42.000+00:00
Air Jordan XXXIX,gen_904017547,4,positive,Best on the court,"Bought these for several players on my team, And decent traction. Comfort. Cushioning is insane. Fits true to size. Would buy again.","Best on the court. Bought these for several players on my team, And decent traction. Comfort. Cushioning is insane. Fits true to size. Would buy again",best on the court bought these for several players on my team and decent traction comfort cushioning is insane fits true to size would buy again,26,https://runrepeat.com/air-jordan-xxxix,gen_252379,2025-04-21T06:52:42.000+00:00
Air Jordan XXXIX,gen_794414130,5,positive,Great basketball shoe,Game-tested these for about 10 sessions. Elite energy return. And decent traction. Sticky rubber outsole. Best shoe I've played in this year.,Great basketball shoe. Game-tested these for about 10 sessions. Elite energy return. And decent traction. Sticky rubber outsole. Best shoe I've played in this year,great basketball shoe game tested these for about 10 sessions elite energy return and decent traction sticky rubber outsole best shoe i've played in this year,26,https://runrepeat.com/air-jordan-xxxix,gen_252379,2025-05-28T06:52:42.000+00:00
Air Jordan XXXIX,gen_398094145,5,positive,Best on the court,"As a casual hooper, Great cushioning. And decent traction. Traction is elite.","Best on the court. As a casual hooper, Great cushioning. And decent traction. Traction is elite",best on the court as a casual hooper great cushioning and decent traction traction is elite,16,https://runrepeat.com/air-jordan-xxxix,gen_252379,2024-06-04T06:52:42.000+00:00
Air Jordan XXXIX,gen_546557139,4,positive,Best on the court,Game-tested these for about 10 sessions. Great cushioning. And decent traction. The grip is phenomenal.,Best on the court. Game-tested these for about 10 sessions. Great cushioning. And decent traction. The grip is phenomenal,best on the court game tested these for about 10 sessions great cushioning and decent traction the grip is phenomenal,20,https://runrepeat.com/air-jordan-xxxix,gen_252379,2025-02-15T06:52:42.000+00:00
Air Jordan XXXIX,gen_320176830,4,positive,Great basketball shoe,As a coach I've seen a lot of shoes and And decent traction. Durable materials. Locks in on hardwood. Stays locked through cuts.,Great basketball shoe. As a coach I've seen a lot of shoes and And decent traction. Durable materials. Locks in on hardwood. Stays locked through cuts,great basketball shoe as a coach i've seen a lot of shoes and and decent traction durable materials locks in on hardwood stays locked through cuts,26,https://runrepeat.com/air-jordan-xxxix,gen_252379,2025-01-05T06:52:42.000+00:00
Air Jordan XXXIX,gen_182722478,4,positive,Highly recommend,"Bought these for several players on my team, And decent traction. Elite energy return. Sticky rubber outsole. Lockdown is excellent.","Highly recommend. Bought these for several players on my team, And decent traction. Elite energy return. Sticky rubber outsole. Lockdown is excellent",highly recommend bought these for several players on my team and decent traction elite energy return sticky rubber outsole lockdown is excellent,22,https://runrepeat.com/air-jordan-xxxix,gen_252379,2025-02-21T06:52:42.000+00:00
Air Jordan XXXIX,gen_852429325,5,positive,Love these shoes,Bought these after my old pair died. Comfort. Durable materials. Absorbs landings beautifully. Sizing is spot on. Highly recommend.,Love these shoes. Bought these after my old pair died. Comfort. Durable materials. Absorbs landings beautifully. Sizing is spot on. Highly recommend,love these shoes bought these after my old pair died comfort durable materials absorbs landings beautifully sizing is spot on highly recommend,22,https://runrepeat.com/air-jordan-xxxix,gen_252379,2025-04-05T06:52:42.000+00:00
Air Jordan XXXIX,gen_182548847,3,neutral,Okay shoe overall,"I play pickup 3x a week and Elite energy return. However, extra strain on the feet and ankles. Takes a few sessions to break in","Okay shoe overall. I play pickup 3x a week and Elite energy return. However, extra strain on the feet and ankles. Takes a few sessions to break in",okay shoe overall i play pickup 3x a week and elite energy return however extra strain on the feet and ankles takes a few sessions to break in,28,https://runrepeat.com/air-jordan-xxxix,gen_252379,2025-05-27T06:52:42.000+00:00
Air Jordan XXXIX,gen_989256158,5,positive,Highly recommend,I play D3 ball and Comfort. Elite energy return. Doesn't slow you down. Lockdown is excellent. One of my favorite basketball shoes.,Highly recommend. I play D3 ball and Comfort. Elite energy return. Doesn't slow you down. Lockdown is excellent. One of my favorite basketball shoes,highly recommend i play d3 ball and comfort elite energy return doesn't slow you down lockdown is excellent one of my favorite basketball shoes,24,https://runrepeat.com/air-jordan-xxxix,gen_252379,2026-02-05T06:52:42.000+00:00
Air Jordan XXXIX,gen_326226454,3,neutral,Has its pros and cons,"Durable materials. However, midsole bottoming out. Needed about a week to feel natural","Has its pros and cons. Durable materials. However, midsole bottoming out. Needed about a week to feel natural",has its pros and cons durable materials however midsole bottoming out needed about a week to feel natural,18,https://runrepeat.com/air-jordan-xxxix,gen_252379,2025-12-02T06:52:42.000+00:00
Air Jordan XXXIX,gen_896228654,4,positive,Solid performance shoe,I play pickup 3x a week and And decent traction. Durable materials. Great underfoot feel. Fits true to size. Game changer for me.,Solid performance shoe. I play pickup 3x a week and And decent traction. Durable materials. Great underfoot feel. Fits true to size. Game changer for me,solid performance shoe i play pickup 3x a week and and decent traction durable materials great underfoot feel fits true to size game changer for me,26,https://runrepeat.com/air-jordan-xxxix,gen_252379,2024-06-14T06:52:42.000+00:00
Air Jordan XXXIX,gen_554619767,5,positive,Love these shoes,Really happy with this purchase. Comfort. And decent traction. Responsive cushioning. Ordered my normal size and it fits perfectly. Would buy again.,Love these shoes. Really happy with this purchase. Comfort. And decent traction. Responsive cushioning. Ordered my normal size and it fits perfectly. Would buy again,love these shoes really happy with this purchase comfort and decent traction responsive cushioning ordered my normal size and it fits perfectly would buy again,25,https://runrepeat.com/air-jordan-xxxix,gen_252379,2024-05-11T06:52:42.000+00:00
Nike Giannis Freak 7,gen_100834055,5,positive,excellent containment and ankle support,Decent energy return even without air zoom. Good shock absorption. Never slipped once. Ordered my normal size and it fits perfectly. Stays locked through cuts.,excellent containment and ankle support. Decent energy return even without air zoom. Good shock absorption. Never slipped once. Ordered my normal size and it fits perfectly. Stays locked through cuts,excellent containment and ankle support decent energy return even without air zoom good shock absorption never slipped once ordered my normal size and it fits perfectly stays locked through cuts,30,https://runrepeat.com/nike-giannis-freak-7,gen_212370,2025-11-23T06:52:42.000+00:00
Nike Giannis Freak 7,gen_441226422,5,positive,Great basketball shoe,"For rec league ball, Decent energy return even without air zoom. Strong traction. The grip is phenomenal. Ordered my normal size and it fits perfectly. Best shoe I've played in this year.","Great basketball shoe. For rec league ball, Decent energy return even without air zoom. Strong traction. The grip is phenomenal. Ordered my normal size and it fits perfectly. Best shoe I've played in this year",great basketball shoe for rec league ball decent energy return even without air zoom strong traction the grip is phenomenal ordered my normal size and it fits perfectly best shoe i've played in this year,35,https://runrepeat.com/nike-giannis-freak-7,gen_212370,2026-01-26T06:52:42.000+00:00
Nike Giannis Freak 7,gen_281049336,4,positive,Solid performance shoe,I play D3 ball and Excellent containment and ankle support. A planted base. Sticky rubber outsole. Sizing is spot on. Lockdown is excellent.,Solid performance shoe. I play D3 ball and Excellent containment and ankle support. A planted base. Sticky rubber outsole. Sizing is spot on. Lockdown is excellent,solid performance shoe i play d3 ball and excellent containment and ankle support a planted base sticky rubber outsole sizing is spot on lockdown is excellent,26,https://runrepeat.com/nike-giannis-freak-7,gen_212370,2025-02-14T06:52:42.000+00:00
Nike Giannis Freak 7,gen_632664994,4,positive,Love these shoes,A planted base. And good durability for the price. Feels like running on clouds. Lockdown is excellent.,Love these shoes. A planted base. And good durability for the price. Feels like running on clouds. Lockdown is excellent,love these shoes a planted base and good durability for the price feels like running on clouds lockdown is excellent,20,https://runrepeat.com/nike-giannis-freak-7,gen_212370,2025-12-30T06:52:42.000+00:00
Nike Giannis Freak 7,gen_579812720,5,positive,Great basketball shoe,Decent energy return even without air zoom. Good shock absorption. Impact protection is top notch. Fits true to size.,Great basketball shoe. Decent energy return even without air zoom. Good shock absorption. Impact protection is top notch. Fits true to size,great basketball shoe decent energy return even without air zoom good shock absorption impact protection is top notch fits true to size,22,https://runrepeat.com/nike-giannis-freak-7,gen_212370,2025-03-04T06:52:42.000+00:00
Nike Giannis Freak 7,gen_919832323,5,positive,Solid performance shoe,"As a casual hooper, Strong traction. Excellent containment and ankle support. Locks in on hardwood. Fits true to size. Super secure fit.","Solid performance shoe. As a casual hooper, Strong traction. Excellent containment and ankle support. Locks in on hardwood. Fits true to size. Super secure fit",solid performance shoe as a casual hooper strong traction excellent containment and ankle support locks in on hardwood fits true to size super secure fit,25,https://runrepeat.com/nike-giannis-freak-7,gen_212370,2025-07-02T06:52:42.000+00:00
Nike Giannis Freak 7,gen_488667101,5,positive,Great basketball shoe,"As a casual hooper, A planted base. Excellent containment and ankle support. Responsive cushioning. Ordered my normal size and it fits perfectly. Super secure fit.","Great basketball shoe. As a casual hooper, A planted base. Excellent containment and ankle support. Responsive cushioning. Ordered my normal size and it fits perfectly. Super secure fit",great basketball shoe as a casual hooper a planted base excellent containment and ankle support responsive cushioning ordered my normal size and it fits perfectly super secure fit,28,https://runrepeat.com/nike-giannis-freak-7,gen_212370,2025-11-03T06:52:42.000+00:00
Nike Giannis Freak 7,gen_902251921,5,positive,Love these shoes,I recommend these to my players. And good durability for the price. Excellent containment and ankle support. Cushioning is insane. Fits true to size.,Love these shoes. I recommend these to my players. And good durability for the price. Excellent containment and ankle support. Cushioning is insane. Fits true to size,love these shoes i recommend these to my players and good durability for the price excellent containment and ankle support cushioning is insane fits true to size,27,https://runrepeat.com/nike-giannis-freak-7,gen_212370,2025-10-30T06:52:42.000+00:00
Nike Giannis Freak 7,gen_726072514,5,positive,and good durability for the price,A planted base. Good shock absorption. Feels like running on clouds. Highly recommend.,and good durability for the price. A planted base. Good shock absorption. Feels like running on clouds. Highly recommend,and good durability for the price a planted base good shock absorption feels like running on clouds highly recommend,19,https://runrepeat.com/nike-giannis-freak-7,gen_212370,2024-09-19T06:52:42.000+00:00
Nike Giannis Freak 7,gen_156178028,5,positive,Love these shoes,Been wearing these for a few months now. Good shock absorption. And good durability for the price. Never slipped once. No heel slip whatsoever.,Love these shoes. Been wearing these for a few months now. Good shock absorption. And good durability for the price. Never slipped once. No heel slip whatsoever,love these shoes been wearing these for a few months now good shock absorption and good durability for the price never slipped once no heel slip whatsoever,27,https://runrepeat.com/nike-giannis-freak-7,gen_212370,2024-10-11T06:52:42.000+00:00
Nike Giannis Freak 7,gen_633434384,3,neutral,Has its pros and cons,"As a coach I've seen a lot of shoes and Good shock absorption. However, extra weight versus the freak 6. Stiff at first but loosens up nicely","Has its pros and cons. As a coach I've seen a lot of shoes and Good shock absorption. However, extra weight versus the freak 6. Stiff at first but loosens up nicely",has its pros and cons as a coach i've seen a lot of shoes and good shock absorption however extra weight versus the freak 6 stiff at first but loosens up nicely,32,https://runrepeat.com/nike-giannis-freak-7,gen_212370,2024-04-25T06:52:42.000+00:00
Nike Giannis Freak 7,gen_295716568,4,positive,Best on the court,Bought these after my old pair died. And good durability for the price. Good shock absorption. Great grip on the court.,Best on the court. Bought these after my old pair died. And good durability for the price. Good shock absorption. Great grip on the court,best on the court bought these after my old pair died and good durability for the price good shock absorption great grip on the court,25,https://runrepeat.com/nike-giannis-freak-7,gen_212370,2025-11-28T06:52:42.000+00:00
Nike Giannis Freak 7,gen_284542844,4,positive,Solid performance shoe,"As a casual hooper, And good durability for the price. Excellent containment and ankle support. Sticky rubber outsole. Fits true to size. No heel slip whatsoever.","Solid performance shoe. As a casual hooper, And good durability for the price. Excellent containment and ankle support. Sticky rubber outsole. Fits true to size. No heel slip whatsoever",solid performance shoe as a casual hooper and good durability for the price excellent containment and ankle support sticky rubber outsole fits true to size no heel slip whatsoever,29,https://runrepeat.com/nike-giannis-freak-7,gen_212370,2025-07-16T06:52:42.000+00:00
Nike Giannis Freak 7,gen_926533153,4,positive,Worth it,Bought these after my old pair died. Decent energy return even without air zoom. Strong traction. Doesn't slow you down. Game changer for me.,Worth it. Bought these after my old pair died. Decent energy return even without air zoom. Strong traction. Doesn't slow you down. Game changer for me,worth it bought these after my old pair died decent energy return even without air zoom strong traction doesn't slow you down game changer for me,26,https://runrepeat.com/nike-giannis-freak-7,gen_212370,2025-07-14T06:52:42.000+00:00
Nike Giannis Freak 7,gen_57254826,4,positive,Highly recommend,A planted base. Good shock absorption. Cushioning is insane.,Highly recommend. A planted base. Good shock absorption. Cushioning is insane,highly recommend a planted base good shock absorption cushioning is insane,11,https://runrepeat.com/nike-giannis-freak-7,gen_212370,2025-05-02T06:52:42.000+00:00
Nike Giannis Freak 7,gen_450844753,5,positive,Great basketball shoe,Excellent containment and ankle support. Decent energy return even without air zoom. Impact protection is top notch.,Great basketball shoe. Excellent containment and ankle support. Decent energy return even without air zoom. Impact protection is top notch,great basketball shoe excellent containment and ankle support decent energy return even without air zoom impact protection is top notch,20,https://runrepeat.com/nike-giannis-freak-7,gen_212370,2025-06-16T06:52:42.000+00:00
Nike Giannis Freak 7,gen_528021106,2,negative,Expected better,These shoes are solid. A narrow fit. And poor breathability. Expected more.,Expected better. These shoes are solid. A narrow fit. And poor breathability. Expected more,expected better these shoes are solid a narrow fit and poor breathability expected more,14,https://runrepeat.com/nike-giannis-freak-7,gen_212370,2025-12-17T06:52:42.000+00:00
Nike Giannis Freak 7,gen_8696437,4,positive,Solid performance shoe,My kid loves these shoes. And good durability for the price. Good shock absorption. The grip is phenomenal. Sizing is spot on.,Solid performance shoe. My kid loves these shoes. And good durability for the price. Good shock absorption. The grip is phenomenal. Sizing is spot on,solid performance shoe my kid loves these shoes and good durability for the price good shock absorption the grip is phenomenal sizing is spot on,25,https://runrepeat.com/nike-giannis-freak-7,gen_212370,2024-11-24T06:52:42.000+00:00
Nike Giannis Freak 7,gen_404972711,5,positive,and good durability for the price,I own about 30 pairs of basketball shoes and And good durability for the price. Strong traction. Great grip on the court. Stays locked through cuts.,and good durability for the price. I own about 30 pairs of basketball shoes and And good durability for the price. Strong traction. Great grip on the court. Stays locked through cuts,and good durability for the price i own about 30 pairs of basketball shoes and and good durability for the price strong traction great grip on the court stays locked through cuts,32,https://runrepeat.com/nike-giannis-freak-7,gen_212370,2025-06-29T06:52:42.000+00:00
Nike Giannis Freak 7,gen_307901628,5,positive,Great basketball shoe,Finally pulled the trigger on these and glad I did. Excellent containment and ankle support. And good durability for the price. Doesn't slow you down. Sizing is spot on. Would buy again.,Great basketball shoe. Finally pulled the trigger on these and glad I did. Excellent containment and ankle support. And good durability for the price. Doesn't slow you down. Sizing is spot on. Would buy again,great basketball shoe finally pulled the trigger on these and glad i did excellent containment and ankle support and good durability for the price doesn't slow you down sizing is spot on would buy again,35,https://runrepeat.com/nike-giannis-freak-7,gen_212370,2024-09-22T06:52:42.000+00:00
Jordan Luka 3,gen_816526803,3,neutral,Has its pros and cons,"As a coach I've seen a lot of shoes and Balanced cushioning. However, a lack of standout tech. Decent shoe overall but nothing special.","Has its pros and cons. As a coach I've seen a lot of shoes and Balanced cushioning. However, a lack of standout tech. Decent shoe overall but nothing special",has its pros and cons as a coach i've seen a lot of shoes and balanced cushioning however a lack of standout tech decent shoe overall but nothing special,29,https://runrepeat.com/jordan-luka-3,gen_985612,2026-03-25T06:52:42.000+00:00
Jordan Luka 3,gen_905425106,5,positive,Great basketball shoe,I recommend these to my players. Padded interiors. Stable landings. Best shoe I've played in this year.,Great basketball shoe. I recommend these to my players. Padded interiors. Stable landings. Best shoe I've played in this year,great basketball shoe i recommend these to my players padded interiors stable landings best shoe i've played in this year,20,https://runrepeat.com/jordan-luka-3,gen_985612,2024-10-13T06:52:42.000+00:00
Jordan Luka 3,gen_423421520,4,positive,Love these shoes,Finally pulled the trigger on these and glad I did. Comfort. Excellent grip. Ordered my normal size and it fits perfectly. Highly recommend.,Love these shoes. Finally pulled the trigger on these and glad I did. Comfort. Excellent grip. Ordered my normal size and it fits perfectly. Highly recommend,love these shoes finally pulled the trigger on these and glad i did comfort excellent grip ordered my normal size and it fits perfectly highly recommend,26,https://runrepeat.com/jordan-luka-3,gen_985612,2025-07-20T06:52:42.000+00:00
Jordan Luka 3,gen_339565062,4,positive,Worth it,I play pickup 3x a week and And wide-foot friendliness. Stable landings.,Worth it. I play pickup 3x a week and And wide-foot friendliness. Stable landings,worth it i play pickup 3x a week and and wide foot friendliness stable landings,15,https://runrepeat.com/jordan-luka-3,gen_985612,2025-12-19T06:52:42.000+00:00
Jordan Luka 3,gen_723715996,4,positive,Best on the court,Just finished my third week in these. Padded interiors. Strong support and lockdown. Would buy again.,Best on the court. Just finished my third week in these. Padded interiors. Strong support and lockdown. Would buy again,best on the court just finished my third week in these padded interiors strong support and lockdown would buy again,20,https://runrepeat.com/jordan-luka-3,gen_985612,2025-06-18T06:52:42.000+00:00
Jordan Luka 3,gen_261804611,4,positive,Love these shoes,Strong support and lockdown. Excellent grip. Fits true to size. Highly recommend.,Love these shoes. Strong support and lockdown. Excellent grip. Fits true to size. Highly recommend,love these shoes strong support and lockdown excellent grip fits true to size highly recommend,15,https://runrepeat.com/jordan-luka-3,gen_985612,2025-08-12T06:52:42.000+00:00
Jordan Luka 3,gen_670441966,4,positive,Great basketball shoe,"Bought these for several players on my team, Balanced cushioning. And wide-foot friendliness. Fits true to size. No heel slip whatsoever.","Great basketball shoe. Bought these for several players on my team, Balanced cushioning. And wide-foot friendliness. Fits true to size. No heel slip whatsoever",great basketball shoe bought these for several players on my team balanced cushioning and wide foot friendliness fits true to size no heel slip whatsoever,25,https://runrepeat.com/jordan-luka-3,gen_985612,2025-08-25T06:52:42.000+00:00
Jordan Luka 3,gen_935931961,5,positive,and wide-foot friendliness,"Compared to my other pairs, Comfort. Balanced cushioning. Highly recommend.","and wide-foot friendliness. Compared to my other pairs, Comfort. Balanced cushioning. Highly recommend",and wide foot friendliness compared to my other pairs comfort balanced cushioning highly recommend,14,https://runrepeat.com/jordan-luka-3,gen_985612,2025-10-15T06:52:42.000+00:00
Jordan Luka 3,gen_73238402,4,positive,strong support and lockdown,I play D3 ball and Comfort. Padded interiors. Sizing is spot on. Lockdown is excellent.,strong support and lockdown. I play D3 ball and Comfort. Padded interiors. Sizing is spot on. Lockdown is excellent,strong support and lockdown i play d3 ball and comfort padded interiors sizing is spot on lockdown is excellent,19,https://runrepeat.com/jordan-luka-3,gen_985612,2024-12-04T06:52:42.000+00:00
Jordan Luka 3,gen_996200696,5,positive,Worth it,Got these for my daughter and And wide-foot friendliness. Excellent grip. Sizing is spot on. Super secure fit. Best shoe I've played in this year.,Worth it. Got these for my daughter and And wide-foot friendliness. Excellent grip. Sizing is spot on. Super secure fit. Best shoe I've played in this year,worth it got these for my daughter and and wide foot friendliness excellent grip sizing is spot on super secure fit best shoe i've played in this year,28,https://runrepeat.com/jordan-luka-3,gen_985612,2025-03-20T06:52:42.000+00:00
Jordan Luka 3,gen_219753588,5,positive,Best on the court,Got these for my daughter and Comfort. Padded interiors. Sizing is spot on. Game changer for me.,Best on the court. Got these for my daughter and Comfort. Padded interiors. Sizing is spot on. Game changer for me,best on the court got these for my daughter and comfort padded interiors sizing is spot on game changer for me,21,https://runrepeat.com/jordan-luka-3,gen_985612,2025-07-13T06:52:42.000+00:00
Jordan Luka 3,gen_61330866,4,positive,Highly recommend,Strong support and lockdown. Stable landings. Would buy again.,Highly recommend. Strong support and lockdown. Stable landings. Would buy again,highly recommend strong support and lockdown stable landings would buy again,11,https://runrepeat.com/jordan-luka-3,gen_985612,2024-06-20T06:52:42.000+00:00
Jordan Luka 3,gen_989030145,5,positive,Love these shoes,"Compared to my other pairs, And wide-foot friendliness. Strong support and lockdown. Ordered my normal size and it fits perfectly. No heel slip whatsoever. Game changer for me.","Love these shoes. Compared to my other pairs, And wide-foot friendliness. Strong support and lockdown. Ordered my normal size and it fits perfectly. No heel slip whatsoever. Game changer for me",love these shoes compared to my other pairs and wide foot friendliness strong support and lockdown ordered my normal size and it fits perfectly no heel slip whatsoever game changer for me,32,https://runrepeat.com/jordan-luka-3,gen_985612,2025-04-02T06:52:42.000+00:00
Jordan Luka 3,gen_896073680,5,positive,Best on the court,And wide-foot friendliness. Comfort. Super secure fit. Best shoe I've played in this year.,Best on the court. And wide-foot friendliness. Comfort. Super secure fit. Best shoe I've played in this year,best on the court and wide foot friendliness comfort super secure fit best shoe i've played in this year,19,https://runrepeat.com/jordan-luka-3,gen_985612,2025-05-01T06:52:42.000+00:00
Jordan Luka 3,gen_368627622,4,positive,Best on the court,I recommend these to my players. And wide-foot friendliness. Comfort. Fits true to size. Game changer for me.,Best on the court. I recommend these to my players. And wide-foot friendliness. Comfort. Fits true to size. Game changer for me,best on the court i recommend these to my players and wide foot friendliness comfort fits true to size game changer for me,23,https://runrepeat.com/jordan-luka-3,gen_985612,2025-05-26T06:52:42.000+00:00
Jordan Luka 3,gen_236155996,4,positive,Highly recommend,"As a competitive player, Comfort. Balanced cushioning. Best shoe I've played in this year.","Highly recommend. As a competitive player, Comfort. Balanced cushioning. Best shoe I've played in this year",highly recommend as a competitive player comfort balanced cushioning best shoe i've played in this year,16,https://runrepeat.com/jordan-luka-3,gen_985612,2025-08-09T06:52:42.000+00:00
Jordan Luka 3,gen_967216056,3,neutral,Decent but not perfect,"Game-tested these for about 10 sessions. Padded interiors. However, and poor streetball suitability. Takes a few sessions to break in","Decent but not perfect. Game-tested these for about 10 sessions. Padded interiors. However, and poor streetball suitability. Takes a few sessions to break in",decent but not perfect game tested these for about 10 sessions padded interiors however and poor streetball suitability takes a few sessions to break in,25,https://runrepeat.com/jordan-luka-3,gen_985612,2025-10-26T06:52:42.000+00:00
Jordan Luka 3,gen_75578188,4,positive,Great basketball shoe,"Bought these for several players on my team, Padded interiors. And wide-foot friendliness. Sizing is spot on.","Great basketball shoe. Bought these for several players on my team, Padded interiors. And wide-foot friendliness. Sizing is spot on",great basketball shoe bought these for several players on my team padded interiors and wide foot friendliness sizing is spot on,21,https://runrepeat.com/jordan-luka-3,gen_985612,2025-09-04T06:52:42.000+00:00
Jordan Luka 3,gen_929724980,3,neutral,Good not great,"And wide-foot friendliness. However, a cheaper feel for the price. Takes a few sessions to break in","Good not great. And wide-foot friendliness. However, a cheaper feel for the price. Takes a few sessions to break in",good not great and wide foot friendliness however a cheaper feel for the price takes a few sessions to break in,21,https://runrepeat.com/jordan-luka-3,gen_985612,2024-09-03T06:52:42.000+00:00
Jordan Luka 3,gen_307234713,4,positive,Worth it,I play pickup 3x a week and Excellent grip. Stable landings.,Worth it. I play pickup 3x a week and Excellent grip. Stable landings,worth it i play pickup 3x a week and excellent grip stable landings,13,https://runrepeat.com/jordan-luka-3,gen_985612,2025-05-09T06:52:42.000+00:00
Nike G.T. Cut 3 Turbo,gen_225146308,5,positive,Great basketball shoe,Bought these for the season and have no regrets. Improved traction. Better lateral support. Foot doesn't move at all.,Great basketball shoe. Bought these for the season and have no regrets. Improved traction. Better lateral support. Foot doesn't move at all,great basketball shoe bought these for the season and have no regrets improved traction better lateral support foot doesn't move at all,22,https://runrepeat.com/nike-g-t-cut-3-turbo,gen_645309,2026-02-05T06:52:42.000+00:00
Nike G.T. Cut 3 Turbo,gen_569285010,5,positive,Best on the court,Controlled directional movement. Improved traction. Fits true to size.,Best on the court. Controlled directional movement. Improved traction. Fits true to size,best on the court controlled directional movement improved traction fits true to size,13,https://runrepeat.com/nike-g-t-cut-3-turbo,gen_645309,2024-09-03T06:52:42.000+00:00
Nike G.T. Cut 3 Turbo,gen_407356671,5,positive,Love these shoes,"For rec league ball, Improved traction. A very explosive ride. Fits true to size. Stays locked through cuts.","Love these shoes. For rec league ball, Improved traction. A very explosive ride. Fits true to size. Stays locked through cuts",love these shoes for rec league ball improved traction a very explosive ride fits true to size stays locked through cuts,21,https://runrepeat.com/nike-g-t-cut-3-turbo,gen_645309,2025-05-20T06:52:42.000+00:00
Nike G.T. Cut 3 Turbo,gen_234185193,4,positive,Great basketball shoe,Controlled directional movement. And a snug performance fit. Highly recommend.,Great basketball shoe. Controlled directional movement. And a snug performance fit. Highly recommend,great basketball shoe controlled directional movement and a snug performance fit highly recommend,13,https://runrepeat.com/nike-g-t-cut-3-turbo,gen_645309,2025-02-20T06:52:42.000+00:00
Nike G.T. Cut 3 Turbo,gen_334755623,2,negative,Thin tread for blacktop use and a trampoline-like ,These shoes are solid. Thin tread for blacktop use and a trampoline-like stiffness that may feel too rigid for some players. Wouldn't buy again.,Thin tread for blacktop use and a trampoline-like . These shoes are solid. Thin tread for blacktop use and a trampoline-like stiffness that may feel too rigid for some players. Wouldn't buy again,thin tread for blacktop use and a trampoline like these shoes are solid thin tread for blacktop use and a trampoline like stiffness that may feel too rigid for some players wouldn't buy again,34,https://runrepeat.com/nike-g-t-cut-3-turbo,gen_645309,2024-11-30T06:52:42.000+00:00
Nike G.T. Cut 3 Turbo,gen_58045787,4,positive,Highly recommend,Just finished my third week in these. Record-setting zoomx energy return. And a snug performance fit. Fits true to size.,Highly recommend. Just finished my third week in these. Record-setting zoomx energy return. And a snug performance fit. Fits true to size,highly recommend just finished my third week in these record setting zoomx energy return and a snug performance fit fits true to size,23,https://runrepeat.com/nike-g-t-cut-3-turbo,gen_645309,2024-05-24T06:52:42.000+00:00
Nike G.T. Cut 3 Turbo,gen_996623640,3,neutral,Decent but not perfect,"Finally pulled the trigger on these and glad I did. And a snug performance fit. However, thin tread for blacktop use and a trampoline-like stiffness that may feel too rigid for some players. Decent shoe overall but nothing special.","Decent but not perfect. Finally pulled the trigger on these and glad I did. And a snug performance fit. However, thin tread for blacktop use and a trampoline-like stiffness that may feel too rigid for some players. Decent shoe overall but nothing special",decent but not perfect finally pulled the trigger on these and glad i did and a snug performance fit however thin tread for blacktop use and a trampoline like stiffness that may feel too rigid for some players decent shoe overall but nothing special,44,https://runrepeat.com/nike-g-t-cut-3-turbo,gen_645309,2024-05-04T06:52:42.000+00:00
Nike G.T. Cut 3 Turbo,gen_11345744,4,positive,Best on the court,"As a competitive player, Controlled directional movement. Improved traction. Sizing is spot on. Would buy again.","Best on the court. As a competitive player, Controlled directional movement. Improved traction. Sizing is spot on. Would buy again",best on the court as a competitive player controlled directional movement improved traction sizing is spot on would buy again,20,https://runrepeat.com/nike-g-t-cut-3-turbo,gen_645309,2026-01-18T06:52:42.000+00:00
Nike G.T. Cut 3 Turbo,gen_215323221,3,neutral,Okay shoe overall,"As a casual hooper, Controlled directional movement. However, thin tread for blacktop use and a trampoline-like stiffness that may feel too rigid for some players. Takes a few sessions to break in","Okay shoe overall. As a casual hooper, Controlled directional movement. However, thin tread for blacktop use and a trampoline-like stiffness that may feel too rigid for some players. Takes a few sessions to break in",okay shoe overall as a casual hooper controlled directional movement however thin tread for blacktop use and a trampoline like stiffness that may feel too rigid for some players takes a few sessions to break in,36,https://runrepeat.com/nike-g-t-cut-3-turbo,gen_645309,2025-08-10T06:52:42.000+00:00
Nike G.T. Cut 3 Turbo,gen_97103211,5,positive,Great basketball shoe,I play pickup 3x a week and Improved traction. Record-setting zoomx energy return. Ordered my normal size and it fits perfectly. One of my favorite basketball shoes.,Great basketball shoe. I play pickup 3x a week and Improved traction. Record-setting zoomx energy return. Ordered my normal size and it fits perfectly. One of my favorite basketball shoes,great basketball shoe i play pickup 3x a week and improved traction record setting zoomx energy return ordered my normal size and it fits perfectly one of my favorite basketball shoes,31,https://runrepeat.com/nike-g-t-cut-3-turbo,gen_645309,2025-12-11T06:52:42.000+00:00
Nike G.T. Cut 3 Turbo,gen_806821846,4,positive,Solid performance shoe,Record-setting zoomx energy return. Improved traction. Super secure fit.,Solid performance shoe. Record-setting zoomx energy return. Improved traction. Super secure fit,solid performance shoe record setting zoomx energy return improved traction super secure fit,13,https://runrepeat.com/nike-g-t-cut-3-turbo,gen_645309,2025-09-09T06:52:42.000+00:00
Nike G.T. Cut 3 Turbo,gen_972416757,4,positive,Worth it,Improved traction. A very explosive ride. Stays locked through cuts. Highly recommend.,Worth it. Improved traction. A very explosive ride. Stays locked through cuts. Highly recommend,worth it improved traction a very explosive ride stays locked through cuts highly recommend,14,https://runrepeat.com/nike-g-t-cut-3-turbo,gen_645309,2025-05-03T06:52:42.000+00:00
Nike G.T. Cut 3 Turbo,gen_345384,5,positive,Worth it,Been wearing these for a few months now. Controlled directional movement. A very explosive ride. Ordered my normal size and it fits perfectly. Super secure fit.,Worth it. Been wearing these for a few months now. Controlled directional movement. A very explosive ride. Ordered my normal size and it fits perfectly. Super secure fit,worth it been wearing these for a few months now controlled directional movement a very explosive ride ordered my normal size and it fits perfectly super secure fit,28,https://runrepeat.com/nike-g-t-cut-3-turbo,gen_645309,2025-11-28T06:52:42.000+00:00
Nike G.T. Cut 3 Turbo,gen_665961150,5,positive,Highly recommend,Really happy with this purchase. Record-setting zoomx energy return. Better lateral support. Stays locked through cuts. Highly recommend.,Highly recommend. Really happy with this purchase. Record-setting zoomx energy return. Better lateral support. Stays locked through cuts. Highly recommend,highly recommend really happy with this purchase record setting zoomx energy return better lateral support stays locked through cuts highly recommend,21,https://runrepeat.com/nike-g-t-cut-3-turbo,gen_645309,2026-02-20T06:52:42.000+00:00
Nike G.T. Cut 3 Turbo,gen_64756008,4,positive,improved traction,I own about 30 pairs of basketball shoes and Better lateral support. And a snug performance fit. Fits true to size. Foot doesn't move at all.,improved traction. I own about 30 pairs of basketball shoes and Better lateral support. And a snug performance fit. Fits true to size. Foot doesn't move at all,improved traction i own about 30 pairs of basketball shoes and better lateral support and a snug performance fit fits true to size foot doesn't move at all,28,https://runrepeat.com/nike-g-t-cut-3-turbo,gen_645309,2024-10-24T06:52:42.000+00:00
Nike G.T. Cut 3 Turbo,gen_127600049,4,positive,Worth it,My kid loves these shoes. Record-setting zoomx energy return. Controlled directional movement. Super secure fit.,Worth it. My kid loves these shoes. Record-setting zoomx energy return. Controlled directional movement. Super secure fit,worth it my kid loves these shoes record setting zoomx energy return controlled directional movement super secure fit,18,https://runrepeat.com/nike-g-t-cut-3-turbo,gen_645309,2024-08-25T06:52:42.000+00:00
Nike G.T. Cut 3 Turbo,gen_144111262,5,positive,a very explosive ride,"As a casual hooper, Better lateral support. And a snug performance fit.","a very explosive ride. As a casual hooper, Better lateral support. And a snug performance fit",a very explosive ride as a casual hooper better lateral support and a snug performance fit,16,https://runrepeat.com/nike-g-t-cut-3-turbo,gen_645309,2026-01-01T06:52:42.000+00:00
Nike G.T. Cut 3 Turbo,gen_929276044,5,positive,Solid performance shoe,Better lateral support. And a snug performance fit. Would buy again.,Solid performance shoe. Better lateral support. And a snug performance fit. Would buy again,solid performance shoe better lateral support and a snug performance fit would buy again,14,https://runrepeat.com/nike-g-t-cut-3-turbo,gen_645309,2025-03-28T06:52:42.000+00:00
Nike G.T. Cut 3 Turbo,gen_949533988,4,positive,Worth it,"As a competitive player, Improved traction. And a snug performance fit. Fits true to size. Best shoe I've played in this year.","Worth it. As a competitive player, Improved traction. And a snug performance fit. Fits true to size. Best shoe I've played in this year",worth it as a competitive player improved traction and a snug performance fit fits true to size best shoe i've played in this year,24,https://runrepeat.com/nike-g-t-cut-3-turbo,gen_645309,2025-03-14T06:52:42.000+00:00
Nike G.T. Cut 3 Turbo,gen_711909787,5,positive,Best on the court,Got these for my daughter and Improved traction. Controlled directional movement. Sizing is spot on. One of my favorite basketball shoes.,Best on the court. Got these for my daughter and Improved traction. Controlled directional movement. Sizing is spot on. One of my favorite basketball shoes,best on the court got these for my daughter and improved traction controlled directional movement sizing is spot on one of my favorite basketball shoes,25,https://runrepeat.com/nike-g-t-cut-3-turbo,gen_645309,2025-10-21T06:52:42.000+00:00
Nike KD 15,gen_604668432,4,positive,Worth it,"As a casual hooper, Consistent grip. Dust resistance. Highly recommend.","Worth it. As a casual hooper, Consistent grip. Dust resistance. Highly recommend",worth it as a casual hooper consistent grip dust resistance highly recommend,12,https://runrepeat.com/nike-kd-15,gen_588611,2024-10-03T06:52:42.000+00:00
Nike KD 15,gen_80416303,4,positive,Highly recommend,Plush foam. Consistent grip. Highly recommend.,Highly recommend. Plush foam. Consistent grip. Highly recommend,highly recommend plush foam consistent grip highly recommend,8,https://runrepeat.com/nike-kd-15,gen_588611,2024-08-16T06:52:42.000+00:00
Nike KD 15,gen_996408309,4,positive,Love these shoes,"For rec league ball, Consistent grip. Good heel security. Fits true to size. Super secure fit.","Love these shoes. For rec league ball, Consistent grip. Good heel security. Fits true to size. Super secure fit",love these shoes for rec league ball consistent grip good heel security fits true to size super secure fit,19,https://runrepeat.com/nike-kd-15,gen_588611,2024-05-25T06:52:42.000+00:00
Nike KD 15,gen_367862421,4,positive,Great basketball shoe,Game-tested these for about 10 sessions. Good heel security. Plush foam. Sizing is spot on. One of my favorite basketball shoes.,Great basketball shoe. Game-tested these for about 10 sessions. Good heel security. Plush foam. Sizing is spot on. One of my favorite basketball shoes,great basketball shoe game tested these for about 10 sessions good heel security plush foam sizing is spot on one of my favorite basketball shoes,25,https://runrepeat.com/nike-kd-15,gen_588611,2024-07-25T06:52:42.000+00:00
Nike KD 15,gen_952349343,3,neutral,Decent but not perfect,"Been playing for 15 years and Dust resistance. However, a narrow fit and limited flexibility. Takes a few sessions to break in","Decent but not perfect. Been playing for 15 years and Dust resistance. However, a narrow fit and limited flexibility. Takes a few sessions to break in",decent but not perfect been playing for 15 years and dust resistance however a narrow fit and limited flexibility takes a few sessions to break in,26,https://runrepeat.com/nike-kd-15,gen_588611,2024-08-07T06:52:42.000+00:00
Nike KD 15,gen_467095235,5,positive,dust resistance,Good heel security. And a light feel. Best shoe I've played in this year.,dust resistance. Good heel security. And a light feel. Best shoe I've played in this year,dust resistance good heel security and a light feel best shoe i've played in this year,16,https://runrepeat.com/nike-kd-15,gen_588611,2026-03-20T06:52:42.000+00:00
Nike KD 15,gen_193699014,3,neutral,Good not great,"Consistent grip. However, a narrow fit and limited flexibility. Decent shoe overall but nothing special.","Good not great. Consistent grip. However, a narrow fit and limited flexibility. Decent shoe overall but nothing special",good not great consistent grip however a narrow fit and limited flexibility decent shoe overall but nothing special,18,https://runrepeat.com/nike-kd-15,gen_588611,2024-10-18T06:52:42.000+00:00
Nike KD 15,gen_365253135,4,positive,Great basketball shoe,And a light feel. Good heel security. Foot doesn't move at all.,Great basketball shoe. And a light feel. Good heel security. Foot doesn't move at all,great basketball shoe and a light feel good heel security foot doesn't move at all,15,https://runrepeat.com/nike-kd-15,gen_588611,2025-06-26T06:52:42.000+00:00
Nike KD 15,gen_31178657,4,positive,Love these shoes,Dust resistance. A bouncy midsole. Fits true to size. Game changer for me.,Love these shoes. Dust resistance. A bouncy midsole. Fits true to size. Game changer for me,love these shoes dust resistance a bouncy midsole fits true to size game changer for me,16,https://runrepeat.com/nike-kd-15,gen_588611,2025-04-17T06:52:42.000+00:00
Nike KD 15,gen_272445436,4,positive,Love these shoes,And a light feel. A bouncy midsole. Best shoe I've played in this year.,Love these shoes. And a light feel. A bouncy midsole. Best shoe I've played in this year,love these shoes and a light feel a bouncy midsole best shoe i've played in this year,17,https://runrepeat.com/nike-kd-15,gen_588611,2025-12-15T06:52:42.000+00:00
Nike KD 15,gen_951837970,5,positive,Highly recommend,Good heel security. Plush foam. Lockdown is excellent. Game changer for me.,Highly recommend. Good heel security. Plush foam. Lockdown is excellent. Game changer for me,highly recommend good heel security plush foam lockdown is excellent game changer for me,14,https://runrepeat.com/nike-kd-15,gen_588611,2024-11-21T06:52:42.000+00:00
Nike KD 15,gen_299760133,4,positive,Best on the court,Dust resistance. A bouncy midsole. Fits true to size.,Best on the court. Dust resistance. A bouncy midsole. Fits true to size,best on the court dust resistance a bouncy midsole fits true to size,13,https://runrepeat.com/nike-kd-15,gen_588611,2024-04-24T06:52:42.000+00:00
Nike KD 15,gen_157318350,5,positive,Worth it,I play pickup 3x a week and A bouncy midsole. Consistent grip. Best shoe I've played in this year.,Worth it. I play pickup 3x a week and A bouncy midsole. Consistent grip. Best shoe I've played in this year,worth it i play pickup 3x a week and a bouncy midsole consistent grip best shoe i've played in this year,21,https://runrepeat.com/nike-kd-15,gen_588611,2025-03-21T06:52:42.000+00:00
Nike KD 15,gen_274905628,4,positive,Love these shoes,And a light feel. Plush foam. Sizing is spot on.,Love these shoes. And a light feel. Plush foam. Sizing is spot on,love these shoes and a light feel plush foam sizing is spot on,13,https://runrepeat.com/nike-kd-15,gen_588611,2026-03-07T06:52:42.000+00:00
Nike KD 15,gen_838677077,4,positive,Worth it,And a light feel. A bouncy midsole.,Worth it. And a light feel. A bouncy midsole,worth it and a light feel a bouncy midsole,9,https://runrepeat.com/nike-kd-15,gen_588611,2024-05-06T06:52:42.000+00:00
Nike KD 15,gen_452358733,5,positive,Worth it,Good heel security. Consistent grip. Fits true to size. Game changer for me.,Worth it. Good heel security. Consistent grip. Fits true to size. Game changer for me,worth it good heel security consistent grip fits true to size game changer for me,15,https://runrepeat.com/nike-kd-15,gen_588611,2025-03-30T06:52:42.000+00:00
Nike KD 15,gen_174622810,4,positive,Solid performance shoe,Consistent grip. Dust resistance. Sizing is spot on. Stays locked through cuts.,Solid performance shoe. Consistent grip. Dust resistance. Sizing is spot on. Stays locked through cuts,solid performance shoe consistent grip dust resistance sizing is spot on stays locked through cuts,15,https://runrepeat.com/nike-kd-15,gen_588611,2024-09-06T06:52:42.000+00:00
Nike KD 15,gen_645902893,5,positive,good heel security,As a coach I've seen a lot of shoes and Plush foam. Dust resistance. Foot doesn't move at all. One of my favorite basketball shoes.,good heel security. As a coach I've seen a lot of shoes and Plush foam. Dust resistance. Foot doesn't move at all. One of my favorite basketball shoes,good heel security as a coach i've seen a lot of shoes and plush foam dust resistance foot doesn't move at all one of my favorite basketball shoes,28,https://runrepeat.com/nike-kd-15,gen_588611,2024-09-11T06:52:42.000+00:00
Nike KD 15,gen_738419681,4,positive,Love these shoes,I play pickup 3x a week and Consistent grip. Plush foam. Sizing is spot on. Foot doesn't move at all. One of my favorite basketball shoes.,Love these shoes. I play pickup 3x a week and Consistent grip. Plush foam. Sizing is spot on. Foot doesn't move at all. One of my favorite basketball shoes,love these shoes i play pickup 3x a week and consistent grip plush foam sizing is spot on foot doesn't move at all one of my favorite basketball shoes,29,https://runrepeat.com/nike-kd-15,gen_588611,2024-08-10T06:52:42.000+00:00
Nike KD 15,gen_903182642,5,positive,Highly recommend,Bought these for my son and Good heel security. And a light feel. Lockdown is excellent.,Highly recommend. Bought these for my son and Good heel security. And a light feel. Lockdown is excellent,highly recommend bought these for my son and good heel security and a light feel lockdown is excellent,18,https://runrepeat.com/nike-kd-15,gen_588611,2024-10-17T06:52:42.000+00:00
Jordan Zion 4,gen_404850041,4,positive,Great basketball shoe,A propulsive ride. Good lateral support. Traction is elite. Ordered my normal size and it fits perfectly. No heel slip whatsoever.,Great basketball shoe. A propulsive ride. Good lateral support. Traction is elite. Ordered my normal size and it fits perfectly. No heel slip whatsoever,great basketball shoe a propulsive ride good lateral support traction is elite ordered my normal size and it fits perfectly no heel slip whatsoever,24,https://runrepeat.com/jordan-zion-4,gen_415591,2024-11-13T06:52:42.000+00:00
Jordan Zion 4,gen_172108087,4,positive,good lateral support,These shoes are solid. Balanced traction. Above-average cushioning. Doesn't slow you down. Best shoe I've played in this year.,good lateral support. These shoes are solid. Balanced traction. Above-average cushioning. Doesn't slow you down. Best shoe I've played in this year,good lateral support these shoes are solid balanced traction above average cushioning doesn't slow you down best shoe i've played in this year,23,https://runrepeat.com/jordan-zion-4,gen_415591,2024-06-15T06:52:42.000+00:00
Jordan Zion 4,gen_22341871,3,neutral,Decent but not perfect,"As a casual hooper, Balanced traction. However, a snug fit. Needed about a week to feel natural","Decent but not perfect. As a casual hooper, Balanced traction. However, a snug fit. Needed about a week to feel natural",decent but not perfect as a casual hooper balanced traction however a snug fit needed about a week to feel natural,21,https://runrepeat.com/jordan-zion-4,gen_415591,2025-07-25T06:52:42.000+00:00
Jordan Zion 4,gen_492985729,4,positive,Highly recommend,Preserved court feel. A propulsive ride. Locks in on hardwood. Stays locked through cuts.,Highly recommend. Preserved court feel. A propulsive ride. Locks in on hardwood. Stays locked through cuts,highly recommend preserved court feel a propulsive ride locks in on hardwood stays locked through cuts,16,https://runrepeat.com/jordan-zion-4,gen_415591,2025-09-15T06:52:42.000+00:00
Jordan Zion 4,gen_93209463,4,positive,Solid performance shoe,Good lateral support. A propulsive ride. The grip is phenomenal. Sizing is spot on.,Solid performance shoe. Good lateral support. A propulsive ride. The grip is phenomenal. Sizing is spot on,solid performance shoe good lateral support a propulsive ride the grip is phenomenal sizing is spot on,17,https://runrepeat.com/jordan-zion-4,gen_415591,2025-08-25T06:52:42.000+00:00
Jordan Zion 4,gen_30683295,5,positive,Love these shoes,Preserved court feel. A propulsive ride. Doesn't slow you down. Sizing is spot on.,Love these shoes. Preserved court feel. A propulsive ride. Doesn't slow you down. Sizing is spot on,love these shoes preserved court feel a propulsive ride doesn't slow you down sizing is spot on,17,https://runrepeat.com/jordan-zion-4,gen_415591,2024-08-18T06:52:42.000+00:00
Jordan Zion 4,gen_759961704,5,positive,Best on the court,I recommend these to my players. Above-average cushioning. Preserved court feel. Cushioning is insane. No heel slip whatsoever. Game changer for me.,Best on the court. I recommend these to my players. Above-average cushioning. Preserved court feel. Cushioning is insane. No heel slip whatsoever. Game changer for me,best on the court i recommend these to my players above average cushioning preserved court feel cushioning is insane no heel slip whatsoever game changer for me,27,https://runrepeat.com/jordan-zion-4,gen_415591,2025-05-31T06:52:42.000+00:00
Jordan Zion 4,gen_475899279,4,positive,Great basketball shoe,And durable construction. Balanced traction. Feels almost weightless on foot. Would buy again.,Great basketball shoe. And durable construction. Balanced traction. Feels almost weightless on foot. Would buy again,great basketball shoe and durable construction balanced traction feels almost weightless on foot would buy again,16,https://runrepeat.com/jordan-zion-4,gen_415591,2026-03-24T06:52:42.000+00:00
Jordan Zion 4,gen_472148591,4,positive,Love these shoes,Big sneaker collector here — Above-average cushioning. Maneuverability. Super lightweight. Ordered my normal size and it fits perfectly. No heel slip whatsoever.,Love these shoes. Big sneaker collector here — Above-average cushioning. Maneuverability. Super lightweight. Ordered my normal size and it fits perfectly. No heel slip whatsoever,love these shoes big sneaker collector here above average cushioning maneuverability super lightweight ordered my normal size and it fits perfectly no heel slip whatsoever,25,https://runrepeat.com/jordan-zion-4,gen_415591,2025-02-11T06:52:42.000+00:00
Jordan Zion 4,gen_574146734,4,positive,Love these shoes,"As a casual hooper, A propulsive ride. Preserved court feel. Great underfoot feel. No heel slip whatsoever. Would buy again.","Love these shoes. As a casual hooper, A propulsive ride. Preserved court feel. Great underfoot feel. No heel slip whatsoever. Would buy again",love these shoes as a casual hooper a propulsive ride preserved court feel great underfoot feel no heel slip whatsoever would buy again,23,https://runrepeat.com/jordan-zion-4,gen_415591,2024-10-21T06:52:42.000+00:00
Jordan Zion 4,gen_765882762,2,negative,Disappointed,Bought these after my old pair died. A snug fit. And poor breathability. Disappointed overall.,Disappointed. Bought these after my old pair died. A snug fit. And poor breathability. Disappointed overall,disappointed bought these after my old pair died a snug fit and poor breathability disappointed overall,16,https://runrepeat.com/jordan-zion-4,gen_415591,2026-01-20T06:52:42.000+00:00
Jordan Zion 4,gen_644355024,5,positive,Worth it,Maneuverability. Above-average cushioning. Great underfoot feel. Fits true to size. Foot doesn't move at all.,Worth it. Maneuverability. Above-average cushioning. Great underfoot feel. Fits true to size. Foot doesn't move at all,worth it maneuverability above average cushioning great underfoot feel fits true to size foot doesn't move at all,18,https://runrepeat.com/jordan-zion-4,gen_415591,2024-10-21T06:52:42.000+00:00
Jordan Zion 4,gen_23492364,4,positive,balanced traction,"As a competitive player, Preserved court feel. And durable construction. Cushioning is insane. Ordered my normal size and it fits perfectly. Lockdown is excellent. Highly recommend.","balanced traction. As a competitive player, Preserved court feel. And durable construction. Cushioning is insane. Ordered my normal size and it fits perfectly. Lockdown is excellent. Highly recommend",balanced traction as a competitive player preserved court feel and durable construction cushioning is insane ordered my normal size and it fits perfectly lockdown is excellent highly recommend,28,https://runrepeat.com/jordan-zion-4,gen_415591,2024-10-30T06:52:42.000+00:00
Jordan Zion 4,gen_695270578,2,negative,A snug fit,Bought these for the season and have no regrets. Heavier build. A snug fit. Wouldn't buy again.,A snug fit. Bought these for the season and have no regrets. Heavier build. A snug fit. Wouldn't buy again,a snug fit bought these for the season and have no regrets heavier build a snug fit wouldn't buy again,20,https://runrepeat.com/jordan-zion-4,gen_415591,2024-07-15T06:52:42.000+00:00
Jordan Zion 4,gen_786055302,5,positive,Worth it,I play D3 ball and Above-average cushioning. Balanced traction. Great underfoot feel. Ordered my normal size and it fits perfectly.,Worth it. I play D3 ball and Above-average cushioning. Balanced traction. Great underfoot feel. Ordered my normal size and it fits perfectly,worth it i play d3 ball and above average cushioning balanced traction great underfoot feel ordered my normal size and it fits perfectly,23,https://runrepeat.com/jordan-zion-4,gen_415591,2026-02-03T06:52:42.000+00:00
Jordan Zion 4,gen_46175870,5,positive,Best on the court,"Bought these for several players on my team, And durable construction. Maneuverability. Absorbs landings beautifully. Stays locked through cuts.","Best on the court. Bought these for several players on my team, And durable construction. Maneuverability. Absorbs landings beautifully. Stays locked through cuts",best on the court bought these for several players on my team and durable construction maneuverability absorbs landings beautifully stays locked through cuts,23,https://runrepeat.com/jordan-zion-4,gen_415591,2025-10-06T06:52:42.000+00:00
Jordan Zion 4,gen_418183957,4,positive,Best on the court,These shoes are solid. Preserved court feel. And durable construction. Feels like running on clouds. Sizing is spot on. Game changer for me.,Best on the court. These shoes are solid. Preserved court feel. And durable construction. Feels like running on clouds. Sizing is spot on. Game changer for me,best on the court these shoes are solid preserved court feel and durable construction feels like running on clouds sizing is spot on game changer for me,27,https://runrepeat.com/jordan-zion-4,gen_415591,2025-06-28T06:52:42.000+00:00
Jordan Zion 4,gen_5640426,4,positive,Great basketball shoe,Balanced traction. Preserved court feel. Doesn't slow you down. Game changer for me.,Great basketball shoe. Balanced traction. Preserved court feel. Doesn't slow you down. Game changer for me,great basketball shoe balanced traction preserved court feel doesn't slow you down game changer for me,16,https://runrepeat.com/jordan-zion-4,gen_415591,2025-03-15T06:52:42.000+00:00
Jordan Zion 4,gen_456238600,5,positive,preserved court feel,Needed a new pair for the season and these delivered. Above-average cushioning. Balanced traction. Super lightweight. Sizing is spot on. One of my favorite basketball shoes.,preserved court feel. Needed a new pair for the season and these delivered. Above-average cushioning. Balanced traction. Super lightweight. Sizing is spot on. One of my favorite basketball shoes,preserved court feel needed a new pair for the season and these delivered above average cushioning balanced traction super lightweight sizing is spot on one of my favorite basketball shoes,30,https://runrepeat.com/jordan-zion-4,gen_415591,2025-05-17T06:52:42.000+00:00
Jordan Zion 4,gen_323240623,5,positive,a propulsive ride,I play pickup 3x a week and A propulsive ride. Balanced traction. Absorbs landings beautifully. Fits true to size.,a propulsive ride. I play pickup 3x a week and A propulsive ride. Balanced traction. Absorbs landings beautifully. Fits true to size,a propulsive ride i play pickup 3x a week and a propulsive ride balanced traction absorbs landings beautifully fits true to size,22,https://runrepeat.com/jordan-zion-4,gen_415591,2024-11-03T06:52:42.000+00:00
Adidas Dame Certified,gen_881730069,4,positive,Best on the court,Really happy with this purchase. Support. Good materials. Super lightweight. Ordered my normal size and it fits perfectly. Foot doesn't move at all. Highly recommend.,Best on the court. Really happy with this purchase. Support. Good materials. Super lightweight. Ordered my normal size and it fits perfectly. Foot doesn't move at all. Highly recommend,best on the court really happy with this purchase support good materials super lightweight ordered my normal size and it fits perfectly foot doesn't move at all highly recommend,29,https://runrepeat.com/adidas-dame-certified,gen_334457,2026-03-14T06:52:42.000+00:00
Adidas Dame Certified,gen_919222143,3,neutral,Mixed feelings,"Bought these for several players on my team, Support. However, zero ventilation. Decent shoe overall but nothing special.","Mixed feelings. Bought these for several players on my team, Support. However, zero ventilation. Decent shoe overall but nothing special",mixed feelings bought these for several players on my team support however zero ventilation decent shoe overall but nothing special,20,https://runrepeat.com/adidas-dame-certified,gen_334457,2025-03-10T06:52:42.000+00:00
Adidas Dame Certified,gen_773587422,5,positive,Love these shoes,Bought these for the season and have no regrets. A bouncy midsole. Strong durability. Doesn't slow you down. One of my favorite basketball shoes.,Love these shoes. Bought these for the season and have no regrets. A bouncy midsole. Strong durability. Doesn't slow you down. One of my favorite basketball shoes,love these shoes bought these for the season and have no regrets a bouncy midsole strong durability doesn't slow you down one of my favorite basketball shoes,27,https://runrepeat.com/adidas-dame-certified,gen_334457,2024-11-03T06:52:42.000+00:00
Adidas Dame Certified,gen_786424361,5,positive,Highly recommend,Needed a new pair for the season and these delivered. Strong durability. Support. Feels almost weightless on foot. Sizing is spot on.,Highly recommend. Needed a new pair for the season and these delivered. Strong durability. Support. Feels almost weightless on foot. Sizing is spot on,highly recommend needed a new pair for the season and these delivered strong durability support feels almost weightless on foot sizing is spot on,24,https://runrepeat.com/adidas-dame-certified,gen_334457,2025-12-05T06:52:42.000+00:00
Adidas Dame Certified,gen_506416657,4,positive,Best on the court,As a coach I've seen a lot of shoes and Good materials. And low price. Feels almost weightless on foot. Fits true to size. Foot doesn't move at all. Highly recommend.,Best on the court. As a coach I've seen a lot of shoes and Good materials. And low price. Feels almost weightless on foot. Fits true to size. Foot doesn't move at all. Highly recommend,best on the court as a coach i've seen a lot of shoes and good materials and low price feels almost weightless on foot fits true to size foot doesn't move at all highly recommend,35,https://runrepeat.com/adidas-dame-certified,gen_334457,2024-10-19T06:52:42.000+00:00
Adidas Dame Certified,gen_861126826,5,positive,Love these shoes,"For rec league ball, A bouncy midsole. Good materials. Super lightweight. Ordered my normal size and it fits perfectly. Highly recommend.","Love these shoes. For rec league ball, A bouncy midsole. Good materials. Super lightweight. Ordered my normal size and it fits perfectly. Highly recommend",love these shoes for rec league ball a bouncy midsole good materials super lightweight ordered my normal size and it fits perfectly highly recommend,24,https://runrepeat.com/adidas-dame-certified,gen_334457,2025-10-07T06:52:42.000+00:00
Adidas Dame Certified,gen_181526829,4,positive,Love these shoes,Needed a new pair for the season and these delivered. And low price. Support. Feels almost weightless on foot. Best shoe I've played in this year.,Love these shoes. Needed a new pair for the season and these delivered. And low price. Support. Feels almost weightless on foot. Best shoe I've played in this year,love these shoes needed a new pair for the season and these delivered and low price support feels almost weightless on foot best shoe i've played in this year,29,https://runrepeat.com/adidas-dame-certified,gen_334457,2025-11-17T06:52:42.000+00:00
Adidas Dame Certified,gen_284084856,5,positive,Worth it,Been playing for 15 years and A bouncy midsole. A nice court-feel-to-protection balance. Super lightweight.,Worth it. Been playing for 15 years and A bouncy midsole. A nice court-feel-to-protection balance. Super lightweight,worth it been playing for 15 years and a bouncy midsole a nice court feel to protection balance super lightweight,20,https://runrepeat.com/adidas-dame-certified,gen_334457,2025-05-19T06:52:42.000+00:00
Adidas Dame Certified,gen_202627065,4,positive,a bouncy midsole,Comfort. A bouncy midsole. Doesn't slow you down. Lockdown is excellent.,a bouncy midsole. Comfort. A bouncy midsole. Doesn't slow you down. Lockdown is excellent,a bouncy midsole comfort a bouncy midsole doesn't slow you down lockdown is excellent,14,https://runrepeat.com/adidas-dame-certified,gen_334457,2025-09-13T06:52:42.000+00:00
Adidas Dame Certified,gen_424634478,5,positive,a nice court-feel-to-protection balance,I own about 30 pairs of basketball shoes and Support. A nice court-feel-to-protection balance. Feels almost weightless on foot. Fits true to size. No heel slip whatsoever. Game changer for me.,a nice court-feel-to-protection balance. I own about 30 pairs of basketball shoes and Support. A nice court-feel-to-protection balance. Feels almost weightless on foot. Fits true to size. No heel slip whatsoever. Game changer for me,a nice court feel to protection balance i own about 30 pairs of basketball shoes and support a nice court feel to protection balance feels almost weightless on foot fits true to size no heel slip whatsoever game changer for me,41,https://runrepeat.com/adidas-dame-certified,gen_334457,2025-05-23T06:52:42.000+00:00
Adidas Dame Certified,gen_444984432,4,positive,Best on the court,"For rec league ball, Support. And low price. Doesn't slow you down. Sizing is spot on. Highly recommend.","Best on the court. For rec league ball, Support. And low price. Doesn't slow you down. Sizing is spot on. Highly recommend",best on the court for rec league ball support and low price doesn't slow you down sizing is spot on highly recommend,22,https://runrepeat.com/adidas-dame-certified,gen_334457,2024-08-11T06:52:42.000+00:00
Adidas Dame Certified,gen_829175083,4,positive,Highly recommend,Comfort. Good materials. Feels almost weightless on foot.,Highly recommend. Comfort. Good materials. Feels almost weightless on foot,highly recommend comfort good materials feels almost weightless on foot,10,https://runrepeat.com/adidas-dame-certified,gen_334457,2024-05-21T06:52:42.000+00:00
Adidas Dame Certified,gen_352146337,4,positive,Best on the court,Game-tested these for about 10 sessions. And low price. Support. Doesn't slow you down. Sizing is spot on. Stays locked through cuts.,Best on the court. Game-tested these for about 10 sessions. And low price. Support. Doesn't slow you down. Sizing is spot on. Stays locked through cuts,best on the court game tested these for about 10 sessions and low price support doesn't slow you down sizing is spot on stays locked through cuts,27,https://runrepeat.com/adidas-dame-certified,gen_334457,2025-10-09T06:52:42.000+00:00
Adidas Dame Certified,gen_58291595,3,neutral,Mixed feelings,"Got these for my daughter and A nice court-feel-to-protection balance. However, zero ventilation. Decent shoe overall but nothing special.","Mixed feelings. Got these for my daughter and A nice court-feel-to-protection balance. However, zero ventilation. Decent shoe overall but nothing special",mixed feelings got these for my daughter and a nice court feel to protection balance however zero ventilation decent shoe overall but nothing special,24,https://runrepeat.com/adidas-dame-certified,gen_334457,2025-04-18T06:52:42.000+00:00
Adidas Dame Certified,gen_512132118,5,positive,Highly recommend,Game-tested these for about 10 sessions. Strong durability. A bouncy midsole. Super lightweight. Super secure fit.,Highly recommend. Game-tested these for about 10 sessions. Strong durability. A bouncy midsole. Super lightweight. Super secure fit,highly recommend game tested these for about 10 sessions strong durability a bouncy midsole super lightweight super secure fit,19,https://runrepeat.com/adidas-dame-certified,gen_334457,2025-03-11T06:52:42.000+00:00
Adidas Dame Certified,gen_616119438,3,neutral,Decent but not perfect,"Bought these for my son and A bouncy midsole. However, zero ventilation. Decent shoe overall but nothing special.","Decent but not perfect. Bought these for my son and A bouncy midsole. However, zero ventilation. Decent shoe overall but nothing special",decent but not perfect bought these for my son and a bouncy midsole however zero ventilation decent shoe overall but nothing special,22,https://runrepeat.com/adidas-dame-certified,gen_334457,2024-08-08T06:52:42.000+00:00
Adidas Dame Certified,gen_505688946,4,positive,Solid performance shoe,"Bought these for several players on my team, And low price. Comfort. Doesn't slow you down. Lockdown is excellent.","Solid performance shoe. Bought these for several players on my team, And low price. Comfort. Doesn't slow you down. Lockdown is excellent",solid performance shoe bought these for several players on my team and low price comfort doesn't slow you down lockdown is excellent,22,https://runrepeat.com/adidas-dame-certified,gen_334457,2025-11-17T06:52:42.000+00:00
Adidas Dame Certified,gen_459488382,5,positive,Worth it,Finally pulled the trigger on these and glad I did. And low price. A nice court-feel-to-protection balance. Super lightweight. Ordered my normal size and it fits perfectly. Lockdown is excellent.,Worth it. Finally pulled the trigger on these and glad I did. And low price. A nice court-feel-to-protection balance. Super lightweight. Ordered my normal size and it fits perfectly. Lockdown is excellent,worth it finally pulled the trigger on these and glad i did and low price a nice court feel to protection balance super lightweight ordered my normal size and it fits perfectly lockdown is excellent,35,https://runrepeat.com/adidas-dame-certified,gen_334457,2025-07-12T06:52:42.000+00:00
Adidas Dame Certified,gen_463716012,4,positive,Highly recommend,Game-tested these for about 10 sessions. Comfort. Good materials. Doesn't slow you down. Lockdown is excellent.,Highly recommend. Game-tested these for about 10 sessions. Comfort. Good materials. Doesn't slow you down. Lockdown is excellent,highly recommend game tested these for about 10 sessions comfort good materials doesn't slow you down lockdown is excellent,19,https://runrepeat.com/adidas-dame-certified,gen_334457,2025-03-06T06:52:42.000+00:00
Adidas Dame Certified,gen_330268828,5,positive,support,"As a casual hooper, Good materials. Comfort. Feels almost weightless on foot. Sizing is spot on. Stays locked through cuts. Best shoe I've played in this year.","support. As a casual hooper, Good materials. Comfort. Feels almost weightless on foot. Sizing is spot on. Stays locked through cuts. Best shoe I've played in this year",support as a casual hooper good materials comfort feels almost weightless on foot sizing is spot on stays locked through cuts best shoe i've played in this year,28,https://runrepeat.com/adidas-dame-certified,gen_334457,2025-02-27T06:52:42.000+00:00
Under Armour Lockdown 6,gen_342623614,5,positive,Solid performance shoe,Wear resistance. All-day comfort. Doesn't slow you down.,Solid performance shoe. Wear resistance. All-day comfort. Doesn't slow you down,solid performance shoe wear resistance all day comfort doesn't slow you down,12,https://runrepeat.com/under-armour-lockdown-6,gen_730413,2025-12-08T06:52:42.000+00:00
Under Armour Lockdown 6,gen_651353198,5,positive,Great basketball shoe,Been wearing these for a few months now. Outdoor usefulness. Wear resistance. Feels almost weightless on foot. Fits true to size. Foot doesn't move at all. One of my favorite basketball shoes.,Great basketball shoe. Been wearing these for a few months now. Outdoor usefulness. Wear resistance. Feels almost weightless on foot. Fits true to size. Foot doesn't move at all. One of my favorite basketball shoes,great basketball shoe been wearing these for a few months now outdoor usefulness wear resistance feels almost weightless on foot fits true to size foot doesn't move at all one of my favorite basketball shoes,35,https://runrepeat.com/under-armour-lockdown-6,gen_730413,2025-07-31T06:52:42.000+00:00
Under Armour Lockdown 6,gen_357997204,5,positive,Solid performance shoe,My kid loves these shoes. Outdoor usefulness. Wear resistance. Feels almost weightless on foot.,Solid performance shoe. My kid loves these shoes. Outdoor usefulness. Wear resistance. Feels almost weightless on foot,solid performance shoe my kid loves these shoes outdoor usefulness wear resistance feels almost weightless on foot,17,https://runrepeat.com/under-armour-lockdown-6,gen_730413,2024-05-19T06:52:42.000+00:00
Under Armour Lockdown 6,gen_594362338,4,positive,Highly recommend,Cushioning. Outdoor usefulness. Doesn't slow you down. Ordered my normal size and it fits perfectly.,Highly recommend. Cushioning. Outdoor usefulness. Doesn't slow you down. Ordered my normal size and it fits perfectly,highly recommend cushioning outdoor usefulness doesn't slow you down ordered my normal size and it fits perfectly,17,https://runrepeat.com/under-armour-lockdown-6,gen_730413,2024-05-24T06:52:42.000+00:00
Under Armour Lockdown 6,gen_594295131,4,positive,Love these shoes,I play D3 ball and Outdoor usefulness. All-day comfort. Feels almost weightless on foot. Fits true to size. No heel slip whatsoever. Highly recommend.,Love these shoes. I play D3 ball and Outdoor usefulness. All-day comfort. Feels almost weightless on foot. Fits true to size. No heel slip whatsoever. Highly recommend,love these shoes i play d3 ball and outdoor usefulness all day comfort feels almost weightless on foot fits true to size no heel slip whatsoever highly recommend,28,https://runrepeat.com/under-armour-lockdown-6,gen_730413,2024-11-09T06:52:42.000+00:00
Under Armour Lockdown 6,gen_598677409,5,positive,Worth it,Game-tested these for about 10 sessions. Wear resistance. Outdoor usefulness. Feels almost weightless on foot. Highly recommend.,Worth it. Game-tested these for about 10 sessions. Wear resistance. Outdoor usefulness. Feels almost weightless on foot. Highly recommend,worth it game tested these for about 10 sessions wear resistance outdoor usefulness feels almost weightless on foot highly recommend,20,https://runrepeat.com/under-armour-lockdown-6,gen_730413,2024-07-17T06:52:42.000+00:00
Under Armour Lockdown 6,gen_266897697,4,positive,wear resistance,"For rec league ball, Wear resistance. And a good fit. Doesn't slow you down. Super secure fit. Game changer for me.","wear resistance. For rec league ball, Wear resistance. And a good fit. Doesn't slow you down. Super secure fit. Game changer for me",wear resistance for rec league ball wear resistance and a good fit doesn't slow you down super secure fit game changer for me,23,https://runrepeat.com/under-armour-lockdown-6,gen_730413,2024-10-10T06:52:42.000+00:00
Under Armour Lockdown 6,gen_919887253,5,positive,cushioning,Outdoor usefulness. And a good fit. Doesn't slow you down. Sizing is spot on. One of my favorite basketball shoes.,cushioning. Outdoor usefulness. And a good fit. Doesn't slow you down. Sizing is spot on. One of my favorite basketball shoes,cushioning outdoor usefulness and a good fit doesn't slow you down sizing is spot on one of my favorite basketball shoes,21,https://runrepeat.com/under-armour-lockdown-6,gen_730413,2024-08-15T06:52:42.000+00:00
Under Armour Lockdown 6,gen_350552145,4,positive,Solid performance shoe,I recommend these to my players. And a good fit. Outdoor usefulness. Super lightweight. Sizing is spot on. Highly recommend.,Solid performance shoe. I recommend these to my players. And a good fit. Outdoor usefulness. Super lightweight. Sizing is spot on. Highly recommend,solid performance shoe i recommend these to my players and a good fit outdoor usefulness super lightweight sizing is spot on highly recommend,23,https://runrepeat.com/under-armour-lockdown-6,gen_730413,2025-11-06T06:52:42.000+00:00
Under Armour Lockdown 6,gen_486771194,3,neutral,Okay shoe overall,"All-day comfort. However, dull cushioning. Needed about a week to feel natural","Okay shoe overall. All-day comfort. However, dull cushioning. Needed about a week to feel natural",okay shoe overall all day comfort however dull cushioning needed about a week to feel natural,16,https://runrepeat.com/under-armour-lockdown-6,gen_730413,2025-12-10T06:52:42.000+00:00
Under Armour Lockdown 6,gen_647755394,4,positive,Love these shoes,Been wearing these for a few months now. And a good fit. Wear resistance. Feels almost weightless on foot. Sizing is spot on. Foot doesn't move at all. Would buy again.,Love these shoes. Been wearing these for a few months now. And a good fit. Wear resistance. Feels almost weightless on foot. Sizing is spot on. Foot doesn't move at all. Would buy again,love these shoes been wearing these for a few months now and a good fit wear resistance feels almost weightless on foot sizing is spot on foot doesn't move at all would buy again,34,https://runrepeat.com/under-armour-lockdown-6,gen_730413,2025-06-18T06:52:42.000+00:00
Under Armour Lockdown 6,gen_577122758,5,positive,Great basketball shoe,"As a competitive player, Low weight. Affordability. Doesn't slow you down. Ordered my normal size and it fits perfectly.","Great basketball shoe. As a competitive player, Low weight. Affordability. Doesn't slow you down. Ordered my normal size and it fits perfectly",great basketball shoe as a competitive player low weight affordability doesn't slow you down ordered my normal size and it fits perfectly,22,https://runrepeat.com/under-armour-lockdown-6,gen_730413,2026-04-17T06:52:42.000+00:00
Under Armour Lockdown 6,gen_374705105,5,positive,Highly recommend,Got these for my daughter and All-day comfort. Low weight. Doesn't slow you down. Sizing is spot on.,Highly recommend. Got these for my daughter and All-day comfort. Low weight. Doesn't slow you down. Sizing is spot on,highly recommend got these for my daughter and all day comfort low weight doesn't slow you down sizing is spot on,21,https://runrepeat.com/under-armour-lockdown-6,gen_730413,2024-04-29T06:52:42.000+00:00
Under Armour Lockdown 6,gen_454995876,5,positive,cushioning,"For rec league ball, And a good fit. Cushioning. Feels almost weightless on foot.","cushioning. For rec league ball, And a good fit. Cushioning. Feels almost weightless on foot",cushioning for rec league ball and a good fit cushioning feels almost weightless on foot,15,https://runrepeat.com/under-armour-lockdown-6,gen_730413,2025-02-12T06:52:42.000+00:00
Under Armour Lockdown 6,gen_871485754,5,positive,Solid performance shoe,Big sneaker collector here — All-day comfort. And a good fit. Doesn't slow you down. Ordered my normal size and it fits perfectly. Foot doesn't move at all. One of my favorite basketball shoes.,Solid performance shoe. Big sneaker collector here — All-day comfort. And a good fit. Doesn't slow you down. Ordered my normal size and it fits perfectly. Foot doesn't move at all. One of my favorite basketball shoes,solid performance shoe big sneaker collector here all day comfort and a good fit doesn't slow you down ordered my normal size and it fits perfectly foot doesn't move at all one of my favorite basketball shoes,37,https://runrepeat.com/under-armour-lockdown-6,gen_730413,2024-11-25T06:52:42.000+00:00
Under Armour Lockdown 6,gen_956270184,5,positive,Great basketball shoe,Really happy with this purchase. All-day comfort. Cushioning. Super lightweight. Fits true to size. No heel slip whatsoever. Game changer for me.,Great basketball shoe. Really happy with this purchase. All-day comfort. Cushioning. Super lightweight. Fits true to size. No heel slip whatsoever. Game changer for me,great basketball shoe really happy with this purchase all day comfort cushioning super lightweight fits true to size no heel slip whatsoever game changer for me,26,https://runrepeat.com/under-armour-lockdown-6,gen_730413,2024-06-22T06:52:42.000+00:00
Under Armour Lockdown 6,gen_843410881,5,positive,Solid performance shoe,Been playing for 15 years and All-day comfort. Low weight. Super lightweight. Sizing is spot on. No heel slip whatsoever.,Solid performance shoe. Been playing for 15 years and All-day comfort. Low weight. Super lightweight. Sizing is spot on. No heel slip whatsoever,solid performance shoe been playing for 15 years and all day comfort low weight super lightweight sizing is spot on no heel slip whatsoever,24,https://runrepeat.com/under-armour-lockdown-6,gen_730413,2026-01-04T06:52:42.000+00:00
Under Armour Lockdown 6,gen_131455704,4,positive,low weight,"As a casual hooper, Affordability. All-day comfort. Feels almost weightless on foot. Super secure fit. Best shoe I've played in this year.","low weight. As a casual hooper, Affordability. All-day comfort. Feels almost weightless on foot. Super secure fit. Best shoe I've played in this year",low weight as a casual hooper affordability all day comfort feels almost weightless on foot super secure fit best shoe i've played in this year,25,https://runrepeat.com/under-armour-lockdown-6,gen_730413,2025-03-25T06:52:42.000+00:00
Under Armour Lockdown 6,gen_886440413,5,positive,Solid performance shoe,Low weight. And a good fit. Super lightweight. Sizing is spot on. Game changer for me.,Solid performance shoe. Low weight. And a good fit. Super lightweight. Sizing is spot on. Game changer for me,solid performance shoe low weight and a good fit super lightweight sizing is spot on game changer for me,19,https://runrepeat.com/under-armour-lockdown-6,gen_730413,2024-11-24T06:52:42.000+00:00
Under Armour Lockdown 6,gen_83837262,4,positive,wear resistance,Wear resistance. Affordability. Super lightweight. Highly recommend.,wear resistance. Wear resistance. Affordability. Super lightweight. Highly recommend,wear resistance wear resistance affordability super lightweight highly recommend,9,https://runrepeat.com/under-armour-lockdown-6,gen_730413,2025-11-20T06:52:42.000+00:00
PUMA Rise Nitro,gen_966579757,5,positive,Love these shoes,As a coach I've seen a lot of shoes and Clean-court grip. Durability. Runs a little heavy. Lockdown is excellent. Game changer for me.,Love these shoes. As a coach I've seen a lot of shoes and Clean-court grip. Durability. Runs a little heavy. Lockdown is excellent. Game changer for me,love these shoes as a coach i've seen a lot of shoes and clean court grip durability runs a little heavy lockdown is excellent game changer for me,28,https://runrepeat.com/puma-rise-nitro,gen_836054,2025-08-11T06:52:42.000+00:00
PUMA Rise Nitro,gen_349989565,4,positive,Great basketball shoe,"Compared to my other pairs, Comfort. Durability. Could be lighter. Sizing is spot on. No heel slip whatsoever.","Great basketball shoe. Compared to my other pairs, Comfort. Durability. Could be lighter. Sizing is spot on. No heel slip whatsoever",great basketball shoe compared to my other pairs comfort durability could be lighter sizing is spot on no heel slip whatsoever,21,https://runrepeat.com/puma-rise-nitro,gen_836054,2025-08-16T06:52:42.000+00:00
PUMA Rise Nitro,gen_639222198,4,positive,and price,Game-tested these for about 10 sessions. Clean-court grip. Cushioning. Runs a little heavy.,and price. Game-tested these for about 10 sessions. Clean-court grip. Cushioning. Runs a little heavy,and price game tested these for about 10 sessions clean court grip cushioning runs a little heavy,17,https://runrepeat.com/puma-rise-nitro,gen_836054,2026-01-09T06:52:42.000+00:00
PUMA Rise Nitro,gen_77565018,4,positive,Best on the court,"As a casual hooper, Durability. Clean-court grip. Could be lighter. Fits true to size. Highly recommend.","Best on the court. As a casual hooper, Durability. Clean-court grip. Could be lighter. Fits true to size. Highly recommend",best on the court as a casual hooper durability clean court grip could be lighter fits true to size highly recommend,21,https://runrepeat.com/puma-rise-nitro,gen_836054,2025-02-03T06:52:42.000+00:00
PUMA Rise Nitro,gen_711325444,3,neutral,Decent but not perfect,"Support. However, and extra weight. Needed about a week to feel natural","Decent but not perfect. Support. However, and extra weight. Needed about a week to feel natural",decent but not perfect support however and extra weight needed about a week to feel natural,16,https://runrepeat.com/puma-rise-nitro,gen_836054,2024-05-12T06:52:42.000+00:00
PUMA Rise Nitro,gen_617411495,4,positive,Great basketball shoe,Finally pulled the trigger on these and glad I did. Clean-court grip. Durability. You feel the weight after a long game. Lockdown is excellent.,Great basketball shoe. Finally pulled the trigger on these and glad I did. Clean-court grip. Durability. You feel the weight after a long game. Lockdown is excellent,great basketball shoe finally pulled the trigger on these and glad i did clean court grip durability you feel the weight after a long game lockdown is excellent,28,https://runrepeat.com/puma-rise-nitro,gen_836054,2025-10-19T06:52:42.000+00:00
PUMA Rise Nitro,gen_853427948,5,positive,Love these shoes,Bought these for my son and Cushioning. Breathability. You feel the weight after a long game. Sizing is spot on.,Love these shoes. Bought these for my son and Cushioning. Breathability. You feel the weight after a long game. Sizing is spot on,love these shoes bought these for my son and cushioning breathability you feel the weight after a long game sizing is spot on,23,https://runrepeat.com/puma-rise-nitro,gen_836054,2024-07-11T06:52:42.000+00:00
PUMA Rise Nitro,gen_715601447,4,positive,Great basketball shoe,I play D3 ball and Clean-court grip. Comfort. Runs a little heavy.,Great basketball shoe. I play D3 ball and Clean-court grip. Comfort. Runs a little heavy,great basketball shoe i play d3 ball and clean court grip comfort runs a little heavy,16,https://runrepeat.com/puma-rise-nitro,gen_836054,2025-01-06T06:52:42.000+00:00
PUMA Rise Nitro,gen_522184678,4,positive,Solid performance shoe,Big sneaker collector here — Breathability. Support. Runs a little heavy. Sizing is spot on. No heel slip whatsoever. Game changer for me.,Solid performance shoe. Big sneaker collector here — Breathability. Support. Runs a little heavy. Sizing is spot on. No heel slip whatsoever. Game changer for me,solid performance shoe big sneaker collector here breathability support runs a little heavy sizing is spot on no heel slip whatsoever game changer for me,25,https://runrepeat.com/puma-rise-nitro,gen_836054,2025-09-19T06:52:42.000+00:00
PUMA Rise Nitro,gen_126627570,4,positive,Worth it,These shoes are solid. Durability. Support. Runs a little heavy. Would buy again.,Worth it. These shoes are solid. Durability. Support. Runs a little heavy. Would buy again,worth it these shoes are solid durability support runs a little heavy would buy again,15,https://runrepeat.com/puma-rise-nitro,gen_836054,2024-10-27T06:52:42.000+00:00
PUMA Rise Nitro,gen_114371987,5,positive,Love these shoes,Tried these on a whim and they're now my go-to. Cushioning. Comfort. You feel the weight after a long game. Game changer for me.,Love these shoes. Tried these on a whim and they're now my go-to. Cushioning. Comfort. You feel the weight after a long game. Game changer for me,love these shoes tried these on a whim and they're now my go to cushioning comfort you feel the weight after a long game game changer for me,28,https://runrepeat.com/puma-rise-nitro,gen_836054,2026-03-30T06:52:42.000+00:00
PUMA Rise Nitro,gen_560142147,4,positive,Love these shoes,Breathability. Support. Runs a little heavy. Fits true to size. Foot doesn't move at all. Highly recommend.,Love these shoes. Breathability. Support. Runs a little heavy. Fits true to size. Foot doesn't move at all. Highly recommend,love these shoes breathability support runs a little heavy fits true to size foot doesn't move at all highly recommend,20,https://runrepeat.com/puma-rise-nitro,gen_836054,2024-09-15T06:52:42.000+00:00
PUMA Rise Nitro,gen_701539537,5,positive,Highly recommend,Breathability. Support. Could be lighter. Fits true to size. One of my favorite basketball shoes.,Highly recommend. Breathability. Support. Could be lighter. Fits true to size. One of my favorite basketball shoes,highly recommend breathability support could be lighter fits true to size one of my favorite basketball shoes,17,https://runrepeat.com/puma-rise-nitro,gen_836054,2025-04-16T06:52:42.000+00:00
PUMA Rise Nitro,gen_382553053,5,positive,Great basketball shoe,Comfort. Breathability. Could be lighter. No heel slip whatsoever. Would buy again.,Great basketball shoe. Comfort. Breathability. Could be lighter. No heel slip whatsoever. Would buy again,great basketball shoe comfort breathability could be lighter no heel slip whatsoever would buy again,15,https://runrepeat.com/puma-rise-nitro,gen_836054,2025-03-09T06:52:42.000+00:00
PUMA Rise Nitro,gen_995728157,4,positive,Great basketball shoe,Durability. Comfort. You feel the weight after a long game. No heel slip whatsoever.,Great basketball shoe. Durability. Comfort. You feel the weight after a long game. No heel slip whatsoever,great basketball shoe durability comfort you feel the weight after a long game no heel slip whatsoever,17,https://runrepeat.com/puma-rise-nitro,gen_836054,2025-02-26T06:52:42.000+00:00
PUMA Rise Nitro,gen_998187326,5,positive,Worth it,Needed a new pair for the season and these delivered. Support. Cushioning. You feel the weight after a long game. Best shoe I've played in this year.,Worth it. Needed a new pair for the season and these delivered. Support. Cushioning. You feel the weight after a long game. Best shoe I've played in this year,worth it needed a new pair for the season and these delivered support cushioning you feel the weight after a long game best shoe i've played in this year,29,https://runrepeat.com/puma-rise-nitro,gen_836054,2025-08-10T06:52:42.000+00:00
PUMA Rise Nitro,gen_247249076,4,positive,Best on the court,Cushioning. Durability. You feel the weight after a long game. Would buy again.,Best on the court. Cushioning. Durability. You feel the weight after a long game. Would buy again,best on the court cushioning durability you feel the weight after a long game would buy again,17,https://runrepeat.com/puma-rise-nitro,gen_836054,2025-11-08T06:52:42.000+00:00
PUMA Rise Nitro,gen_64902974,3,neutral,Mixed feelings,"Tried these on a whim and they're now my go-to. Durability. However, poor outdoor suitability. Stiff at first but loosens up nicely","Mixed feelings. Tried these on a whim and they're now my go-to. Durability. However, poor outdoor suitability. Stiff at first but loosens up nicely",mixed feelings tried these on a whim and they're now my go to durability however poor outdoor suitability stiff at first but loosens up nicely,25,https://runrepeat.com/puma-rise-nitro,gen_836054,2025-12-08T06:52:42.000+00:00
PUMA Rise Nitro,gen_212545348,5,positive,Great basketball shoe,"For rec league ball, Breathability. Comfort. You feel the weight after a long game.","Great basketball shoe. For rec league ball, Breathability. Comfort. You feel the weight after a long game",great basketball shoe for rec league ball breathability comfort you feel the weight after a long game,17,https://runrepeat.com/puma-rise-nitro,gen_836054,2025-01-05T06:52:42.000+00:00
PUMA Rise Nitro,gen_775866390,4,positive,Worth it,And price. Comfort. Runs a little heavy. Fits true to size. Lockdown is excellent.,Worth it. And price. Comfort. Runs a little heavy. Fits true to size. Lockdown is excellent,worth it and price comfort runs a little heavy fits true to size lockdown is excellent,16,https://runrepeat.com/puma-rise-nitro,gen_836054,2025-03-02T06:52:42.000+00:00
Air Jordan XXXVIII,gen_397709020,5,positive,Worth it,Been wearing these for a few months now. And durability. Great traction even through dust. Doesn't slow you down. Foot doesn't move at all. One of my favorite basketball shoes.,Worth it. Been wearing these for a few months now. And durability. Great traction even through dust. Doesn't slow you down. Foot doesn't move at all. One of my favorite basketball shoes,worth it been wearing these for a few months now and durability great traction even through dust doesn't slow you down foot doesn't move at all one of my favorite basketball shoes,32,https://runrepeat.com/air-jordan-xxxviii,gen_426014,2025-11-28T06:52:42.000+00:00
Air Jordan XXXVIII,gen_608580955,2,negative,Wouldn't buy again,Been playing for 15 years and Weak outdoor suitability and a heel that is less stable than the front of the shoe. Disappointed overall.,Wouldn't buy again. Been playing for 15 years and Weak outdoor suitability and a heel that is less stable than the front of the shoe. Disappointed overall,wouldn't buy again been playing for 15 years and weak outdoor suitability and a heel that is less stable than the front of the shoe disappointed overall,27,https://runrepeat.com/air-jordan-xxxviii,gen_426014,2024-04-26T06:52:42.000+00:00
Air Jordan XXXVIII,gen_334957089,5,positive,strong impact protection,Tried these on a whim and they're now my go-to. Great traction even through dust. Strong impact protection. Doesn't slow you down. Sizing is spot on.,strong impact protection. Tried these on a whim and they're now my go-to. Great traction even through dust. Strong impact protection. Doesn't slow you down. Sizing is spot on,strong impact protection tried these on a whim and they're now my go to great traction even through dust strong impact protection doesn't slow you down sizing is spot on,30,https://runrepeat.com/air-jordan-xxxviii,gen_426014,2025-11-22T06:52:42.000+00:00
Air Jordan XXXVIII,gen_94692708,4,positive,Love these shoes,"For rec league ball, A grounded ride. Great traction even through dust. Doesn't slow you down. Ordered my normal size and it fits perfectly. Super secure fit. Game changer for me.","Love these shoes. For rec league ball, A grounded ride. Great traction even through dust. Doesn't slow you down. Ordered my normal size and it fits perfectly. Super secure fit. Game changer for me",love these shoes for rec league ball a grounded ride great traction even through dust doesn't slow you down ordered my normal size and it fits perfectly super secure fit game changer for me,34,https://runrepeat.com/air-jordan-xxxviii,gen_426014,2024-06-02T06:52:42.000+00:00
Air Jordan XXXVIII,gen_112267008,4,positive,Highly recommend,Been playing for 15 years and And durability. Strong impact protection. Feels almost weightless on foot. Foot doesn't move at all. Would buy again.,Highly recommend. Been playing for 15 years and And durability. Strong impact protection. Feels almost weightless on foot. Foot doesn't move at all. Would buy again,highly recommend been playing for 15 years and and durability strong impact protection feels almost weightless on foot foot doesn't move at all would buy again,26,https://runrepeat.com/air-jordan-xxxviii,gen_426014,2024-09-01T06:52:42.000+00:00
Air Jordan XXXVIII,gen_336546914,5,positive,Love these shoes,A grounded ride. Strong impact protection. Feels almost weightless on foot. Super secure fit.,Love these shoes. A grounded ride. Strong impact protection. Feels almost weightless on foot. Super secure fit,love these shoes a grounded ride strong impact protection feels almost weightless on foot super secure fit,17,https://runrepeat.com/air-jordan-xxxviii,gen_426014,2024-08-29T06:52:42.000+00:00
Air Jordan XXXVIII,gen_892389064,4,positive,Best on the court,Tried these on a whim and they're now my go-to. Relatively low weight for its class. Secure containment. Doesn't slow you down. Sizing is spot on. Highly recommend.,Best on the court. Tried these on a whim and they're now my go-to. Relatively low weight for its class. Secure containment. Doesn't slow you down. Sizing is spot on. Highly recommend,best on the court tried these on a whim and they're now my go to relatively low weight for its class secure containment doesn't slow you down sizing is spot on highly recommend,33,https://runrepeat.com/air-jordan-xxxviii,gen_426014,2025-05-07T06:52:42.000+00:00
Air Jordan XXXVIII,gen_146403707,4,positive,Love these shoes,Been playing for 15 years and A grounded ride. Relatively low weight for its class. Super lightweight. No heel slip whatsoever. Highly recommend.,Love these shoes. Been playing for 15 years and A grounded ride. Relatively low weight for its class. Super lightweight. No heel slip whatsoever. Highly recommend,love these shoes been playing for 15 years and a grounded ride relatively low weight for its class super lightweight no heel slip whatsoever highly recommend,26,https://runrepeat.com/air-jordan-xxxviii,gen_426014,2024-11-02T06:52:42.000+00:00
Air Jordan XXXVIII,gen_312071594,5,positive,Worth it,"As a competitive player, Strong impact protection. Relatively low weight for its class. Super lightweight. Best shoe I've played in this year.","Worth it. As a competitive player, Strong impact protection. Relatively low weight for its class. Super lightweight. Best shoe I've played in this year",worth it as a competitive player strong impact protection relatively low weight for its class super lightweight best shoe i've played in this year,24,https://runrepeat.com/air-jordan-xxxviii,gen_426014,2024-10-19T06:52:42.000+00:00
Air Jordan XXXVIII,gen_240350007,3,neutral,Decent but not perfect,"Secure containment. However, weak outdoor suitability and a heel that is less stable than the front of the shoe. Needed about a week to feel natural","Decent but not perfect. Secure containment. However, weak outdoor suitability and a heel that is less stable than the front of the shoe. Needed about a week to feel natural",decent but not perfect secure containment however weak outdoor suitability and a heel that is less stable than the front of the shoe needed about a week to feel natural,30,https://runrepeat.com/air-jordan-xxxviii,gen_426014,2024-05-16T06:52:42.000+00:00
Air Jordan XXXVIII,gen_10164753,4,positive,relatively low weight for its class,I play D3 ball and Strong impact protection. Secure containment. Super lightweight. Super secure fit. Would buy again.,relatively low weight for its class. I play D3 ball and Strong impact protection. Secure containment. Super lightweight. Super secure fit. Would buy again,relatively low weight for its class i play d3 ball and strong impact protection secure containment super lightweight super secure fit would buy again,24,https://runrepeat.com/air-jordan-xxxviii,gen_426014,2026-02-16T06:52:42.000+00:00
Air Jordan XXXVIII,gen_334777062,4,positive,Best on the court,Bought these for my son and Secure containment. A grounded ride. Doesn't slow you down. Fits true to size.,Best on the court. Bought these for my son and Secure containment. A grounded ride. Doesn't slow you down. Fits true to size,best on the court bought these for my son and secure containment a grounded ride doesn't slow you down fits true to size,23,https://runrepeat.com/air-jordan-xxxviii,gen_426014,2025-05-31T06:52:42.000+00:00
Air Jordan XXXVIII,gen_339906392,3,neutral,Decent but not perfect,"Tried these on a whim and they're now my go-to. Secure containment. However, weak outdoor suitability and a heel that is less stable than the front of the shoe. Needed about a week to feel natural","Decent but not perfect. Tried these on a whim and they're now my go-to. Secure containment. However, weak outdoor suitability and a heel that is less stable than the front of the shoe. Needed about a week to feel natural",decent but not perfect tried these on a whim and they're now my go to secure containment however weak outdoor suitability and a heel that is less stable than the front of the shoe needed about a week to feel natural,41,https://runrepeat.com/air-jordan-xxxviii,gen_426014,2024-08-18T06:52:42.000+00:00
Air Jordan XXXVIII,gen_163477504,5,positive,Love these shoes,Big sneaker collector here — And durability. Elite stability. Doesn't slow you down. Best shoe I've played in this year.,Love these shoes. Big sneaker collector here — And durability. Elite stability. Doesn't slow you down. Best shoe I've played in this year,love these shoes big sneaker collector here and durability elite stability doesn't slow you down best shoe i've played in this year,22,https://runrepeat.com/air-jordan-xxxviii,gen_426014,2025-01-10T06:52:42.000+00:00
Air Jordan XXXVIII,gen_733525410,4,positive,Love these shoes,Been wearing these for a few months now. Great traction even through dust. A grounded ride. Feels almost weightless on foot. Best shoe I've played in this year.,Love these shoes. Been wearing these for a few months now. Great traction even through dust. A grounded ride. Feels almost weightless on foot. Best shoe I've played in this year,love these shoes been wearing these for a few months now great traction even through dust a grounded ride feels almost weightless on foot best shoe i've played in this year,31,https://runrepeat.com/air-jordan-xxxviii,gen_426014,2025-08-11T06:52:42.000+00:00
Air Jordan XXXVIII,gen_554680511,5,positive,Love these shoes,Elite stability. Secure containment. Feels almost weightless on foot. Ordered my normal size and it fits perfectly. Highly recommend.,Love these shoes. Elite stability. Secure containment. Feels almost weightless on foot. Ordered my normal size and it fits perfectly. Highly recommend,love these shoes elite stability secure containment feels almost weightless on foot ordered my normal size and it fits perfectly highly recommend,22,https://runrepeat.com/air-jordan-xxxviii,gen_426014,2025-02-04T06:52:42.000+00:00
Air Jordan XXXVIII,gen_220363597,5,positive,Love these shoes,Bought these after my old pair died. And durability. Secure containment. Super lightweight. Best shoe I've played in this year.,Love these shoes. Bought these after my old pair died. And durability. Secure containment. Super lightweight. Best shoe I've played in this year,love these shoes bought these after my old pair died and durability secure containment super lightweight best shoe i've played in this year,23,https://runrepeat.com/air-jordan-xxxviii,gen_426014,2025-06-14T06:52:42.000+00:00
Air Jordan XXXVIII,gen_804317957,3,neutral,Has its pros and cons,"A grounded ride. However, weak outdoor suitability and a heel that is less stable than the front of the shoe. Needed about a week to feel natural","Has its pros and cons. A grounded ride. However, weak outdoor suitability and a heel that is less stable than the front of the shoe. Needed about a week to feel natural",has its pros and cons a grounded ride however weak outdoor suitability and a heel that is less stable than the front of the shoe needed about a week to feel natural,32,https://runrepeat.com/air-jordan-xxxviii,gen_426014,2025-05-26T06:52:42.000+00:00
Air Jordan XXXVIII,gen_817869031,4,positive,Highly recommend,A grounded ride. Relatively low weight for its class. Super lightweight. Ordered my normal size and it fits perfectly.,Highly recommend. A grounded ride. Relatively low weight for its class. Super lightweight. Ordered my normal size and it fits perfectly,highly recommend a grounded ride relatively low weight for its class super lightweight ordered my normal size and it fits perfectly,21,https://runrepeat.com/air-jordan-xxxviii,gen_426014,2025-02-20T06:52:42.000+00:00
Air Jordan XXXVIII,gen_56014119,5,positive,Worth it,My kid loves these shoes. Strong impact protection. Great traction even through dust. Feels almost weightless on foot. Sizing is spot on.,Worth it. My kid loves these shoes. Strong impact protection. Great traction even through dust. Feels almost weightless on foot. Sizing is spot on,worth it my kid loves these shoes strong impact protection great traction even through dust feels almost weightless on foot sizing is spot on,24,https://runrepeat.com/air-jordan-xxxviii,gen_426014,2025-06-04T06:52:42.000+00:00
Nike Cosmic Unity 2,gen_200320379,3,neutral,Okay shoe overall,"Decent court feel. However, average support. Takes a few sessions to break in","Okay shoe overall. Decent court feel. However, average support. Takes a few sessions to break in",okay shoe overall decent court feel however average support takes a few sessions to break in,16,https://runrepeat.com/nike-cosmic-unity-2,gen_884446,2026-02-05T06:52:42.000+00:00
Nike Cosmic Unity 2,gen_56672848,5,positive,Highly recommend,Bounce. Decent court feel. Super lightweight. No heel slip whatsoever. Best shoe I've played in this year.,Highly recommend. Bounce. Decent court feel. Super lightweight. No heel slip whatsoever. Best shoe I've played in this year,highly recommend bounce decent court feel super lightweight no heel slip whatsoever best shoe i've played in this year,19,https://runrepeat.com/nike-cosmic-unity-2,gen_884446,2024-08-30T06:52:42.000+00:00
Nike Cosmic Unity 2,gen_105867061,4,positive,Great basketball shoe,"For rec league ball, Impact protection. Bounce. Feels almost weightless on foot. Sizing is spot on. Foot doesn't move at all.","Great basketball shoe. For rec league ball, Impact protection. Bounce. Feels almost weightless on foot. Sizing is spot on. Foot doesn't move at all",great basketball shoe for rec league ball impact protection bounce feels almost weightless on foot sizing is spot on foot doesn't move at all,24,https://runrepeat.com/nike-cosmic-unity-2,gen_884446,2026-02-06T06:52:42.000+00:00
Nike Cosmic Unity 2,gen_354633086,5,positive,impact protection,Bounce. Impact protection. Doesn't slow you down. Fits true to size. Best shoe I've played in this year.,impact protection. Bounce. Impact protection. Doesn't slow you down. Fits true to size. Best shoe I've played in this year,impact protection bounce impact protection doesn't slow you down fits true to size best shoe i've played in this year,20,https://runrepeat.com/nike-cosmic-unity-2,gen_884446,2024-06-15T06:52:42.000+00:00
Nike Cosmic Unity 2,gen_147600969,4,positive,Best on the court,Transition smoothness. Traction. Doesn't slow you down. Super secure fit.,Best on the court. Transition smoothness. Traction. Doesn't slow you down. Super secure fit,best on the court transition smoothness traction doesn't slow you down super secure fit,14,https://runrepeat.com/nike-cosmic-unity-2,gen_884446,2025-01-21T06:52:42.000+00:00
Nike Cosmic Unity 2,gen_126396079,3,neutral,Good not great,"As a competitive player, Decent court feel. However, average support. Stiff at first but loosens up nicely","Good not great. As a competitive player, Decent court feel. However, average support. Stiff at first but loosens up nicely",good not great as a competitive player decent court feel however average support stiff at first but loosens up nicely,20,https://runrepeat.com/nike-cosmic-unity-2,gen_884446,2025-10-01T06:52:42.000+00:00
Nike Cosmic Unity 2,gen_447904504,5,positive,Worth it,Got these for my daughter and Traction. Transition smoothness. Super lightweight.,Worth it. Got these for my daughter and Traction. Transition smoothness. Super lightweight,worth it got these for my daughter and traction transition smoothness super lightweight,13,https://runrepeat.com/nike-cosmic-unity-2,gen_884446,2026-03-04T06:52:42.000+00:00
Nike Cosmic Unity 2,gen_128678787,4,positive,Best on the court,Traction. Bounce. Feels almost weightless on foot.,Best on the court. Traction. Bounce. Feels almost weightless on foot,best on the court traction bounce feels almost weightless on foot,11,https://runrepeat.com/nike-cosmic-unity-2,gen_884446,2025-05-23T06:52:42.000+00:00
Nike Cosmic Unity 2,gen_991702124,5,positive,Best on the court,As a coach I've seen a lot of shoes and Comfort. Traction. Doesn't slow you down. Fits true to size.,Best on the court. As a coach I've seen a lot of shoes and Comfort. Traction. Doesn't slow you down. Fits true to size,best on the court as a coach i've seen a lot of shoes and comfort traction doesn't slow you down fits true to size,24,https://runrepeat.com/nike-cosmic-unity-2,gen_884446,2024-10-25T06:52:42.000+00:00
Nike Cosmic Unity 2,gen_186962114,2,negative,A narrow fit,Just finished my third week in these. A narrow fit. Average support. Disappointed overall.,A narrow fit. Just finished my third week in these. A narrow fit. Average support. Disappointed overall,a narrow fit just finished my third week in these a narrow fit average support disappointed overall,17,https://runrepeat.com/nike-cosmic-unity-2,gen_884446,2025-01-01T06:52:42.000+00:00
Nike Cosmic Unity 2,gen_158397886,4,positive,Worth it,Needed a new pair for the season and these delivered. Impact protection. Decent court feel. Doesn't slow you down.,Worth it. Needed a new pair for the season and these delivered. Impact protection. Decent court feel. Doesn't slow you down,worth it needed a new pair for the season and these delivered impact protection decent court feel doesn't slow you down,21,https://runrepeat.com/nike-cosmic-unity-2,gen_884446,2026-04-01T06:52:42.000+00:00
Nike Cosmic Unity 2,gen_43936146,4,positive,Best on the court,My kid loves these shoes. Traction. And value. Super lightweight. Fits true to size. Foot doesn't move at all. One of my favorite basketball shoes.,Best on the court. My kid loves these shoes. Traction. And value. Super lightweight. Fits true to size. Foot doesn't move at all. One of my favorite basketball shoes,best on the court my kid loves these shoes traction and value super lightweight fits true to size foot doesn't move at all one of my favorite basketball shoes,29,https://runrepeat.com/nike-cosmic-unity-2,gen_884446,2024-10-24T06:52:42.000+00:00
Nike Cosmic Unity 2,gen_556284967,4,positive,Worth it,Impact protection. Comfort. Doesn't slow you down. Fits true to size. Foot doesn't move at all. Best shoe I've played in this year.,Worth it. Impact protection. Comfort. Doesn't slow you down. Fits true to size. Foot doesn't move at all. Best shoe I've played in this year,worth it impact protection comfort doesn't slow you down fits true to size foot doesn't move at all best shoe i've played in this year,25,https://runrepeat.com/nike-cosmic-unity-2,gen_884446,2024-08-14T06:52:42.000+00:00
Nike Cosmic Unity 2,gen_70322235,4,positive,Great basketball shoe,Impact protection. And value. Super lightweight. Foot doesn't move at all. One of my favorite basketball shoes.,Great basketball shoe. Impact protection. And value. Super lightweight. Foot doesn't move at all. One of my favorite basketball shoes,great basketball shoe impact protection and value super lightweight foot doesn't move at all one of my favorite basketball shoes,20,https://runrepeat.com/nike-cosmic-unity-2,gen_884446,2025-08-27T06:52:42.000+00:00
Nike Cosmic Unity 2,gen_773559145,4,positive,transition smoothness,My kid loves these shoes. Traction. Decent court feel. Super lightweight. Ordered my normal size and it fits perfectly. Highly recommend.,transition smoothness. My kid loves these shoes. Traction. Decent court feel. Super lightweight. Ordered my normal size and it fits perfectly. Highly recommend,transition smoothness my kid loves these shoes traction decent court feel super lightweight ordered my normal size and it fits perfectly highly recommend,23,https://runrepeat.com/nike-cosmic-unity-2,gen_884446,2025-01-20T06:52:42.000+00:00
Nike Cosmic Unity 2,gen_909415694,4,positive,Solid performance shoe,Been playing for 15 years and Bounce. Traction. Super lightweight. Best shoe I've played in this year.,Solid performance shoe. Been playing for 15 years and Bounce. Traction. Super lightweight. Best shoe I've played in this year,solid performance shoe been playing for 15 years and bounce traction super lightweight best shoe i've played in this year,20,https://runrepeat.com/nike-cosmic-unity-2,gen_884446,2025-12-19T06:52:42.000+00:00
Nike Cosmic Unity 2,gen_89916916,4,positive,transition smoothness,Been playing for 15 years and Comfort. Bounce. Feels almost weightless on foot. Foot doesn't move at all. Highly recommend.,transition smoothness. Been playing for 15 years and Comfort. Bounce. Feels almost weightless on foot. Foot doesn't move at all. Highly recommend,transition smoothness been playing for 15 years and comfort bounce feels almost weightless on foot foot doesn't move at all highly recommend,22,https://runrepeat.com/nike-cosmic-unity-2,gen_884446,2024-11-19T06:52:42.000+00:00
Nike Cosmic Unity 2,gen_680429367,5,positive,Solid performance shoe,Traction. And value. Feels almost weightless on foot.,Solid performance shoe. Traction. And value. Feels almost weightless on foot,solid performance shoe traction and value feels almost weightless on foot,11,https://runrepeat.com/nike-cosmic-unity-2,gen_884446,2025-04-24T06:52:42.000+00:00
Nike Cosmic Unity 2,gen_52941625,5,positive,Love these shoes,Impact protection. Transition smoothness. Doesn't slow you down. Ordered my normal size and it fits perfectly.,Love these shoes. Impact protection. Transition smoothness. Doesn't slow you down. Ordered my normal size and it fits perfectly,love these shoes impact protection transition smoothness doesn't slow you down ordered my normal size and it fits perfectly,19,https://runrepeat.com/nike-cosmic-unity-2,gen_884446,2026-04-06T06:52:42.000+00:00
Nike Cosmic Unity 2,gen_281591613,4,positive,Worth it,Bought these for my son and Transition smoothness. Bounce. Super lightweight. Fits true to size. No heel slip whatsoever.,Worth it. Bought these for my son and Transition smoothness. Bounce. Super lightweight. Fits true to size. No heel slip whatsoever,worth it bought these for my son and transition smoothness bounce super lightweight fits true to size no heel slip whatsoever,21,https://runrepeat.com/nike-cosmic-unity-2,gen_884446,2026-02-19T06:52:42.000+00:00
Jordan Tatum 1,gen_236836574,4,positive,Love these shoes,Tried these on a whim and they're now my go-to. Grippy forefoot rubber. Low weight. Feels almost weightless on foot. Sizing is spot on.,Love these shoes. Tried these on a whim and they're now my go-to. Grippy forefoot rubber. Low weight. Feels almost weightless on foot. Sizing is spot on,love these shoes tried these on a whim and they're now my go to grippy forefoot rubber low weight feels almost weightless on foot sizing is spot on,28,https://runrepeat.com/jordan-tatum-1,gen_854748,2025-10-31T06:52:42.000+00:00
Jordan Tatum 1,gen_303401506,4,positive,Great basketball shoe,I play pickup 3x a week and Grippy forefoot rubber. Bouncy forefoot response. Super lightweight. Sizing is spot on. Best shoe I've played in this year.,Great basketball shoe. I play pickup 3x a week and Grippy forefoot rubber. Bouncy forefoot response. Super lightweight. Sizing is spot on. Best shoe I've played in this year,great basketball shoe i play pickup 3x a week and grippy forefoot rubber bouncy forefoot response super lightweight sizing is spot on best shoe i've played in this year,29,https://runrepeat.com/jordan-tatum-1,gen_854748,2025-01-27T06:52:42.000+00:00
Jordan Tatum 1,gen_858358535,4,positive,low weight,Tried these on a whim and they're now my go-to. Bouncy forefoot response. Excellent court feel. Super lightweight. Ordered my normal size and it fits perfectly. Stays locked through cuts.,low weight. Tried these on a whim and they're now my go-to. Bouncy forefoot response. Excellent court feel. Super lightweight. Ordered my normal size and it fits perfectly. Stays locked through cuts,low weight tried these on a whim and they're now my go to bouncy forefoot response excellent court feel super lightweight ordered my normal size and it fits perfectly stays locked through cuts,33,https://runrepeat.com/jordan-tatum-1,gen_854748,2026-01-14T06:52:42.000+00:00
Jordan Tatum 1,gen_689799790,4,positive,Solid performance shoe,I own about 30 pairs of basketball shoes and And a good balance of durability and breathability. Low weight. Super lightweight. Fits true to size.,Solid performance shoe. I own about 30 pairs of basketball shoes and And a good balance of durability and breathability. Low weight. Super lightweight. Fits true to size,solid performance shoe i own about 30 pairs of basketball shoes and and a good balance of durability and breathability low weight super lightweight fits true to size,28,https://runrepeat.com/jordan-tatum-1,gen_854748,2025-07-07T06:52:42.000+00:00
Jordan Tatum 1,gen_189314445,3,neutral,Okay shoe overall,"For rec league ball, Low weight. However, and limited outdoor suitability. Stiff at first but loosens up nicely","Okay shoe overall. For rec league ball, Low weight. However, and limited outdoor suitability. Stiff at first but loosens up nicely",okay shoe overall for rec league ball low weight however and limited outdoor suitability stiff at first but loosens up nicely,21,https://runrepeat.com/jordan-tatum-1,gen_854748,2025-05-21T06:52:42.000+00:00
Jordan Tatum 1,gen_909597645,3,neutral,Mixed feelings,"Excellent court feel. However, weak stability. Stiff at first but loosens up nicely","Mixed feelings. Excellent court feel. However, weak stability. Stiff at first but loosens up nicely",mixed feelings excellent court feel however weak stability stiff at first but loosens up nicely,15,https://runrepeat.com/jordan-tatum-1,gen_854748,2025-02-14T06:52:42.000+00:00
Jordan Tatum 1,gen_484861059,4,positive,Worth it,Grippy forefoot rubber. Bouncy forefoot response. Doesn't slow you down. Fits true to size. Highly recommend.,Worth it. Grippy forefoot rubber. Bouncy forefoot response. Doesn't slow you down. Fits true to size. Highly recommend,worth it grippy forefoot rubber bouncy forefoot response doesn't slow you down fits true to size highly recommend,18,https://runrepeat.com/jordan-tatum-1,gen_854748,2025-08-22T06:52:42.000+00:00
Jordan Tatum 1,gen_905246372,5,positive,Solid performance shoe,My kid loves these shoes. Bouncy forefoot response. Excellent court feel. Super lightweight. Game changer for me.,Solid performance shoe. My kid loves these shoes. Bouncy forefoot response. Excellent court feel. Super lightweight. Game changer for me,solid performance shoe my kid loves these shoes bouncy forefoot response excellent court feel super lightweight game changer for me,20,https://runrepeat.com/jordan-tatum-1,gen_854748,2025-09-15T06:52:42.000+00:00
Jordan Tatum 1,gen_79743347,4,positive,Best on the court,Bought these for the season and have no regrets. And a good balance of durability and breathability. Excellent court feel. Feels almost weightless on foot. Super secure fit.,Best on the court. Bought these for the season and have no regrets. And a good balance of durability and breathability. Excellent court feel. Feels almost weightless on foot. Super secure fit,best on the court bought these for the season and have no regrets and a good balance of durability and breathability excellent court feel feels almost weightless on foot super secure fit,32,https://runrepeat.com/jordan-tatum-1,gen_854748,2024-12-09T06:52:42.000+00:00
Jordan Tatum 1,gen_625862055,4,positive,Solid performance shoe,Bought these after my old pair died. Excellent court feel. Grippy forefoot rubber. Feels almost weightless on foot. Fits true to size. Would buy again.,Solid performance shoe. Bought these after my old pair died. Excellent court feel. Grippy forefoot rubber. Feels almost weightless on foot. Fits true to size. Would buy again,solid performance shoe bought these after my old pair died excellent court feel grippy forefoot rubber feels almost weightless on foot fits true to size would buy again,28,https://runrepeat.com/jordan-tatum-1,gen_854748,2025-01-09T06:52:42.000+00:00
Jordan Tatum 1,gen_547552546,5,positive,Great basketball shoe,Game-tested these for about 10 sessions. Excellent court feel. Bouncy forefoot response. Feels almost weightless on foot.,Great basketball shoe. Game-tested these for about 10 sessions. Excellent court feel. Bouncy forefoot response. Feels almost weightless on foot,great basketball shoe game tested these for about 10 sessions excellent court feel bouncy forefoot response feels almost weightless on foot,21,https://runrepeat.com/jordan-tatum-1,gen_854748,2024-11-22T06:52:42.000+00:00
Jordan Tatum 1,gen_903981447,3,neutral,Good not great,"And a good balance of durability and breathability. However, weak stability. Needed about a week to feel natural","Good not great. And a good balance of durability and breathability. However, weak stability. Needed about a week to feel natural",good not great and a good balance of durability and breathability however weak stability needed about a week to feel natural,21,https://runrepeat.com/jordan-tatum-1,gen_854748,2024-05-26T06:52:42.000+00:00
Jordan Tatum 1,gen_278215870,3,neutral,Good not great,"As a casual hooper, Excellent court feel. However, and limited outdoor suitability. Needed about a week to feel natural","Good not great. As a casual hooper, Excellent court feel. However, and limited outdoor suitability. Needed about a week to feel natural",good not great as a casual hooper excellent court feel however and limited outdoor suitability needed about a week to feel natural,22,https://runrepeat.com/jordan-tatum-1,gen_854748,2024-09-23T06:52:42.000+00:00
Jordan Tatum 1,gen_888635244,5,positive,Best on the court,Just finished my third week in these. And a good balance of durability and breathability. Low weight. Feels almost weightless on foot. Ordered my normal size and it fits perfectly. Stays locked through cuts. Would buy again.,Best on the court. Just finished my third week in these. And a good balance of durability and breathability. Low weight. Feels almost weightless on foot. Ordered my normal size and it fits perfectly. Stays locked through cuts. Would buy again,best on the court just finished my third week in these and a good balance of durability and breathability low weight feels almost weightless on foot ordered my normal size and it fits perfectly stays locked through cuts would buy again,41,https://runrepeat.com/jordan-tatum-1,gen_854748,2024-10-16T06:52:42.000+00:00
Jordan Tatum 1,gen_111776928,4,positive,Solid performance shoe,Been playing for 15 years and Excellent court feel. Bouncy forefoot response. Doesn't slow you down. Would buy again.,Solid performance shoe. Been playing for 15 years and Excellent court feel. Bouncy forefoot response. Doesn't slow you down. Would buy again,solid performance shoe been playing for 15 years and excellent court feel bouncy forefoot response doesn't slow you down would buy again,22,https://runrepeat.com/jordan-tatum-1,gen_854748,2025-06-19T06:52:42.000+00:00
Jordan Tatum 1,gen_938332484,4,positive,Great basketball shoe,Low weight. Grippy forefoot rubber. Super lightweight. No heel slip whatsoever.,Great basketball shoe. Low weight. Grippy forefoot rubber. Super lightweight. No heel slip whatsoever,great basketball shoe low weight grippy forefoot rubber super lightweight no heel slip whatsoever,14,https://runrepeat.com/jordan-tatum-1,gen_854748,2025-08-17T06:52:42.000+00:00
Jordan Tatum 1,gen_338249266,5,positive,bouncy forefoot response,Just finished my third week in these. Low weight. Excellent court feel. Super lightweight. Sizing is spot on. No heel slip whatsoever. Best shoe I've played in this year.,bouncy forefoot response. Just finished my third week in these. Low weight. Excellent court feel. Super lightweight. Sizing is spot on. No heel slip whatsoever. Best shoe I've played in this year,bouncy forefoot response just finished my third week in these low weight excellent court feel super lightweight sizing is spot on no heel slip whatsoever best shoe i've played in this year,32,https://runrepeat.com/jordan-tatum-1,gen_854748,2024-06-03T06:52:42.000+00:00
Jordan Tatum 1,gen_816591974,5,positive,Highly recommend,As a coach I've seen a lot of shoes and Excellent court feel. Grippy forefoot rubber. Doesn't slow you down. Sizing is spot on.,Highly recommend. As a coach I've seen a lot of shoes and Excellent court feel. Grippy forefoot rubber. Doesn't slow you down. Sizing is spot on,highly recommend as a coach i've seen a lot of shoes and excellent court feel grippy forefoot rubber doesn't slow you down sizing is spot on,26,https://runrepeat.com/jordan-tatum-1,gen_854748,2024-08-18T06:52:42.000+00:00
Jordan Tatum 1,gen_362611321,3,neutral,Mixed feelings,"Really happy with this purchase. And a good balance of durability and breathability. However, and limited outdoor suitability. Decent shoe overall but nothing special.","Mixed feelings. Really happy with this purchase. And a good balance of durability and breathability. However, and limited outdoor suitability. Decent shoe overall but nothing special",mixed feelings really happy with this purchase and a good balance of durability and breathability however and limited outdoor suitability decent shoe overall but nothing special,26,https://runrepeat.com/jordan-tatum-1,gen_854748,2025-11-16T06:52:42.000+00:00
Jordan Tatum 1,gen_837761348,5,positive,Grippy forefoot rubber,Grippy forefoot rubber. Bouncy forefoot response. Feels almost weightless on foot. Sizing is spot on. Game changer for me.,Grippy forefoot rubber. Grippy forefoot rubber. Bouncy forefoot response. Feels almost weightless on foot. Sizing is spot on. Game changer for me,grippy forefoot rubber grippy forefoot rubber bouncy forefoot response feels almost weightless on foot sizing is spot on game changer for me,22,https://runrepeat.com/jordan-tatum-1,gen_854748,2025-06-28T06:52:42.000+00:00
New Balance Fresh Foam BB,gen_563007680,4,positive,Great basketball shoe,"For rec league ball, Plush heel cushioning. Containment. Super lightweight. Game changer for me.","Great basketball shoe. For rec league ball, Plush heel cushioning. Containment. Super lightweight. Game changer for me",great basketball shoe for rec league ball plush heel cushioning containment super lightweight game changer for me,17,https://runrepeat.com/new-balance-fresh-foam-bb,gen_122260,2024-09-25T06:52:42.000+00:00
New Balance Fresh Foam BB,gen_422479773,5,positive,and stable transitions,"Compared to my other pairs, Containment. Clean-court grip. Doesn't slow you down. Ordered my normal size and it fits perfectly. Highly recommend.","and stable transitions. Compared to my other pairs, Containment. Clean-court grip. Doesn't slow you down. Ordered my normal size and it fits perfectly. Highly recommend",and stable transitions compared to my other pairs containment clean court grip doesn't slow you down ordered my normal size and it fits perfectly highly recommend,26,https://runrepeat.com/new-balance-fresh-foam-bb,gen_122260,2025-08-21T06:52:42.000+00:00
New Balance Fresh Foam BB,gen_802750008,5,positive,Best on the court,These shoes are solid. A surprisingly light feel. Containment. Feels almost weightless on foot.,Best on the court. These shoes are solid. A surprisingly light feel. Containment. Feels almost weightless on foot,best on the court these shoes are solid a surprisingly light feel containment feels almost weightless on foot,18,https://runrepeat.com/new-balance-fresh-foam-bb,gen_122260,2024-07-18T06:52:42.000+00:00
New Balance Fresh Foam BB,gen_564952172,4,positive,Worth it,I play pickup 3x a week and Clean-court grip. A surprisingly light feel. Super lightweight. Sizing is spot on.,Worth it. I play pickup 3x a week and Clean-court grip. A surprisingly light feel. Super lightweight. Sizing is spot on,worth it i play pickup 3x a week and clean court grip a surprisingly light feel super lightweight sizing is spot on,22,https://runrepeat.com/new-balance-fresh-foam-bb,gen_122260,2025-08-06T06:52:42.000+00:00
New Balance Fresh Foam BB,gen_148706929,4,positive,a surprisingly light feel,Bought these for my son and A surprisingly light feel. Containment. Super lightweight. Ordered my normal size and it fits perfectly. Would buy again.,a surprisingly light feel. Bought these for my son and A surprisingly light feel. Containment. Super lightweight. Ordered my normal size and it fits perfectly. Would buy again,a surprisingly light feel bought these for my son and a surprisingly light feel containment super lightweight ordered my normal size and it fits perfectly would buy again,28,https://runrepeat.com/new-balance-fresh-foam-bb,gen_122260,2025-09-20T06:52:42.000+00:00
New Balance Fresh Foam BB,gen_316473605,4,positive,and stable transitions,A surprisingly light feel. Plush heel cushioning. Feels almost weightless on foot. Stays locked through cuts. Would buy again.,and stable transitions. A surprisingly light feel. Plush heel cushioning. Feels almost weightless on foot. Stays locked through cuts. Would buy again,and stable transitions a surprisingly light feel plush heel cushioning feels almost weightless on foot stays locked through cuts would buy again,22,https://runrepeat.com/new-balance-fresh-foam-bb,gen_122260,2025-06-02T06:52:42.000+00:00
New Balance Fresh Foam BB,gen_93293152,5,positive,Great basketball shoe,Tried these on a whim and they're now my go-to. Plush heel cushioning. Containment. Super lightweight. Ordered my normal size and it fits perfectly. Game changer for me.,Great basketball shoe. Tried these on a whim and they're now my go-to. Plush heel cushioning. Containment. Super lightweight. Ordered my normal size and it fits perfectly. Game changer for me,great basketball shoe tried these on a whim and they're now my go to plush heel cushioning containment super lightweight ordered my normal size and it fits perfectly game changer for me,32,https://runrepeat.com/new-balance-fresh-foam-bb,gen_122260,2025-04-17T06:52:42.000+00:00
New Balance Fresh Foam BB,gen_363241883,3,neutral,Good not great,"As a competitive player, Plush heel cushioning. However, a narrow fit and ventilation issues. Stiff at first but loosens up nicely","Good not great. As a competitive player, Plush heel cushioning. However, a narrow fit and ventilation issues. Stiff at first but loosens up nicely",good not great as a competitive player plush heel cushioning however a narrow fit and ventilation issues stiff at first but loosens up nicely,24,https://runrepeat.com/new-balance-fresh-foam-bb,gen_122260,2024-09-26T06:52:42.000+00:00
New Balance Fresh Foam BB,gen_475931890,5,positive,Highly recommend,Really happy with this purchase. Clean-court grip. Containment. Feels almost weightless on foot. Sizing is spot on. Game changer for me.,Highly recommend. Really happy with this purchase. Clean-court grip. Containment. Feels almost weightless on foot. Sizing is spot on. Game changer for me,highly recommend really happy with this purchase clean court grip containment feels almost weightless on foot sizing is spot on game changer for me,24,https://runrepeat.com/new-balance-fresh-foam-bb,gen_122260,2026-01-06T06:52:42.000+00:00
New Balance Fresh Foam BB,gen_437357154,2,negative,A narrow fit and ventilation issues,Just finished my third week in these. A narrow fit and ventilation issues. Wouldn't buy again.,A narrow fit and ventilation issues. Just finished my third week in these. A narrow fit and ventilation issues. Wouldn't buy again,a narrow fit and ventilation issues just finished my third week in these a narrow fit and ventilation issues wouldn't buy again,22,https://runrepeat.com/new-balance-fresh-foam-bb,gen_122260,2025-08-14T06:52:42.000+00:00
New Balance Fresh Foam BB,gen_419246033,3,neutral,Okay shoe overall,"Tried these on a whim and they're now my go-to. Plush heel cushioning. However, a narrow fit and ventilation issues. Needed about a week to feel natural","Okay shoe overall. Tried these on a whim and they're now my go-to. Plush heel cushioning. However, a narrow fit and ventilation issues. Needed about a week to feel natural",okay shoe overall tried these on a whim and they're now my go to plush heel cushioning however a narrow fit and ventilation issues needed about a week to feel natural,31,https://runrepeat.com/new-balance-fresh-foam-bb,gen_122260,2025-09-03T06:52:42.000+00:00
New Balance Fresh Foam BB,gen_236493193,5,positive,Worth it,Been playing for 15 years and Plush heel cushioning. Clean-court grip. Doesn't slow you down. Sizing is spot on. Best shoe I've played in this year.,Worth it. Been playing for 15 years and Plush heel cushioning. Clean-court grip. Doesn't slow you down. Sizing is spot on. Best shoe I've played in this year,worth it been playing for 15 years and plush heel cushioning clean court grip doesn't slow you down sizing is spot on best shoe i've played in this year,29,https://runrepeat.com/new-balance-fresh-foam-bb,gen_122260,2025-10-08T06:52:42.000+00:00
New Balance Fresh Foam BB,gen_92745310,5,positive,Highly recommend,Containment. A surprisingly light feel. Doesn't slow you down. Super secure fit. One of my favorite basketball shoes.,Highly recommend. Containment. A surprisingly light feel. Doesn't slow you down. Super secure fit. One of my favorite basketball shoes,highly recommend containment a surprisingly light feel doesn't slow you down super secure fit one of my favorite basketball shoes,20,https://runrepeat.com/new-balance-fresh-foam-bb,gen_122260,2025-08-25T06:52:42.000+00:00
New Balance Fresh Foam BB,gen_504839166,4,positive,Best on the court,Got these for my daughter and Plush heel cushioning. A surprisingly light feel. Doesn't slow you down. Ordered my normal size and it fits perfectly. Best shoe I've played in this year.,Best on the court. Got these for my daughter and Plush heel cushioning. A surprisingly light feel. Doesn't slow you down. Ordered my normal size and it fits perfectly. Best shoe I've played in this year,best on the court got these for my daughter and plush heel cushioning a surprisingly light feel doesn't slow you down ordered my normal size and it fits perfectly best shoe i've played in this year,36,https://runrepeat.com/new-balance-fresh-foam-bb,gen_122260,2024-04-27T06:52:42.000+00:00
New Balance Fresh Foam BB,gen_581313940,4,positive,Best on the court,Got these for my daughter and Plush heel cushioning. A surprisingly light feel. Doesn't slow you down.,Best on the court. Got these for my daughter and Plush heel cushioning. A surprisingly light feel. Doesn't slow you down,best on the court got these for my daughter and plush heel cushioning a surprisingly light feel doesn't slow you down,21,https://runrepeat.com/new-balance-fresh-foam-bb,gen_122260,2025-09-05T06:52:42.000+00:00
New Balance Fresh Foam BB,gen_161112505,4,positive,Love these shoes,Tried these on a whim and they're now my go-to. Containment. And stable transitions. Super lightweight. Stays locked through cuts. Highly recommend.,Love these shoes. Tried these on a whim and they're now my go-to. Containment. And stable transitions. Super lightweight. Stays locked through cuts. Highly recommend,love these shoes tried these on a whim and they're now my go to containment and stable transitions super lightweight stays locked through cuts highly recommend,26,https://runrepeat.com/new-balance-fresh-foam-bb,gen_122260,2025-05-02T06:52:42.000+00:00
New Balance Fresh Foam BB,gen_124969398,4,positive,containment,Been playing for 15 years and Clean-court grip. A surprisingly light feel. Doesn't slow you down. Ordered my normal size and it fits perfectly. Stays locked through cuts. Would buy again.,containment. Been playing for 15 years and Clean-court grip. A surprisingly light feel. Doesn't slow you down. Ordered my normal size and it fits perfectly. Stays locked through cuts. Would buy again,containment been playing for 15 years and clean court grip a surprisingly light feel doesn't slow you down ordered my normal size and it fits perfectly stays locked through cuts would buy again,33,https://runrepeat.com/new-balance-fresh-foam-bb,gen_122260,2025-03-13T06:52:42.000+00:00
New Balance Fresh Foam BB,gen_108643941,5,positive,Worth it,"Bought these for several players on my team, A surprisingly light feel. And stable transitions. Super lightweight.","Worth it. Bought these for several players on my team, A surprisingly light feel. And stable transitions. Super lightweight",worth it bought these for several players on my team a surprisingly light feel and stable transitions super lightweight,19,https://runrepeat.com/new-balance-fresh-foam-bb,gen_122260,2025-11-26T06:52:42.000+00:00
New Balance Fresh Foam BB,gen_533952298,3,neutral,Okay shoe overall,"I own about 30 pairs of basketball shoes and And stable transitions. However, a narrow fit and ventilation issues. Stiff at first but loosens up nicely","Okay shoe overall. I own about 30 pairs of basketball shoes and And stable transitions. However, a narrow fit and ventilation issues. Stiff at first but loosens up nicely",okay shoe overall i own about 30 pairs of basketball shoes and and stable transitions however a narrow fit and ventilation issues stiff at first but loosens up nicely,29,https://runrepeat.com/new-balance-fresh-foam-bb,gen_122260,2024-08-29T06:52:42.000+00:00
New Balance Fresh Foam BB,gen_327251268,5,positive,Clean-court grip,Plush heel cushioning. And stable transitions. Super lightweight.,Clean-court grip. Plush heel cushioning. And stable transitions. Super lightweight,clean court grip plush heel cushioning and stable transitions super lightweight,11,https://runrepeat.com/new-balance-fresh-foam-bb,gen_122260,2025-10-19T06:52:42.000+00:00
New Balance TWO WXY v5,gen_585647419,5,positive,Worth it,I play pickup 3x a week and Versatility. Cushioning. Ordered my normal size and it fits perfectly. Stays locked through cuts. One of my favorite basketball shoes.,Worth it. I play pickup 3x a week and Versatility. Cushioning. Ordered my normal size and it fits perfectly. Stays locked through cuts. One of my favorite basketball shoes,worth it i play pickup 3x a week and versatility cushioning ordered my normal size and it fits perfectly stays locked through cuts one of my favorite basketball shoes,29,https://runrepeat.com/new-balance-two-wxy-v5,gen_528641,2026-01-15T06:52:42.000+00:00
New Balance TWO WXY v5,gen_107406255,5,positive,Great basketball shoe,Big sneaker collector here — Comfort. Cushioning. Ordered my normal size and it fits perfectly.,Great basketball shoe. Big sneaker collector here — Comfort. Cushioning. Ordered my normal size and it fits perfectly,great basketball shoe big sneaker collector here comfort cushioning ordered my normal size and it fits perfectly,17,https://runrepeat.com/new-balance-two-wxy-v5,gen_528641,2025-10-28T06:52:42.000+00:00
New Balance TWO WXY v5,gen_8961987,4,positive,Worth it,Cushioning. Containment. Best shoe I've played in this year.,Worth it. Cushioning. Containment. Best shoe I've played in this year,worth it cushioning containment best shoe i've played in this year,11,https://runrepeat.com/new-balance-two-wxy-v5,gen_528641,2025-10-23T06:52:42.000+00:00
New Balance TWO WXY v5,gen_126125139,3,neutral,Mixed feelings,"Comfort. However, a possible break-in period. Takes a few sessions to break in","Mixed feelings. Comfort. However, a possible break-in period. Takes a few sessions to break in",mixed feelings comfort however a possible break in period takes a few sessions to break in,16,https://runrepeat.com/new-balance-two-wxy-v5,gen_528641,2024-10-19T06:52:42.000+00:00
New Balance TWO WXY v5,gen_726743097,5,positive,Great basketball shoe,Been wearing these for a few months now. Versatility. And consistent grip. Fits true to size.,Great basketball shoe. Been wearing these for a few months now. Versatility. And consistent grip. Fits true to size,great basketball shoe been wearing these for a few months now versatility and consistent grip fits true to size,19,https://runrepeat.com/new-balance-two-wxy-v5,gen_528641,2024-08-03T06:52:42.000+00:00
New Balance TWO WXY v5,gen_760813358,5,positive,Solid performance shoe,Containment. A wide stable base. Super secure fit. Game changer for me.,Solid performance shoe. Containment. A wide stable base. Super secure fit. Game changer for me,solid performance shoe containment a wide stable base super secure fit game changer for me,15,https://runrepeat.com/new-balance-two-wxy-v5,gen_528641,2025-10-12T06:52:42.000+00:00
New Balance TWO WXY v5,gen_76044005,4,positive,Solid performance shoe,"For rec league ball, And consistent grip. A wide stable base. Best shoe I've played in this year.","Solid performance shoe. For rec league ball, And consistent grip. A wide stable base. Best shoe I've played in this year",solid performance shoe for rec league ball and consistent grip a wide stable base best shoe i've played in this year,21,https://runrepeat.com/new-balance-two-wxy-v5,gen_528641,2026-01-19T06:52:42.000+00:00
New Balance TWO WXY v5,gen_454909073,3,neutral,Has its pros and cons,"Versatility. However, limited ground feel. Needed about a week to feel natural","Has its pros and cons. Versatility. However, limited ground feel. Needed about a week to feel natural",has its pros and cons versatility however limited ground feel needed about a week to feel natural,17,https://runrepeat.com/new-balance-two-wxy-v5,gen_528641,2025-07-07T06:52:42.000+00:00
New Balance TWO WXY v5,gen_234151386,4,positive,Highly recommend,Finally pulled the trigger on these and glad I did. Comfort. And consistent grip. Sizing is spot on. Lockdown is excellent. Game changer for me.,Highly recommend. Finally pulled the trigger on these and glad I did. Comfort. And consistent grip. Sizing is spot on. Lockdown is excellent. Game changer for me,highly recommend finally pulled the trigger on these and glad i did comfort and consistent grip sizing is spot on lockdown is excellent game changer for me,27,https://runrepeat.com/new-balance-two-wxy-v5,gen_528641,2024-08-06T06:52:42.000+00:00
New Balance TWO WXY v5,gen_915437258,3,neutral,Mixed feelings,"Cushioning. However, and modest updates. Takes a few sessions to break in","Mixed feelings. Cushioning. However, and modest updates. Takes a few sessions to break in",mixed feelings cushioning however and modest updates takes a few sessions to break in,14,https://runrepeat.com/new-balance-two-wxy-v5,gen_528641,2024-10-29T06:52:42.000+00:00
New Balance TWO WXY v5,gen_496111148,2,negative,Not worth it,"As a casual hooper, And modest updates. A possible break-in period. Expected more.","Not worth it. As a casual hooper, And modest updates. A possible break-in period. Expected more",not worth it as a casual hooper and modest updates a possible break in period expected more,17,https://runrepeat.com/new-balance-two-wxy-v5,gen_528641,2025-06-05T06:52:42.000+00:00
New Balance TWO WXY v5,gen_235489206,4,positive,Great basketball shoe,Big sneaker collector here — Comfort. Lateral stability. Ordered my normal size and it fits perfectly. No heel slip whatsoever.,Great basketball shoe. Big sneaker collector here — Comfort. Lateral stability. Ordered my normal size and it fits perfectly. No heel slip whatsoever,great basketball shoe big sneaker collector here comfort lateral stability ordered my normal size and it fits perfectly no heel slip whatsoever,22,https://runrepeat.com/new-balance-two-wxy-v5,gen_528641,2024-11-02T06:52:42.000+00:00
New Balance TWO WXY v5,gen_148211317,5,positive,Highly recommend,"Compared to my other pairs, Containment. Lateral stability. Fits true to size.","Highly recommend. Compared to my other pairs, Containment. Lateral stability. Fits true to size",highly recommend compared to my other pairs containment lateral stability fits true to size,14,https://runrepeat.com/new-balance-two-wxy-v5,gen_528641,2026-02-07T06:52:42.000+00:00
New Balance TWO WXY v5,gen_236617874,5,positive,Highly recommend,"Bought these for several players on my team, Versatility. Containment. Sizing is spot on. Lockdown is excellent.","Highly recommend. Bought these for several players on my team, Versatility. Containment. Sizing is spot on. Lockdown is excellent",highly recommend bought these for several players on my team versatility containment sizing is spot on lockdown is excellent,19,https://runrepeat.com/new-balance-two-wxy-v5,gen_528641,2026-04-18T06:52:42.000+00:00
New Balance TWO WXY v5,gen_70835113,5,positive,Worth it,And consistent grip. Lateral stability. Sizing is spot on. Foot doesn't move at all. Best shoe I've played in this year.,Worth it. And consistent grip. Lateral stability. Sizing is spot on. Foot doesn't move at all. Best shoe I've played in this year,worth it and consistent grip lateral stability sizing is spot on foot doesn't move at all best shoe i've played in this year,23,https://runrepeat.com/new-balance-two-wxy-v5,gen_528641,2024-06-07T06:52:42.000+00:00
New Balance TWO WXY v5,gen_881622137,5,positive,Solid performance shoe,Cushioning. Lateral stability.,Solid performance shoe. Cushioning. Lateral stability,solid performance shoe cushioning lateral stability,6,https://runrepeat.com/new-balance-two-wxy-v5,gen_528641,2025-02-27T06:52:42.000+00:00
New Balance TWO WXY v5,gen_269284213,4,positive,Great basketball shoe,Just finished my third week in these. And consistent grip. Comfort. Fits true to size. Game changer for me.,Great basketball shoe. Just finished my third week in these. And consistent grip. Comfort. Fits true to size. Game changer for me,great basketball shoe just finished my third week in these and consistent grip comfort fits true to size game changer for me,22,https://runrepeat.com/new-balance-two-wxy-v5,gen_528641,2025-12-12T06:52:42.000+00:00
New Balance TWO WXY v5,gen_134826895,5,positive,Worth it,"As a competitive player, Containment. Lateral stability. One of my favorite basketball shoes.","Worth it. As a competitive player, Containment. Lateral stability. One of my favorite basketball shoes",worth it as a competitive player containment lateral stability one of my favorite basketball shoes,15,https://runrepeat.com/new-balance-two-wxy-v5,gen_528641,2025-11-02T06:52:42.000+00:00
New Balance TWO WXY v5,gen_884292988,4,positive,Love these shoes,As a coach I've seen a lot of shoes and Cushioning. Versatility. Fits true to size. Foot doesn't move at all.,Love these shoes. As a coach I've seen a lot of shoes and Cushioning. Versatility. Fits true to size. Foot doesn't move at all,love these shoes as a coach i've seen a lot of shoes and cushioning versatility fits true to size foot doesn't move at all,24,https://runrepeat.com/new-balance-two-wxy-v5,gen_528641,2024-10-01T06:52:42.000+00:00
New Balance TWO WXY v5,gen_527397542,5,positive,Solid performance shoe,"As a competitive player, Comfort. And consistent grip. Fits true to size. No heel slip whatsoever. Highly recommend.","Solid performance shoe. As a competitive player, Comfort. And consistent grip. Fits true to size. No heel slip whatsoever. Highly recommend",solid performance shoe as a competitive player comfort and consistent grip fits true to size no heel slip whatsoever highly recommend,21,https://runrepeat.com/new-balance-two-wxy-v5,gen_528641,2025-08-18T06:52:42.000+00:00
Jordan Tatum 2,gen_347884942,4,positive,Best on the court,"As a casual hooper, Secure fit. Strong court feel. Doesn't slow you down. No heel slip whatsoever. Would buy again.","Best on the court. As a casual hooper, Secure fit. Strong court feel. Doesn't slow you down. No heel slip whatsoever. Would buy again",best on the court as a casual hooper secure fit strong court feel doesn't slow you down no heel slip whatsoever would buy again,24,https://runrepeat.com/jordan-tatum-2,gen_441597,2024-08-14T06:52:42.000+00:00
Jordan Tatum 2,gen_56997177,5,positive,Love these shoes,"Compared to my other pairs, Strong court feel. Overall durability. Super lightweight. Best shoe I've played in this year.","Love these shoes. Compared to my other pairs, Strong court feel. Overall durability. Super lightweight. Best shoe I've played in this year",love these shoes compared to my other pairs strong court feel overall durability super lightweight best shoe i've played in this year,22,https://runrepeat.com/jordan-tatum-2,gen_441597,2025-10-31T06:52:42.000+00:00
Jordan Tatum 2,gen_947787523,4,positive,Love these shoes,Bought these for my son and And style. Secure fit. Super lightweight. Ordered my normal size and it fits perfectly. No heel slip whatsoever.,Love these shoes. Bought these for my son and And style. Secure fit. Super lightweight. Ordered my normal size and it fits perfectly. No heel slip whatsoever,love these shoes bought these for my son and and style secure fit super lightweight ordered my normal size and it fits perfectly no heel slip whatsoever,27,https://runrepeat.com/jordan-tatum-2,gen_441597,2025-12-21T06:52:42.000+00:00
Jordan Tatum 2,gen_649923704,4,positive,secure fit,Tried these on a whim and they're now my go-to. Lateral support. Better outsole coverage. Feels almost weightless on foot. Foot doesn't move at all.,secure fit. Tried these on a whim and they're now my go-to. Lateral support. Better outsole coverage. Feels almost weightless on foot. Foot doesn't move at all,secure fit tried these on a whim and they're now my go to lateral support better outsole coverage feels almost weightless on foot foot doesn't move at all,28,https://runrepeat.com/jordan-tatum-2,gen_441597,2024-08-03T06:52:42.000+00:00
Jordan Tatum 2,gen_775019948,5,positive,Love these shoes,Better outsole coverage. Lateral support. Feels almost weightless on foot. Sizing is spot on. Game changer for me.,Love these shoes. Better outsole coverage. Lateral support. Feels almost weightless on foot. Sizing is spot on. Game changer for me,love these shoes better outsole coverage lateral support feels almost weightless on foot sizing is spot on game changer for me,21,https://runrepeat.com/jordan-tatum-2,gen_441597,2025-08-02T06:52:42.000+00:00
Jordan Tatum 2,gen_457057365,3,neutral,Good not great,"Bought these for the season and have no regrets. Secure fit. However, a dull feel. Decent shoe overall but nothing special.","Good not great. Bought these for the season and have no regrets. Secure fit. However, a dull feel. Decent shoe overall but nothing special",good not great bought these for the season and have no regrets secure fit however a dull feel decent shoe overall but nothing special,24,https://runrepeat.com/jordan-tatum-2,gen_441597,2025-02-26T06:52:42.000+00:00
Jordan Tatum 2,gen_153910567,2,negative,and a very thin midsole,Game-tested these for about 10 sessions. A dull feel. Dust pickup. Disappointed overall.,and a very thin midsole. Game-tested these for about 10 sessions. A dull feel. Dust pickup. Disappointed overall,and a very thin midsole game tested these for about 10 sessions a dull feel dust pickup disappointed overall,19,https://runrepeat.com/jordan-tatum-2,gen_441597,2025-02-19T06:52:42.000+00:00
Jordan Tatum 2,gen_27742020,4,positive,Worth it,Game-tested these for about 10 sessions. Strong court feel. And style. Doesn't slow you down. Ordered my normal size and it fits perfectly. Would buy again.,Worth it. Game-tested these for about 10 sessions. Strong court feel. And style. Doesn't slow you down. Ordered my normal size and it fits perfectly. Would buy again,worth it game tested these for about 10 sessions strong court feel and style doesn't slow you down ordered my normal size and it fits perfectly would buy again,29,https://runrepeat.com/jordan-tatum-2,gen_441597,2024-09-17T06:52:42.000+00:00
Jordan Tatum 2,gen_853773330,5,positive,secure fit,Big sneaker collector here — Lateral support. Better outsole coverage. Feels almost weightless on foot. Foot doesn't move at all. Best shoe I've played in this year.,secure fit. Big sneaker collector here — Lateral support. Better outsole coverage. Feels almost weightless on foot. Foot doesn't move at all. Best shoe I've played in this year,secure fit big sneaker collector here lateral support better outsole coverage feels almost weightless on foot foot doesn't move at all best shoe i've played in this year,28,https://runrepeat.com/jordan-tatum-2,gen_441597,2024-06-24T06:52:42.000+00:00
Jordan Tatum 2,gen_613962066,3,neutral,Mixed feelings,"Lateral support. However, dust pickup. Takes a few sessions to break in","Mixed feelings. Lateral support. However, dust pickup. Takes a few sessions to break in",mixed feelings lateral support however dust pickup takes a few sessions to break in,14,https://runrepeat.com/jordan-tatum-2,gen_441597,2025-09-30T06:52:42.000+00:00
Jordan Tatum 2,gen_210737068,5,positive,Love these shoes,Lateral support. Better outsole coverage. Super lightweight. Foot doesn't move at all. Would buy again.,Love these shoes. Lateral support. Better outsole coverage. Super lightweight. Foot doesn't move at all. Would buy again,love these shoes lateral support better outsole coverage super lightweight foot doesn't move at all would buy again,18,https://runrepeat.com/jordan-tatum-2,gen_441597,2025-07-17T06:52:42.000+00:00
Jordan Tatum 2,gen_299183735,5,positive,Worth it,Lateral support. Secure fit. Super lightweight. Sizing is spot on. Foot doesn't move at all.,Worth it. Lateral support. Secure fit. Super lightweight. Sizing is spot on. Foot doesn't move at all,worth it lateral support secure fit super lightweight sizing is spot on foot doesn't move at all,17,https://runrepeat.com/jordan-tatum-2,gen_441597,2024-12-10T06:52:42.000+00:00
Jordan Tatum 2,gen_430684456,5,positive,Best on the court,Overall durability. And style. Super lightweight. Fits true to size.,Best on the court. Overall durability. And style. Super lightweight. Fits true to size,best on the court overall durability and style super lightweight fits true to size,14,https://runrepeat.com/jordan-tatum-2,gen_441597,2025-05-18T06:52:42.000+00:00
Jordan Tatum 2,gen_631958960,5,positive,Love these shoes,Bought these for my son and Secure fit. Strong court feel. Super lightweight. Sizing is spot on.,Love these shoes. Bought these for my son and Secure fit. Strong court feel. Super lightweight. Sizing is spot on,love these shoes bought these for my son and secure fit strong court feel super lightweight sizing is spot on,20,https://runrepeat.com/jordan-tatum-2,gen_441597,2024-12-22T06:52:42.000+00:00
Jordan Tatum 2,gen_18500724,5,positive,Worth it,"As a competitive player, Lateral support. Secure fit. Super lightweight. Fits true to size.","Worth it. As a competitive player, Lateral support. Secure fit. Super lightweight. Fits true to size",worth it as a competitive player lateral support secure fit super lightweight fits true to size,16,https://runrepeat.com/jordan-tatum-2,gen_441597,2025-11-11T06:52:42.000+00:00
Jordan Tatum 2,gen_532311162,5,positive,Best on the court,Just finished my third week in these. Overall durability. Secure fit. Feels almost weightless on foot. Fits true to size. No heel slip whatsoever. Game changer for me.,Best on the court. Just finished my third week in these. Overall durability. Secure fit. Feels almost weightless on foot. Fits true to size. No heel slip whatsoever. Game changer for me,best on the court just finished my third week in these overall durability secure fit feels almost weightless on foot fits true to size no heel slip whatsoever game changer for me,32,https://runrepeat.com/jordan-tatum-2,gen_441597,2025-10-30T06:52:42.000+00:00
Jordan Tatum 2,gen_496555248,3,neutral,Decent but not perfect,"Better outsole coverage. However, and a very thin midsole. Needed about a week to feel natural","Decent but not perfect. Better outsole coverage. However, and a very thin midsole. Needed about a week to feel natural",decent but not perfect better outsole coverage however and a very thin midsole needed about a week to feel natural,20,https://runrepeat.com/jordan-tatum-2,gen_441597,2025-01-19T06:52:42.000+00:00
Jordan Tatum 2,gen_939687128,5,positive,Solid performance shoe,Big sneaker collector here — Overall durability. Strong court feel. Super lightweight. Ordered my normal size and it fits perfectly. No heel slip whatsoever.,Solid performance shoe. Big sneaker collector here — Overall durability. Strong court feel. Super lightweight. Ordered my normal size and it fits perfectly. No heel slip whatsoever,solid performance shoe big sneaker collector here overall durability strong court feel super lightweight ordered my normal size and it fits perfectly no heel slip whatsoever,26,https://runrepeat.com/jordan-tatum-2,gen_441597,2025-12-30T06:52:42.000+00:00
Jordan Tatum 2,gen_857741463,5,positive,Highly recommend,Bought these for my son and Strong court feel. Lateral support. Feels almost weightless on foot. Ordered my normal size and it fits perfectly. One of my favorite basketball shoes.,Highly recommend. Bought these for my son and Strong court feel. Lateral support. Feels almost weightless on foot. Ordered my normal size and it fits perfectly. One of my favorite basketball shoes,highly recommend bought these for my son and strong court feel lateral support feels almost weightless on foot ordered my normal size and it fits perfectly one of my favorite basketball shoes,32,https://runrepeat.com/jordan-tatum-2,gen_441597,2025-10-08T06:52:42.000+00:00
Jordan Tatum 2,gen_42112854,5,positive,Love these shoes,Game-tested these for about 10 sessions. Secure fit. Overall durability. Doesn't slow you down. Sizing is spot on. No heel slip whatsoever. One of my favorite basketball shoes.,Love these shoes. Game-tested these for about 10 sessions. Secure fit. Overall durability. Doesn't slow you down. Sizing is spot on. No heel slip whatsoever. One of my favorite basketball shoes,love these shoes game tested these for about 10 sessions secure fit overall durability doesn't slow you down sizing is spot on no heel slip whatsoever one of my favorite basketball shoes,32,https://runrepeat.com/jordan-tatum-2,gen_441597,2024-06-19T06:52:42.000+00:00
Nike Air Zoom G.T. Cut 2,gen_384356390,4,positive,Worth it,Bought these for the season and have no regrets. Excellent impact protection. Good fit. Doesn't slow you down. Ordered my normal size and it fits perfectly.,Worth it. Bought these for the season and have no regrets. Excellent impact protection. Good fit. Doesn't slow you down. Ordered my normal size and it fits perfectly,worth it bought these for the season and have no regrets excellent impact protection good fit doesn't slow you down ordered my normal size and it fits perfectly,28,https://runrepeat.com/nike-air-zoom-g-t-cut-2,gen_961150,2025-12-27T06:52:42.000+00:00
Nike Air Zoom G.T. Cut 2,gen_683995447,4,positive,Excellent impact protection,Really happy with this purchase. Soft cushioning. Dependable grip. Super lightweight. Fits true to size.,Excellent impact protection. Really happy with this purchase. Soft cushioning. Dependable grip. Super lightweight. Fits true to size,excellent impact protection really happy with this purchase soft cushioning dependable grip super lightweight fits true to size,18,https://runrepeat.com/nike-air-zoom-g-t-cut-2,gen_961150,2026-04-13T06:52:42.000+00:00
Nike Air Zoom G.T. Cut 2,gen_629742868,4,positive,Great basketball shoe,Soft cushioning. Breathable upper. Doesn't slow you down.,Great basketball shoe. Soft cushioning. Breathable upper. Doesn't slow you down,great basketball shoe soft cushioning breathable upper doesn't slow you down,11,https://runrepeat.com/nike-air-zoom-g-t-cut-2,gen_961150,2025-05-19T06:52:42.000+00:00
Nike Air Zoom G.T. Cut 2,gen_219953098,4,positive,Great basketball shoe,"Compared to my other pairs, Soft cushioning. And strong laces. Doesn't slow you down. Lockdown is excellent. Would buy again.","Great basketball shoe. Compared to my other pairs, Soft cushioning. And strong laces. Doesn't slow you down. Lockdown is excellent. Would buy again",great basketball shoe compared to my other pairs soft cushioning and strong laces doesn't slow you down lockdown is excellent would buy again,23,https://runrepeat.com/nike-air-zoom-g-t-cut-2,gen_961150,2025-09-19T06:52:42.000+00:00
Nike Air Zoom G.T. Cut 2,gen_716616433,5,positive,Worth it,"As a casual hooper, Breathable upper. Soft cushioning. Feels almost weightless on foot. Would buy again.","Worth it. As a casual hooper, Breathable upper. Soft cushioning. Feels almost weightless on foot. Would buy again",worth it as a casual hooper breathable upper soft cushioning feels almost weightless on foot would buy again,18,https://runrepeat.com/nike-air-zoom-g-t-cut-2,gen_961150,2024-12-28T06:52:42.000+00:00
Nike Air Zoom G.T. Cut 2,gen_714220373,4,positive,Worth it,Been wearing these for a few months now. Breathable upper. Excellent impact protection. Super lightweight. Fits true to size. Stays locked through cuts. Would buy again.,Worth it. Been wearing these for a few months now. Breathable upper. Excellent impact protection. Super lightweight. Fits true to size. Stays locked through cuts. Would buy again,worth it been wearing these for a few months now breathable upper excellent impact protection super lightweight fits true to size stays locked through cuts would buy again,28,https://runrepeat.com/nike-air-zoom-g-t-cut-2,gen_961150,2024-05-06T06:52:42.000+00:00
Nike Air Zoom G.T. Cut 2,gen_824968142,4,positive,Worth it,"For rec league ball, Soft cushioning. And strong laces. Feels almost weightless on foot.","Worth it. For rec league ball, Soft cushioning. And strong laces. Feels almost weightless on foot",worth it for rec league ball soft cushioning and strong laces feels almost weightless on foot,16,https://runrepeat.com/nike-air-zoom-g-t-cut-2,gen_961150,2024-11-20T06:52:42.000+00:00
Nike Air Zoom G.T. Cut 2,gen_310708457,4,positive,Love these shoes,And strong laces. Soft cushioning. Doesn't slow you down. Ordered my normal size and it fits perfectly. Foot doesn't move at all. Highly recommend.,Love these shoes. And strong laces. Soft cushioning. Doesn't slow you down. Ordered my normal size and it fits perfectly. Foot doesn't move at all. Highly recommend,love these shoes and strong laces soft cushioning doesn't slow you down ordered my normal size and it fits perfectly foot doesn't move at all highly recommend,27,https://runrepeat.com/nike-air-zoom-g-t-cut-2,gen_961150,2024-12-03T06:52:42.000+00:00
Nike Air Zoom G.T. Cut 2,gen_81328654,3,neutral,Has its pros and cons,"Excellent impact protection. However, that its abundant cushioning can work against players who rely on strong side-to-side support. Takes a few sessions to break in","Has its pros and cons. Excellent impact protection. However, that its abundant cushioning can work against players who rely on strong side-to-side support. Takes a few sessions to break in",has its pros and cons excellent impact protection however that its abundant cushioning can work against players who rely on strong side to side support takes a few sessions to break in,32,https://runrepeat.com/nike-air-zoom-g-t-cut-2,gen_961150,2024-06-01T06:52:42.000+00:00
Nike Air Zoom G.T. Cut 2,gen_765164935,5,positive,Love these shoes,And strong laces. Breathable upper. Doesn't slow you down.,Love these shoes. And strong laces. Breathable upper. Doesn't slow you down,love these shoes and strong laces breathable upper doesn't slow you down,12,https://runrepeat.com/nike-air-zoom-g-t-cut-2,gen_961150,2025-05-31T06:52:42.000+00:00
Nike Air Zoom G.T. Cut 2,gen_501854961,4,positive,Love these shoes,As a coach I've seen a lot of shoes and Good fit. Dependable grip. Doesn't slow you down. Stays locked through cuts. One of my favorite basketball shoes.,Love these shoes. As a coach I've seen a lot of shoes and Good fit. Dependable grip. Doesn't slow you down. Stays locked through cuts. One of my favorite basketball shoes,love these shoes as a coach i've seen a lot of shoes and good fit dependable grip doesn't slow you down stays locked through cuts one of my favorite basketball shoes,31,https://runrepeat.com/nike-air-zoom-g-t-cut-2,gen_961150,2025-02-27T06:52:42.000+00:00
Nike Air Zoom G.T. Cut 2,gen_446209367,5,positive,Solid performance shoe,Good fit. And strong laces. Feels almost weightless on foot. Fits true to size. Highly recommend.,Solid performance shoe. Good fit. And strong laces. Feels almost weightless on foot. Fits true to size. Highly recommend,solid performance shoe good fit and strong laces feels almost weightless on foot fits true to size highly recommend,19,https://runrepeat.com/nike-air-zoom-g-t-cut-2,gen_961150,2025-12-01T06:52:42.000+00:00
Nike Air Zoom G.T. Cut 2,gen_685289069,4,positive,Solid performance shoe,"As a competitive player, Good fit. Soft cushioning. Super lightweight. Lockdown is excellent. Game changer for me.","Solid performance shoe. As a competitive player, Good fit. Soft cushioning. Super lightweight. Lockdown is excellent. Game changer for me",solid performance shoe as a competitive player good fit soft cushioning super lightweight lockdown is excellent game changer for me,20,https://runrepeat.com/nike-air-zoom-g-t-cut-2,gen_961150,2025-11-20T06:52:42.000+00:00
Nike Air Zoom G.T. Cut 2,gen_995149518,3,neutral,Has its pros and cons,"My kid loves these shoes. Good fit. However, that its abundant cushioning can work against players who rely on strong side-to-side support. Stiff at first but loosens up nicely","Has its pros and cons. My kid loves these shoes. Good fit. However, that its abundant cushioning can work against players who rely on strong side-to-side support. Stiff at first but loosens up nicely",has its pros and cons my kid loves these shoes good fit however that its abundant cushioning can work against players who rely on strong side to side support stiff at first but loosens up nicely,36,https://runrepeat.com/nike-air-zoom-g-t-cut-2,gen_961150,2024-10-07T06:52:42.000+00:00
Nike Air Zoom G.T. Cut 2,gen_802775494,4,positive,Highly recommend,Good fit. And strong laces. Super lightweight. Ordered my normal size and it fits perfectly. Lockdown is excellent. One of my favorite basketball shoes.,Highly recommend. Good fit. And strong laces. Super lightweight. Ordered my normal size and it fits perfectly. Lockdown is excellent. One of my favorite basketball shoes,highly recommend good fit and strong laces super lightweight ordered my normal size and it fits perfectly lockdown is excellent one of my favorite basketball shoes,26,https://runrepeat.com/nike-air-zoom-g-t-cut-2,gen_961150,2024-04-30T06:52:42.000+00:00
Nike Air Zoom G.T. Cut 2,gen_201339500,5,positive,Best on the court,Got these for my daughter and Good fit. Soft cushioning. Feels almost weightless on foot. Sizing is spot on. One of my favorite basketball shoes.,Best on the court. Got these for my daughter and Good fit. Soft cushioning. Feels almost weightless on foot. Sizing is spot on. One of my favorite basketball shoes,best on the court got these for my daughter and good fit soft cushioning feels almost weightless on foot sizing is spot on one of my favorite basketball shoes,29,https://runrepeat.com/nike-air-zoom-g-t-cut-2,gen_961150,2024-05-22T06:52:42.000+00:00
Nike Air Zoom G.T. Cut 2,gen_314520516,5,positive,Solid performance shoe,I own about 30 pairs of basketball shoes and Breathable upper. Dependable grip. Feels almost weightless on foot.,Solid performance shoe. I own about 30 pairs of basketball shoes and Breathable upper. Dependable grip. Feels almost weightless on foot,solid performance shoe i own about 30 pairs of basketball shoes and breathable upper dependable grip feels almost weightless on foot,21,https://runrepeat.com/nike-air-zoom-g-t-cut-2,gen_961150,2025-04-09T06:52:42.000+00:00
Nike Air Zoom G.T. Cut 2,gen_805832781,3,neutral,Okay shoe overall,"As a coach I've seen a lot of shoes and Dependable grip. However, that its abundant cushioning can work against players who rely on strong side-to-side support. Needed about a week to feel natural","Okay shoe overall. As a coach I've seen a lot of shoes and Dependable grip. However, that its abundant cushioning can work against players who rely on strong side-to-side support. Needed about a week to feel natural",okay shoe overall as a coach i've seen a lot of shoes and dependable grip however that its abundant cushioning can work against players who rely on strong side to side support needed about a week to feel natural,39,https://runrepeat.com/nike-air-zoom-g-t-cut-2,gen_961150,2025-09-20T06:52:42.000+00:00
Nike Air Zoom G.T. Cut 2,gen_478898428,4,positive,Worth it,And strong laces. Good fit. Feels almost weightless on foot. Would buy again.,Worth it. And strong laces. Good fit. Feels almost weightless on foot. Would buy again,worth it and strong laces good fit feels almost weightless on foot would buy again,15,https://runrepeat.com/nike-air-zoom-g-t-cut-2,gen_961150,2025-12-13T06:52:42.000+00:00
Nike Air Zoom G.T. Cut 2,gen_604198754,5,positive,dependable grip,Needed a new pair for the season and these delivered. Breathable upper. Soft cushioning. Super lightweight. Sizing is spot on. Highly recommend.,dependable grip. Needed a new pair for the season and these delivered. Breathable upper. Soft cushioning. Super lightweight. Sizing is spot on. Highly recommend,dependable grip needed a new pair for the season and these delivered breathable upper soft cushioning super lightweight sizing is spot on highly recommend,24,https://runrepeat.com/nike-air-zoom-g-t-cut-2,gen_961150,2025-03-25T06:52:42.000+00:00
Reebok Blast,gen_82480723,4,positive,wear resistance,Game-tested these for about 10 sessions. Support. And standout retro looks. Runs a little heavy.,wear resistance. Game-tested these for about 10 sessions. Support. And standout retro looks. Runs a little heavy,wear resistance game tested these for about 10 sessions support and standout retro looks runs a little heavy,18,https://runrepeat.com/reebok-blast,gen_710132,2024-08-19T06:52:42.000+00:00
Reebok Blast,gen_297631417,3,neutral,Okay shoe overall,"I play pickup 3x a week and And standout retro looks. However, poor ventilation. Stiff at first but loosens up nicely","Okay shoe overall. I play pickup 3x a week and And standout retro looks. However, poor ventilation. Stiff at first but loosens up nicely",okay shoe overall i play pickup 3x a week and and standout retro looks however poor ventilation stiff at first but loosens up nicely,24,https://runrepeat.com/reebok-blast,gen_710132,2025-08-11T06:52:42.000+00:00
Reebok Blast,gen_870026170,5,positive,Solid performance shoe,I play pickup 3x a week and Wear resistance. Cushioning. Runs a little heavy. Ordered my normal size and it fits perfectly. Game changer for me.,Solid performance shoe. I play pickup 3x a week and Wear resistance. Cushioning. Runs a little heavy. Ordered my normal size and it fits perfectly. Game changer for me,solid performance shoe i play pickup 3x a week and wear resistance cushioning runs a little heavy ordered my normal size and it fits perfectly game changer for me,29,https://runrepeat.com/reebok-blast,gen_710132,2025-11-22T06:52:42.000+00:00
Reebok Blast,gen_476833457,5,positive,Worth it,Cushioning. Value. Could be lighter. Fits true to size. Would buy again.,Worth it. Cushioning. Value. Could be lighter. Fits true to size. Would buy again,worth it cushioning value could be lighter fits true to size would buy again,14,https://runrepeat.com/reebok-blast,gen_710132,2024-08-30T06:52:42.000+00:00
Reebok Blast,gen_732702091,3,neutral,Good not great,"Game-tested these for about 10 sessions. Support. However, very heavy weight. Stiff at first but loosens up nicely","Good not great. Game-tested these for about 10 sessions. Support. However, very heavy weight. Stiff at first but loosens up nicely",good not great game tested these for about 10 sessions support however very heavy weight stiff at first but loosens up nicely,22,https://runrepeat.com/reebok-blast,gen_710132,2025-11-28T06:52:42.000+00:00
Reebok Blast,gen_142967305,3,neutral,Has its pros and cons,"And standout retro looks. However, very heavy weight. Decent shoe overall but nothing special.","Has its pros and cons. And standout retro looks. However, very heavy weight. Decent shoe overall but nothing special",has its pros and cons and standout retro looks however very heavy weight decent shoe overall but nothing special,19,https://runrepeat.com/reebok-blast,gen_710132,2025-10-22T06:52:42.000+00:00
Reebok Blast,gen_540247427,5,positive,Best on the court,Needed a new pair for the season and these delivered. Value. Support. Runs a little heavy. Highly recommend.,Best on the court. Needed a new pair for the season and these delivered. Value. Support. Runs a little heavy. Highly recommend,best on the court needed a new pair for the season and these delivered value support runs a little heavy highly recommend,22,https://runrepeat.com/reebok-blast,gen_710132,2025-11-30T06:52:42.000+00:00
Reebok Blast,gen_454184476,4,positive,Great basketball shoe,"Compared to my other pairs, Wear resistance. Value. Could be lighter. No heel slip whatsoever. Highly recommend.","Great basketball shoe. Compared to my other pairs, Wear resistance. Value. Could be lighter. No heel slip whatsoever. Highly recommend",great basketball shoe compared to my other pairs wear resistance value could be lighter no heel slip whatsoever highly recommend,20,https://runrepeat.com/reebok-blast,gen_710132,2024-12-04T06:52:42.000+00:00
Reebok Blast,gen_934673251,3,neutral,Mixed feelings,"Big sneaker collector here — And standout retro looks. However, very heavy weight. Needed about a week to feel natural","Mixed feelings. Big sneaker collector here — And standout retro looks. However, very heavy weight. Needed about a week to feel natural",mixed feelings big sneaker collector here and standout retro looks however very heavy weight needed about a week to feel natural,21,https://runrepeat.com/reebok-blast,gen_710132,2024-10-08T06:52:42.000+00:00
Reebok Blast,gen_76974309,5,positive,Value,Bought these for the season and have no regrets. Wear resistance. And standout retro looks. Runs a little heavy. Would buy again.,Value. Bought these for the season and have no regrets. Wear resistance. And standout retro looks. Runs a little heavy. Would buy again,value bought these for the season and have no regrets wear resistance and standout retro looks runs a little heavy would buy again,23,https://runrepeat.com/reebok-blast,gen_710132,2024-12-18T06:52:42.000+00:00
Reebok Blast,gen_921308146,4,positive,Great basketball shoe,Wear resistance. Support. Could be lighter. Ordered my normal size and it fits perfectly. One of my favorite basketball shoes.,Great basketball shoe. Wear resistance. Support. Could be lighter. Ordered my normal size and it fits perfectly. One of my favorite basketball shoes,great basketball shoe wear resistance support could be lighter ordered my normal size and it fits perfectly one of my favorite basketball shoes,23,https://runrepeat.com/reebok-blast,gen_710132,2024-12-04T06:52:42.000+00:00
Reebok Blast,gen_416623933,3,neutral,Decent but not perfect,"Needed a new pair for the season and these delivered. Value. However, poor ventilation. Needed about a week to feel natural","Decent but not perfect. Needed a new pair for the season and these delivered. Value. However, poor ventilation. Needed about a week to feel natural",decent but not perfect needed a new pair for the season and these delivered value however poor ventilation needed about a week to feel natural,25,https://runrepeat.com/reebok-blast,gen_710132,2024-09-03T06:52:42.000+00:00
Reebok Blast,gen_387752422,5,positive,Great basketball shoe,Cushioning. Support. Runs a little heavy. Fits true to size.,Great basketball shoe. Cushioning. Support. Runs a little heavy. Fits true to size,great basketball shoe cushioning support runs a little heavy fits true to size,13,https://runrepeat.com/reebok-blast,gen_710132,2024-07-24T06:52:42.000+00:00
Reebok Blast,gen_245402847,5,positive,Love these shoes,Big sneaker collector here — Wear resistance. And standout retro looks. You feel the weight after a long game. Fits true to size. Super secure fit. One of my favorite basketball shoes.,Love these shoes. Big sneaker collector here — Wear resistance. And standout retro looks. You feel the weight after a long game. Fits true to size. Super secure fit. One of my favorite basketball shoes,love these shoes big sneaker collector here wear resistance and standout retro looks you feel the weight after a long game fits true to size super secure fit one of my favorite basketball shoes,34,https://runrepeat.com/reebok-blast,gen_710132,2025-01-15T06:52:42.000+00:00
Reebok Blast,gen_807763426,5,positive,Solid performance shoe,Traction. Wear resistance. Runs a little heavy. Sizing is spot on.,Solid performance shoe. Traction. Wear resistance. Runs a little heavy. Sizing is spot on,solid performance shoe traction wear resistance runs a little heavy sizing is spot on,14,https://runrepeat.com/reebok-blast,gen_710132,2025-09-24T06:52:42.000+00:00
Reebok Blast,gen_974490164,4,positive,wear resistance,Just finished my third week in these. Support. Cushioning. Could be lighter. Ordered my normal size and it fits perfectly. One of my favorite basketball shoes.,wear resistance. Just finished my third week in these. Support. Cushioning. Could be lighter. Ordered my normal size and it fits perfectly. One of my favorite basketball shoes,wear resistance just finished my third week in these support cushioning could be lighter ordered my normal size and it fits perfectly one of my favorite basketball shoes,28,https://runrepeat.com/reebok-blast,gen_710132,2025-09-12T06:52:42.000+00:00
Reebok Blast,gen_921202205,4,positive,Great basketball shoe,Bought these for my son and Cushioning. Wear resistance. Could be lighter. Super secure fit. Game changer for me.,Great basketball shoe. Bought these for my son and Cushioning. Wear resistance. Could be lighter. Super secure fit. Game changer for me,great basketball shoe bought these for my son and cushioning wear resistance could be lighter super secure fit game changer for me,22,https://runrepeat.com/reebok-blast,gen_710132,2024-08-14T06:52:42.000+00:00
Reebok Blast,gen_836713647,3,neutral,Good not great,"And standout retro looks. However, poor ventilation. Takes a few sessions to break in","Good not great. And standout retro looks. However, poor ventilation. Takes a few sessions to break in",good not great and standout retro looks however poor ventilation takes a few sessions to break in,17,https://runrepeat.com/reebok-blast,gen_710132,2024-07-30T06:52:42.000+00:00
Reebok Blast,gen_371342401,5,positive,Great basketball shoe,Cushioning. Value. Could be lighter. Ordered my normal size and it fits perfectly. Highly recommend.,Great basketball shoe. Cushioning. Value. Could be lighter. Ordered my normal size and it fits perfectly. Highly recommend,great basketball shoe cushioning value could be lighter ordered my normal size and it fits perfectly highly recommend,18,https://runrepeat.com/reebok-blast,gen_710132,2025-04-11T06:52:42.000+00:00
Reebok Blast,gen_217690274,3,neutral,Good not great,"Cushioning. However, poor ventilation. Stiff at first but loosens up nicely","Good not great. Cushioning. However, poor ventilation. Stiff at first but loosens up nicely",good not great cushioning however poor ventilation stiff at first but loosens up nicely,14,https://runrepeat.com/reebok-blast,gen_710132,2025-02-19T06:52:42.000+00:00
Nike Zoom Freak 4,gen_450781451,4,positive,Best on the court,Got these for my daughter and Solid impact protection. Good court feel. Super lightweight. Lockdown is excellent. Game changer for me.,Best on the court. Got these for my daughter and Solid impact protection. Good court feel. Super lightweight. Lockdown is excellent. Game changer for me,best on the court got these for my daughter and solid impact protection good court feel super lightweight lockdown is excellent game changer for me,25,https://runrepeat.com/nike-zoom-freak-4,gen_144866,2026-03-23T06:52:42.000+00:00
Nike Zoom Freak 4,gen_206379953,4,positive,Solid performance shoe,These shoes are solid. Solid impact protection. Strong indoor grip. Doesn't slow you down. Sizing is spot on.,Solid performance shoe. These shoes are solid. Solid impact protection. Strong indoor grip. Doesn't slow you down. Sizing is spot on,solid performance shoe these shoes are solid solid impact protection strong indoor grip doesn't slow you down sizing is spot on,21,https://runrepeat.com/nike-zoom-freak-4,gen_144866,2025-09-27T06:52:42.000+00:00
Nike Zoom Freak 4,gen_193277109,5,positive,Love these shoes,Dust resistance. And support. Doesn't slow you down. Fits true to size. Best shoe I've played in this year.,Love these shoes. Dust resistance. And support. Doesn't slow you down. Fits true to size. Best shoe I've played in this year,love these shoes dust resistance and support doesn't slow you down fits true to size best shoe i've played in this year,22,https://runrepeat.com/nike-zoom-freak-4,gen_144866,2025-02-01T06:52:42.000+00:00
Nike Zoom Freak 4,gen_746467057,5,positive,Worth it,Bounce. Strong indoor grip. Feels almost weightless on foot. Ordered my normal size and it fits perfectly. No heel slip whatsoever. One of my favorite basketball shoes.,Worth it. Bounce. Strong indoor grip. Feels almost weightless on foot. Ordered my normal size and it fits perfectly. No heel slip whatsoever. One of my favorite basketball shoes,worth it bounce strong indoor grip feels almost weightless on foot ordered my normal size and it fits perfectly no heel slip whatsoever one of my favorite basketball shoes,29,https://runrepeat.com/nike-zoom-freak-4,gen_144866,2024-06-17T06:52:42.000+00:00
Nike Zoom Freak 4,gen_74872330,5,positive,Worth it,Game-tested these for about 10 sessions. Good court feel. Dust resistance. Doesn't slow you down. Sizing is spot on.,Worth it. Game-tested these for about 10 sessions. Good court feel. Dust resistance. Doesn't slow you down. Sizing is spot on,worth it game tested these for about 10 sessions good court feel dust resistance doesn't slow you down sizing is spot on,22,https://runrepeat.com/nike-zoom-freak-4,gen_144866,2025-11-22T06:52:42.000+00:00
Nike Zoom Freak 4,gen_480988981,5,positive,Worth it,Finally pulled the trigger on these and glad I did. Strong indoor grip. Solid impact protection. Feels almost weightless on foot. Super secure fit.,Worth it. Finally pulled the trigger on these and glad I did. Strong indoor grip. Solid impact protection. Feels almost weightless on foot. Super secure fit,worth it finally pulled the trigger on these and glad i did strong indoor grip solid impact protection feels almost weightless on foot super secure fit,26,https://runrepeat.com/nike-zoom-freak-4,gen_144866,2025-01-16T06:52:42.000+00:00
Nike Zoom Freak 4,gen_227289939,5,positive,Best on the court,Been wearing these for a few months now. Solid impact protection. Smooth movement. Doesn't slow you down.,Best on the court. Been wearing these for a few months now. Solid impact protection. Smooth movement. Doesn't slow you down,best on the court been wearing these for a few months now solid impact protection smooth movement doesn't slow you down,21,https://runrepeat.com/nike-zoom-freak-4,gen_144866,2024-09-12T06:52:42.000+00:00
Nike Zoom Freak 4,gen_791330543,3,neutral,Good not great,"Finally pulled the trigger on these and glad I did. Strong indoor grip. However, and cheap-feeling materials. Takes a few sessions to break in","Good not great. Finally pulled the trigger on these and glad I did. Strong indoor grip. However, and cheap-feeling materials. Takes a few sessions to break in",good not great finally pulled the trigger on these and glad i did strong indoor grip however and cheap feeling materials takes a few sessions to break in,28,https://runrepeat.com/nike-zoom-freak-4,gen_144866,2024-11-06T06:52:42.000+00:00
Nike Zoom Freak 4,gen_635310523,5,positive,Best on the court,"As a casual hooper, Bounce. Dust resistance. Doesn't slow you down. Ordered my normal size and it fits perfectly. One of my favorite basketball shoes.","Best on the court. As a casual hooper, Bounce. Dust resistance. Doesn't slow you down. Ordered my normal size and it fits perfectly. One of my favorite basketball shoes",best on the court as a casual hooper bounce dust resistance doesn't slow you down ordered my normal size and it fits perfectly one of my favorite basketball shoes,29,https://runrepeat.com/nike-zoom-freak-4,gen_144866,2025-04-05T06:52:42.000+00:00
Nike Zoom Freak 4,gen_986829114,4,positive,Solid performance shoe,Needed a new pair for the season and these delivered. Smooth movement. Bounce. Feels almost weightless on foot. Game changer for me.,Solid performance shoe. Needed a new pair for the season and these delivered. Smooth movement. Bounce. Feels almost weightless on foot. Game changer for me,solid performance shoe needed a new pair for the season and these delivered smooth movement bounce feels almost weightless on foot game changer for me,25,https://runrepeat.com/nike-zoom-freak-4,gen_144866,2025-11-14T06:52:42.000+00:00
Nike Zoom Freak 4,gen_793127552,3,neutral,Good not great,"And support. However, middling outdoor use. Decent shoe overall but nothing special.","Good not great. And support. However, middling outdoor use. Decent shoe overall but nothing special",good not great and support however middling outdoor use decent shoe overall but nothing special,15,https://runrepeat.com/nike-zoom-freak-4,gen_144866,2025-11-26T06:52:42.000+00:00
Nike Zoom Freak 4,gen_727267408,3,neutral,Decent but not perfect,"My kid loves these shoes. Smooth movement. However, middling outdoor use. Takes a few sessions to break in","Decent but not perfect. My kid loves these shoes. Smooth movement. However, middling outdoor use. Takes a few sessions to break in",decent but not perfect my kid loves these shoes smooth movement however middling outdoor use takes a few sessions to break in,22,https://runrepeat.com/nike-zoom-freak-4,gen_144866,2025-10-09T06:52:42.000+00:00
Nike Zoom Freak 4,gen_876489199,5,positive,Great basketball shoe,I play pickup 3x a week and Dust resistance. Bounce. Super lightweight. Sizing is spot on. One of my favorite basketball shoes.,Great basketball shoe. I play pickup 3x a week and Dust resistance. Bounce. Super lightweight. Sizing is spot on. One of my favorite basketball shoes,great basketball shoe i play pickup 3x a week and dust resistance bounce super lightweight sizing is spot on one of my favorite basketball shoes,25,https://runrepeat.com/nike-zoom-freak-4,gen_144866,2024-06-14T06:52:42.000+00:00
Nike Zoom Freak 4,gen_292458770,3,neutral,Mixed feelings,"Finally pulled the trigger on these and glad I did. Smooth movement. However, middling outdoor use. Stiff at first but loosens up nicely","Mixed feelings. Finally pulled the trigger on these and glad I did. Smooth movement. However, middling outdoor use. Stiff at first but loosens up nicely",mixed feelings finally pulled the trigger on these and glad i did smooth movement however middling outdoor use stiff at first but loosens up nicely,25,https://runrepeat.com/nike-zoom-freak-4,gen_144866,2025-02-08T06:52:42.000+00:00
Nike Zoom Freak 4,gen_886051840,5,positive,Best on the court,Bounce. Good court feel. Super lightweight. Sizing is spot on. No heel slip whatsoever.,Best on the court. Bounce. Good court feel. Super lightweight. Sizing is spot on. No heel slip whatsoever,best on the court bounce good court feel super lightweight sizing is spot on no heel slip whatsoever,18,https://runrepeat.com/nike-zoom-freak-4,gen_144866,2025-03-26T06:52:42.000+00:00
Nike Zoom Freak 4,gen_565355324,4,positive,Best on the court,Smooth movement. Bounce. Feels almost weightless on foot. No heel slip whatsoever.,Best on the court. Smooth movement. Bounce. Feels almost weightless on foot. No heel slip whatsoever,best on the court smooth movement bounce feels almost weightless on foot no heel slip whatsoever,16,https://runrepeat.com/nike-zoom-freak-4,gen_144866,2026-01-24T06:52:42.000+00:00
Nike Zoom Freak 4,gen_768023240,5,positive,Love these shoes,I own about 30 pairs of basketball shoes and Bounce. And support. Doesn't slow you down.,Love these shoes. I own about 30 pairs of basketball shoes and Bounce. And support. Doesn't slow you down,love these shoes i own about 30 pairs of basketball shoes and bounce and support doesn't slow you down,19,https://runrepeat.com/nike-zoom-freak-4,gen_144866,2025-08-18T06:52:42.000+00:00
Nike Zoom Freak 4,gen_277217379,5,positive,Solid performance shoe,"As a casual hooper, And support. Bounce. Feels almost weightless on foot. Sizing is spot on. Foot doesn't move at all. Highly recommend.","Solid performance shoe. As a casual hooper, And support. Bounce. Feels almost weightless on foot. Sizing is spot on. Foot doesn't move at all. Highly recommend",solid performance shoe as a casual hooper and support bounce feels almost weightless on foot sizing is spot on foot doesn't move at all highly recommend,26,https://runrepeat.com/nike-zoom-freak-4,gen_144866,2024-11-20T06:52:42.000+00:00
Nike Zoom Freak 4,gen_46406848,3,neutral,Mixed feelings,"Needed a new pair for the season and these delivered. Good court feel. However, and cheap-feeling materials. Takes a few sessions to break in","Mixed feelings. Needed a new pair for the season and these delivered. Good court feel. However, and cheap-feeling materials. Takes a few sessions to break in",mixed feelings needed a new pair for the season and these delivered good court feel however and cheap feeling materials takes a few sessions to break in,27,https://runrepeat.com/nike-zoom-freak-4,gen_144866,2025-08-06T06:52:42.000+00:00
Nike Zoom Freak 4,gen_90197110,5,positive,Great basketball shoe,Smooth movement. Dust resistance. Super lightweight. Sizing is spot on.,Great basketball shoe. Smooth movement. Dust resistance. Super lightweight. Sizing is spot on,great basketball shoe smooth movement dust resistance super lightweight sizing is spot on,13,https://runrepeat.com/nike-zoom-freak-4,gen_144866,2026-02-03T06:52:42.000+00:00
Jordan Luka 77,gen_150905187,5,positive,Great basketball shoe,Lateral support. Outsole durability. Doesn't slow you down.,Great basketball shoe. Lateral support. Outsole durability. Doesn't slow you down,great basketball shoe lateral support outsole durability doesn't slow you down,11,https://runrepeat.com/jordan-luka-77,gen_970300,2026-01-04T06:52:42.000+00:00
Jordan Luka 77,gen_866041587,5,positive,Solid performance shoe,"As a casual hooper, And value. Lateral support. Traction is elite. Sizing is spot on.","Solid performance shoe. As a casual hooper, And value. Lateral support. Traction is elite. Sizing is spot on",solid performance shoe as a casual hooper and value lateral support traction is elite sizing is spot on,18,https://runrepeat.com/jordan-luka-77,gen_970300,2024-12-22T06:52:42.000+00:00
Jordan Luka 77,gen_769291307,5,positive,Best on the court,Outsole durability. And value. Great grip on the court. Fits true to size. Best shoe I've played in this year.,Best on the court. Outsole durability. And value. Great grip on the court. Fits true to size. Best shoe I've played in this year,best on the court outsole durability and value great grip on the court fits true to size best shoe i've played in this year,24,https://runrepeat.com/jordan-luka-77,gen_970300,2025-04-05T06:52:42.000+00:00
Jordan Luka 77,gen_756869342,4,positive,Love these shoes,"Bought these for several players on my team, Court feel. Ventilation. A bit firm underfoot. Fits true to size. Foot doesn't move at all. Game changer for me.","Love these shoes. Bought these for several players on my team, Court feel. Ventilation. A bit firm underfoot. Fits true to size. Foot doesn't move at all. Game changer for me",love these shoes bought these for several players on my team court feel ventilation a bit firm underfoot fits true to size foot doesn't move at all game changer for me,31,https://runrepeat.com/jordan-luka-77,gen_970300,2026-04-11T06:52:42.000+00:00
Jordan Luka 77,gen_313907141,5,positive,Great basketball shoe,Bought these for the season and have no regrets. Ventilation. And value. The grip is phenomenal. Fits true to size. Foot doesn't move at all.,Great basketball shoe. Bought these for the season and have no regrets. Ventilation. And value. The grip is phenomenal. Fits true to size. Foot doesn't move at all,great basketball shoe bought these for the season and have no regrets ventilation and value the grip is phenomenal fits true to size foot doesn't move at all,28,https://runrepeat.com/jordan-luka-77,gen_970300,2025-09-16T06:52:42.000+00:00
Jordan Luka 77,gen_270450465,2,negative,Wouldn't buy again,Finally pulled the trigger on these and glad I did. Low shock absorption. And a very low toebox. Expected more.,Wouldn't buy again. Finally pulled the trigger on these and glad I did. Low shock absorption. And a very low toebox. Expected more,wouldn't buy again finally pulled the trigger on these and glad i did low shock absorption and a very low toebox expected more,23,https://runrepeat.com/jordan-luka-77,gen_970300,2025-12-13T06:52:42.000+00:00
Jordan Luka 77,gen_171046219,4,positive,Highly recommend,Outsole durability. Ventilation. Great grip on the court. Sizing is spot on. Would buy again.,Highly recommend. Outsole durability. Ventilation. Great grip on the court. Sizing is spot on. Would buy again,highly recommend outsole durability ventilation great grip on the court sizing is spot on would buy again,17,https://runrepeat.com/jordan-luka-77,gen_970300,2025-07-28T06:52:42.000+00:00
Jordan Luka 77,gen_480756747,4,positive,Great basketball shoe,As a coach I've seen a lot of shoes and Lateral support. Outsole durability. Locks in on hardwood. Best shoe I've played in this year.,Great basketball shoe. As a coach I've seen a lot of shoes and Lateral support. Outsole durability. Locks in on hardwood. Best shoe I've played in this year,great basketball shoe as a coach i've seen a lot of shoes and lateral support outsole durability locks in on hardwood best shoe i've played in this year,28,https://runrepeat.com/jordan-luka-77,gen_970300,2025-09-04T06:52:42.000+00:00
Jordan Luka 77,gen_277255431,5,positive,Highly recommend,Lateral support. Court feel. Locks in on hardwood. Lockdown is excellent. Highly recommend.,Highly recommend. Lateral support. Court feel. Locks in on hardwood. Lockdown is excellent. Highly recommend,highly recommend lateral support court feel locks in on hardwood lockdown is excellent highly recommend,15,https://runrepeat.com/jordan-luka-77,gen_970300,2025-02-19T06:52:42.000+00:00
Jordan Luka 77,gen_181806418,5,positive,Best on the court,And value. Outsole durability. Sticky rubber outsole. Sizing is spot on.,Best on the court. And value. Outsole durability. Sticky rubber outsole. Sizing is spot on,best on the court and value outsole durability sticky rubber outsole sizing is spot on,15,https://runrepeat.com/jordan-luka-77,gen_970300,2025-05-08T06:52:42.000+00:00
Jordan Luka 77,gen_580855395,4,positive,low weight,Lateral support. Ventilation. Not the softest ride. Ordered my normal size and it fits perfectly. Best shoe I've played in this year.,low weight. Lateral support. Ventilation. Not the softest ride. Ordered my normal size and it fits perfectly. Best shoe I've played in this year,low weight lateral support ventilation not the softest ride ordered my normal size and it fits perfectly best shoe i've played in this year,24,https://runrepeat.com/jordan-luka-77,gen_970300,2024-08-17T06:52:42.000+00:00
Jordan Luka 77,gen_68186258,3,neutral,Okay shoe overall,"Tried these on a whim and they're now my go-to. Low weight. However, low shock absorption. Stiff at first but loosens up nicely","Okay shoe overall. Tried these on a whim and they're now my go-to. Low weight. However, low shock absorption. Stiff at first but loosens up nicely",okay shoe overall tried these on a whim and they're now my go to low weight however low shock absorption stiff at first but loosens up nicely,27,https://runrepeat.com/jordan-luka-77,gen_970300,2024-07-17T06:52:42.000+00:00
Jordan Luka 77,gen_753398410,4,positive,Love these shoes,Game-tested these for about 10 sessions. Court feel. Ventilation. Locks in on hardwood. Sizing is spot on. Super secure fit. Game changer for me.,Love these shoes. Game-tested these for about 10 sessions. Court feel. Ventilation. Locks in on hardwood. Sizing is spot on. Super secure fit. Game changer for me,love these shoes game tested these for about 10 sessions court feel ventilation locks in on hardwood sizing is spot on super secure fit game changer for me,28,https://runrepeat.com/jordan-luka-77,gen_970300,2025-07-11T06:52:42.000+00:00
Jordan Luka 77,gen_557078724,5,positive,Best on the court,Needed a new pair for the season and these delivered. Court feel. Low weight. Locks in on hardwood. Stays locked through cuts. Would buy again.,Best on the court. Needed a new pair for the season and these delivered. Court feel. Low weight. Locks in on hardwood. Stays locked through cuts. Would buy again,best on the court needed a new pair for the season and these delivered court feel low weight locks in on hardwood stays locked through cuts would buy again,29,https://runrepeat.com/jordan-luka-77,gen_970300,2025-01-04T06:52:42.000+00:00
Jordan Luka 77,gen_429714850,4,positive,Best on the court,I play D3 ball and Low weight. Court feel. Locks in on hardwood. Game changer for me.,Best on the court. I play D3 ball and Low weight. Court feel. Locks in on hardwood. Game changer for me,best on the court i play d3 ball and low weight court feel locks in on hardwood game changer for me,21,https://runrepeat.com/jordan-luka-77,gen_970300,2025-04-04T06:52:42.000+00:00
Jordan Luka 77,gen_467347454,2,negative,Wouldn't buy again,And a very low toebox. A firm ride. Disappointed overall.,Wouldn't buy again. And a very low toebox. A firm ride. Disappointed overall,wouldn't buy again and a very low toebox a firm ride disappointed overall,13,https://runrepeat.com/jordan-luka-77,gen_970300,2025-11-24T06:52:42.000+00:00
Jordan Luka 77,gen_396053962,5,positive,Best on the court,"For rec league ball, Ventilation. Lateral support. The grip is phenomenal. Sizing is spot on. Best shoe I've played in this year.","Best on the court. For rec league ball, Ventilation. Lateral support. The grip is phenomenal. Sizing is spot on. Best shoe I've played in this year",best on the court for rec league ball ventilation lateral support the grip is phenomenal sizing is spot on best shoe i've played in this year,26,https://runrepeat.com/jordan-luka-77,gen_970300,2024-09-02T06:52:42.000+00:00
Jordan Luka 77,gen_433826926,5,positive,Best on the court,Finally pulled the trigger on these and glad I did. And value. Lateral support. Super lightweight. Sizing is spot on. Lockdown is excellent. Highly recommend.,Best on the court. Finally pulled the trigger on these and glad I did. And value. Lateral support. Super lightweight. Sizing is spot on. Lockdown is excellent. Highly recommend,best on the court finally pulled the trigger on these and glad i did and value lateral support super lightweight sizing is spot on lockdown is excellent highly recommend,29,https://runrepeat.com/jordan-luka-77,gen_970300,2025-04-17T06:52:42.000+00:00
Jordan Luka 77,gen_250435549,4,positive,Great basketball shoe,"As a casual hooper, Ventilation. Low weight. Great grip on the court.","Great basketball shoe. As a casual hooper, Ventilation. Low weight. Great grip on the court",great basketball shoe as a casual hooper ventilation low weight great grip on the court,15,https://runrepeat.com/jordan-luka-77,gen_970300,2025-09-25T06:52:42.000+00:00
Jordan Luka 77,gen_518574785,2,negative,Low shock absorption,"For rec league ball, A firm ride. Weak bounce. Disappointed overall.","Low shock absorption. For rec league ball, A firm ride. Weak bounce. Disappointed overall",low shock absorption for rec league ball a firm ride weak bounce disappointed overall,14,https://runrepeat.com/jordan-luka-77,gen_970300,2025-08-19T06:52:42.000+00:00
New Balance Hesi Low,gen_700223587,4,positive,Highly recommend,As a coach I've seen a lot of shoes and And decent traction once warmed up. Responsiveness. Super lightweight. Lockdown is excellent. One of my favorite basketball shoes.,Highly recommend. As a coach I've seen a lot of shoes and And decent traction once warmed up. Responsiveness. Super lightweight. Lockdown is excellent. One of my favorite basketball shoes,highly recommend as a coach i've seen a lot of shoes and and decent traction once warmed up responsiveness super lightweight lockdown is excellent one of my favorite basketball shoes,30,https://runrepeat.com/new-balance-hesi-low,gen_950169,2025-02-01T06:52:42.000+00:00
New Balance Hesi Low,gen_488344946,5,positive,and decent traction once warmed up,Just finished my third week in these. Agility. And decent traction once warmed up. Feels almost weightless on foot.,and decent traction once warmed up. Just finished my third week in these. Agility. And decent traction once warmed up. Feels almost weightless on foot,and decent traction once warmed up just finished my third week in these agility and decent traction once warmed up feels almost weightless on foot,25,https://runrepeat.com/new-balance-hesi-low,gen_950169,2025-03-25T06:52:42.000+00:00
New Balance Hesi Low,gen_671854424,4,positive,and decent traction once warmed up,As a coach I've seen a lot of shoes and Responsiveness. Indoor durability. Feels almost weightless on foot. Game changer for me.,and decent traction once warmed up. As a coach I've seen a lot of shoes and Responsiveness. Indoor durability. Feels almost weightless on foot. Game changer for me,and decent traction once warmed up as a coach i've seen a lot of shoes and responsiveness indoor durability feels almost weightless on foot game changer for me,28,https://runrepeat.com/new-balance-hesi-low,gen_950169,2024-11-19T06:52:42.000+00:00
New Balance Hesi Low,gen_322376927,4,positive,Solid performance shoe,Really happy with this purchase. And decent traction once warmed up. Indoor durability. Super lightweight. Super secure fit. One of my favorite basketball shoes.,Solid performance shoe. Really happy with this purchase. And decent traction once warmed up. Indoor durability. Super lightweight. Super secure fit. One of my favorite basketball shoes,solid performance shoe really happy with this purchase and decent traction once warmed up indoor durability super lightweight super secure fit one of my favorite basketball shoes,27,https://runrepeat.com/new-balance-hesi-low,gen_950169,2025-08-11T06:52:42.000+00:00
New Balance Hesi Low,gen_717616693,3,neutral,Has its pros and cons,"Been playing for 15 years and Agility. However, and possible heel slippage. Needed about a week to feel natural","Has its pros and cons. Been playing for 15 years and Agility. However, and possible heel slippage. Needed about a week to feel natural",has its pros and cons been playing for 15 years and agility however and possible heel slippage needed about a week to feel natural,24,https://runrepeat.com/new-balance-hesi-low,gen_950169,2024-07-01T06:52:42.000+00:00
New Balance Hesi Low,gen_860132182,4,positive,Solid performance shoe,"For rec league ball, Stability. Indoor durability. Super lightweight. Ordered my normal size and it fits perfectly. Game changer for me.","Solid performance shoe. For rec league ball, Stability. Indoor durability. Super lightweight. Ordered my normal size and it fits perfectly. Game changer for me",solid performance shoe for rec league ball stability indoor durability super lightweight ordered my normal size and it fits perfectly game changer for me,24,https://runrepeat.com/new-balance-hesi-low,gen_950169,2025-08-04T06:52:42.000+00:00
New Balance Hesi Low,gen_517600638,5,positive,Highly recommend,My kid loves these shoes. Indoor durability. Responsiveness. Super lightweight. Ordered my normal size and it fits perfectly. Would buy again.,Highly recommend. My kid loves these shoes. Indoor durability. Responsiveness. Super lightweight. Ordered my normal size and it fits perfectly. Would buy again,highly recommend my kid loves these shoes indoor durability responsiveness super lightweight ordered my normal size and it fits perfectly would buy again,23,https://runrepeat.com/new-balance-hesi-low,gen_950169,2026-03-16T06:52:42.000+00:00
New Balance Hesi Low,gen_986940762,5,positive,Love these shoes,Been wearing these for a few months now. Agility. And decent traction once warmed up. Feels almost weightless on foot. Sizing is spot on. Game changer for me.,Love these shoes. Been wearing these for a few months now. Agility. And decent traction once warmed up. Feels almost weightless on foot. Sizing is spot on. Game changer for me,love these shoes been wearing these for a few months now agility and decent traction once warmed up feels almost weightless on foot sizing is spot on game changer for me,31,https://runrepeat.com/new-balance-hesi-low,gen_950169,2025-07-11T06:52:42.000+00:00
New Balance Hesi Low,gen_988485647,4,positive,Highly recommend,"Bought these for several players on my team, Agility. Responsiveness. Super lightweight.","Highly recommend. Bought these for several players on my team, Agility. Responsiveness. Super lightweight",highly recommend bought these for several players on my team agility responsiveness super lightweight,14,https://runrepeat.com/new-balance-hesi-low,gen_950169,2025-10-24T06:52:42.000+00:00
New Balance Hesi Low,gen_310868117,5,positive,Best on the court,Responsiveness. Agility. Super lightweight. Lockdown is excellent. Would buy again.,Best on the court. Responsiveness. Agility. Super lightweight. Lockdown is excellent. Would buy again,best on the court responsiveness agility super lightweight lockdown is excellent would buy again,14,https://runrepeat.com/new-balance-hesi-low,gen_950169,2024-10-23T06:52:42.000+00:00
New Balance Hesi Low,gen_455106502,5,positive,Agility,Been wearing these for a few months now. Responsiveness. And decent traction once warmed up. Super lightweight. Foot doesn't move at all.,Agility. Been wearing these for a few months now. Responsiveness. And decent traction once warmed up. Super lightweight. Foot doesn't move at all,agility been wearing these for a few months now responsiveness and decent traction once warmed up super lightweight foot doesn't move at all,23,https://runrepeat.com/new-balance-hesi-low,gen_950169,2024-11-13T06:52:42.000+00:00
New Balance Hesi Low,gen_750810042,3,neutral,Decent but not perfect,"Been wearing these for a few months now. Responsiveness. However, poor ventilation. Decent shoe overall but nothing special.","Decent but not perfect. Been wearing these for a few months now. Responsiveness. However, poor ventilation. Decent shoe overall but nothing special",decent but not perfect been wearing these for a few months now responsiveness however poor ventilation decent shoe overall but nothing special,22,https://runrepeat.com/new-balance-hesi-low,gen_950169,2025-11-14T06:52:42.000+00:00
New Balance Hesi Low,gen_221785516,5,positive,Highly recommend,Stability. Indoor durability. Super lightweight. Ordered my normal size and it fits perfectly. Foot doesn't move at all. Best shoe I've played in this year.,Highly recommend. Stability. Indoor durability. Super lightweight. Ordered my normal size and it fits perfectly. Foot doesn't move at all. Best shoe I've played in this year,highly recommend stability indoor durability super lightweight ordered my normal size and it fits perfectly foot doesn't move at all best shoe i've played in this year,27,https://runrepeat.com/new-balance-hesi-low,gen_950169,2026-03-10T06:52:42.000+00:00
New Balance Hesi Low,gen_642759811,5,positive,Solid performance shoe,Been playing for 15 years and And decent traction once warmed up. Indoor durability. Doesn't slow you down.,Solid performance shoe. Been playing for 15 years and And decent traction once warmed up. Indoor durability. Doesn't slow you down,solid performance shoe been playing for 15 years and and decent traction once warmed up indoor durability doesn't slow you down,21,https://runrepeat.com/new-balance-hesi-low,gen_950169,2024-11-01T06:52:42.000+00:00
New Balance Hesi Low,gen_920994073,5,positive,Worth it,"Compared to my other pairs, And decent traction once warmed up. Indoor durability. Feels almost weightless on foot. Game changer for me.","Worth it. Compared to my other pairs, And decent traction once warmed up. Indoor durability. Feels almost weightless on foot. Game changer for me",worth it compared to my other pairs and decent traction once warmed up indoor durability feels almost weightless on foot game changer for me,24,https://runrepeat.com/new-balance-hesi-low,gen_950169,2025-12-14T06:52:42.000+00:00
New Balance Hesi Low,gen_985390823,4,positive,Highly recommend,Bought these for the season and have no regrets. Agility. Indoor durability. Feels almost weightless on foot. Sizing is spot on. No heel slip whatsoever. Highly recommend.,Highly recommend. Bought these for the season and have no regrets. Agility. Indoor durability. Feels almost weightless on foot. Sizing is spot on. No heel slip whatsoever. Highly recommend,highly recommend bought these for the season and have no regrets agility indoor durability feels almost weightless on foot sizing is spot on no heel slip whatsoever highly recommend,29,https://runrepeat.com/new-balance-hesi-low,gen_950169,2025-09-14T06:52:42.000+00:00
New Balance Hesi Low,gen_424869960,4,positive,indoor durability,Responsiveness. Stability. Feels almost weightless on foot. Fits true to size.,indoor durability. Responsiveness. Stability. Feels almost weightless on foot. Fits true to size,indoor durability responsiveness stability feels almost weightless on foot fits true to size,13,https://runrepeat.com/new-balance-hesi-low,gen_950169,2025-08-07T06:52:42.000+00:00
New Balance Hesi Low,gen_287395318,2,negative,Wouldn't buy again,Just finished my third week in these. Indoor-only leanings. Poor ventilation. Disappointed overall.,Wouldn't buy again. Just finished my third week in these. Indoor-only leanings. Poor ventilation. Disappointed overall,wouldn't buy again just finished my third week in these indoor only leanings poor ventilation disappointed overall,17,https://runrepeat.com/new-balance-hesi-low,gen_950169,2026-03-01T06:52:42.000+00:00
New Balance Hesi Low,gen_974310190,4,positive,Highly recommend,I play pickup 3x a week and Stability. Indoor durability. Feels almost weightless on foot. One of my favorite basketball shoes.,Highly recommend. I play pickup 3x a week and Stability. Indoor durability. Feels almost weightless on foot. One of my favorite basketball shoes,highly recommend i play pickup 3x a week and stability indoor durability feels almost weightless on foot one of my favorite basketball shoes,23,https://runrepeat.com/new-balance-hesi-low,gen_950169,2025-04-24T06:52:42.000+00:00
New Balance Hesi Low,gen_789161567,5,positive,Best on the court,As a coach I've seen a lot of shoes and Agility. Stability. Feels almost weightless on foot. Ordered my normal size and it fits perfectly. Lockdown is excellent. Best shoe I've played in this year.,Best on the court. As a coach I've seen a lot of shoes and Agility. Stability. Feels almost weightless on foot. Ordered my normal size and it fits perfectly. Lockdown is excellent. Best shoe I've played in this year,best on the court as a coach i've seen a lot of shoes and agility stability feels almost weightless on foot ordered my normal size and it fits perfectly lockdown is excellent best shoe i've played in this year,39,https://runrepeat.com/new-balance-hesi-low,gen_950169,2025-07-20T06:52:42.000+00:00
Nike Air Max Impact 4,gen_363987019,5,positive,responsive cushioning,"Bought these for several players on my team, A breathable and comfortable upper. Decent protection. Super lightweight. Fits true to size. No heel slip whatsoever. Would buy again.","responsive cushioning. Bought these for several players on my team, A breathable and comfortable upper. Decent protection. Super lightweight. Fits true to size. No heel slip whatsoever. Would buy again",responsive cushioning bought these for several players on my team a breathable and comfortable upper decent protection super lightweight fits true to size no heel slip whatsoever would buy again,30,https://runrepeat.com/nike-air-max-impact-4,gen_799264,2026-03-11T06:52:42.000+00:00
Nike Air Max Impact 4,gen_881940795,5,positive,Love these shoes,Needed a new pair for the season and these delivered. Responsive cushioning. A breathable and comfortable upper. Super lightweight. Ordered my normal size and it fits perfectly. Foot doesn't move at all. Highly recommend.,Love these shoes. Needed a new pair for the season and these delivered. Responsive cushioning. A breathable and comfortable upper. Super lightweight. Ordered my normal size and it fits perfectly. Foot doesn't move at all. Highly recommend,love these shoes needed a new pair for the season and these delivered responsive cushioning a breathable and comfortable upper super lightweight ordered my normal size and it fits perfectly foot doesn't move at all highly recommend,37,https://runrepeat.com/nike-air-max-impact-4,gen_799264,2025-11-06T06:52:42.000+00:00
Nike Air Max Impact 4,gen_649605429,4,positive,Love these shoes,Been wearing these for a few months now. And value. A breathable and comfortable upper. Super lightweight. Sizing is spot on. One of my favorite basketball shoes.,Love these shoes. Been wearing these for a few months now. And value. A breathable and comfortable upper. Super lightweight. Sizing is spot on. One of my favorite basketball shoes,love these shoes been wearing these for a few months now and value a breathable and comfortable upper super lightweight sizing is spot on one of my favorite basketball shoes,30,https://runrepeat.com/nike-air-max-impact-4,gen_799264,2024-12-28T06:52:42.000+00:00
Nike Air Max Impact 4,gen_575100315,4,positive,Best on the court,And value. Decent protection. Doesn't slow you down.,Best on the court. And value. Decent protection. Doesn't slow you down,best on the court and value decent protection doesn't slow you down,12,https://runrepeat.com/nike-air-max-impact-4,gen_799264,2024-08-27T06:52:42.000+00:00
Nike Air Max Impact 4,gen_796706229,4,positive,Worth it,Responsive cushioning. And value. Super lightweight. Sizing is spot on. Stays locked through cuts. Game changer for me.,Worth it. Responsive cushioning. And value. Super lightweight. Sizing is spot on. Stays locked through cuts. Game changer for me,worth it responsive cushioning and value super lightweight sizing is spot on stays locked through cuts game changer for me,20,https://runrepeat.com/nike-air-max-impact-4,gen_799264,2026-03-01T06:52:42.000+00:00
Nike Air Max Impact 4,gen_460592731,5,positive,Love these shoes,Bought these for my son and Good containment. Responsive cushioning. Super lightweight. Foot doesn't move at all.,Love these shoes. Bought these for my son and Good containment. Responsive cushioning. Super lightweight. Foot doesn't move at all,love these shoes bought these for my son and good containment responsive cushioning super lightweight foot doesn't move at all,20,https://runrepeat.com/nike-air-max-impact-4,gen_799264,2024-05-08T06:52:42.000+00:00
Nike Air Max Impact 4,gen_696525836,4,positive,Best on the court,Needed a new pair for the season and these delivered. Decent protection. And value. Super lightweight. Ordered my normal size and it fits perfectly.,Best on the court. Needed a new pair for the season and these delivered. Decent protection. And value. Super lightweight. Ordered my normal size and it fits perfectly,best on the court needed a new pair for the season and these delivered decent protection and value super lightweight ordered my normal size and it fits perfectly,28,https://runrepeat.com/nike-air-max-impact-4,gen_799264,2026-02-14T06:52:42.000+00:00
Nike Air Max Impact 4,gen_877333744,4,positive,Great basketball shoe,Finally pulled the trigger on these and glad I did. A breathable and comfortable upper. Consistent grip. Feels almost weightless on foot. Foot doesn't move at all. Game changer for me.,Great basketball shoe. Finally pulled the trigger on these and glad I did. A breathable and comfortable upper. Consistent grip. Feels almost weightless on foot. Foot doesn't move at all. Game changer for me,great basketball shoe finally pulled the trigger on these and glad i did a breathable and comfortable upper consistent grip feels almost weightless on foot foot doesn't move at all game changer for me,34,https://runrepeat.com/nike-air-max-impact-4,gen_799264,2025-03-13T06:52:42.000+00:00
Nike Air Max Impact 4,gen_996112568,4,positive,Highly recommend,Just finished my third week in these. Good containment. Responsive cushioning. Feels almost weightless on foot. Sizing is spot on.,Highly recommend. Just finished my third week in these. Good containment. Responsive cushioning. Feels almost weightless on foot. Sizing is spot on,highly recommend just finished my third week in these good containment responsive cushioning feels almost weightless on foot sizing is spot on,22,https://runrepeat.com/nike-air-max-impact-4,gen_799264,2026-01-09T06:52:42.000+00:00
Nike Air Max Impact 4,gen_874073384,5,positive,Great basketball shoe,"For rec league ball, A breathable and comfortable upper. Consistent grip. Doesn't slow you down. Would buy again.","Great basketball shoe. For rec league ball, A breathable and comfortable upper. Consistent grip. Doesn't slow you down. Would buy again",great basketball shoe for rec league ball a breathable and comfortable upper consistent grip doesn't slow you down would buy again,21,https://runrepeat.com/nike-air-max-impact-4,gen_799264,2026-03-20T06:52:42.000+00:00
Nike Air Max Impact 4,gen_377525671,5,positive,Love these shoes,And value. Decent protection. Doesn't slow you down. Super secure fit. Highly recommend.,Love these shoes. And value. Decent protection. Doesn't slow you down. Super secure fit. Highly recommend,love these shoes and value decent protection doesn't slow you down super secure fit highly recommend,16,https://runrepeat.com/nike-air-max-impact-4,gen_799264,2024-09-03T06:52:42.000+00:00
Nike Air Max Impact 4,gen_801931201,3,neutral,Decent but not perfect,"Responsive cushioning. However, a break-in period and a narrower fit. Decent shoe overall but nothing special.","Decent but not perfect. Responsive cushioning. However, a break-in period and a narrower fit. Decent shoe overall but nothing special",decent but not perfect responsive cushioning however a break in period and a narrower fit decent shoe overall but nothing special,21,https://runrepeat.com/nike-air-max-impact-4,gen_799264,2024-12-06T06:52:42.000+00:00
Nike Air Max Impact 4,gen_330531375,5,positive,Love these shoes,"Compared to my other pairs, Consistent grip. Good containment. Feels almost weightless on foot. Sizing is spot on. Best shoe I've played in this year.","Love these shoes. Compared to my other pairs, Consistent grip. Good containment. Feels almost weightless on foot. Sizing is spot on. Best shoe I've played in this year",love these shoes compared to my other pairs consistent grip good containment feels almost weightless on foot sizing is spot on best shoe i've played in this year,28,https://runrepeat.com/nike-air-max-impact-4,gen_799264,2026-01-14T06:52:42.000+00:00
Nike Air Max Impact 4,gen_156647403,3,neutral,Mixed feelings,"Big sneaker collector here — Consistent grip. However, a break-in period and a narrower fit. Stiff at first but loosens up nicely","Mixed feelings. Big sneaker collector here — Consistent grip. However, a break-in period and a narrower fit. Stiff at first but loosens up nicely",mixed feelings big sneaker collector here consistent grip however a break in period and a narrower fit stiff at first but loosens up nicely,24,https://runrepeat.com/nike-air-max-impact-4,gen_799264,2024-06-11T06:52:42.000+00:00
Nike Air Max Impact 4,gen_886885037,3,neutral,Good not great,"Bought these after my old pair died. Decent protection. However, a break-in period and a narrower fit. Decent shoe overall but nothing special.","Good not great. Bought these after my old pair died. Decent protection. However, a break-in period and a narrower fit. Decent shoe overall but nothing special",good not great bought these after my old pair died decent protection however a break in period and a narrower fit decent shoe overall but nothing special,27,https://runrepeat.com/nike-air-max-impact-4,gen_799264,2025-02-18T06:52:42.000+00:00
Nike Air Max Impact 4,gen_89811301,5,positive,responsive cushioning,Tried these on a whim and they're now my go-to. Responsive cushioning. And value. Super lightweight. Ordered my normal size and it fits perfectly. Game changer for me.,responsive cushioning. Tried these on a whim and they're now my go-to. Responsive cushioning. And value. Super lightweight. Ordered my normal size and it fits perfectly. Game changer for me,responsive cushioning tried these on a whim and they're now my go to responsive cushioning and value super lightweight ordered my normal size and it fits perfectly game changer for me,31,https://runrepeat.com/nike-air-max-impact-4,gen_799264,2025-12-14T06:52:42.000+00:00
Nike Air Max Impact 4,gen_993637718,4,positive,Worth it,"For rec league ball, And value. Decent protection. Doesn't slow you down. Sizing is spot on. Best shoe I've played in this year.","Worth it. For rec league ball, And value. Decent protection. Doesn't slow you down. Sizing is spot on. Best shoe I've played in this year",worth it for rec league ball and value decent protection doesn't slow you down sizing is spot on best shoe i've played in this year,25,https://runrepeat.com/nike-air-max-impact-4,gen_799264,2024-08-29T06:52:42.000+00:00
Nike Air Max Impact 4,gen_823760474,3,neutral,Has its pros and cons,"Decent protection. However, a break-in period and a narrower fit. Decent shoe overall but nothing special.","Has its pros and cons. Decent protection. However, a break-in period and a narrower fit. Decent shoe overall but nothing special",has its pros and cons decent protection however a break in period and a narrower fit decent shoe overall but nothing special,22,https://runrepeat.com/nike-air-max-impact-4,gen_799264,2025-10-08T06:52:42.000+00:00
Nike Air Max Impact 4,gen_550477250,4,positive,Great basketball shoe,"For rec league ball, A breathable and comfortable upper. Responsive cushioning. Feels almost weightless on foot. Sizing is spot on.","Great basketball shoe. For rec league ball, A breathable and comfortable upper. Responsive cushioning. Feels almost weightless on foot. Sizing is spot on",great basketball shoe for rec league ball a breathable and comfortable upper responsive cushioning feels almost weightless on foot sizing is spot on,23,https://runrepeat.com/nike-air-max-impact-4,gen_799264,2025-01-17T06:52:42.000+00:00
Nike Air Max Impact 4,gen_707598983,3,neutral,Good not great,"And value. However, a break-in period and a narrower fit. Needed about a week to feel natural","Good not great. And value. However, a break-in period and a narrower fit. Needed about a week to feel natural",good not great and value however a break in period and a narrower fit needed about a week to feel natural,21,https://runrepeat.com/nike-air-max-impact-4,gen_799264,2026-04-15T06:52:42.000+00:00
PUMA MB.02,gen_803683091,5,positive,and durability,I own about 30 pairs of basketball shoes and Stability. Comfort. You feel the weight after a long game. Game changer for me.,and durability. I own about 30 pairs of basketball shoes and Stability. Comfort. You feel the weight after a long game. Game changer for me,and durability i own about 30 pairs of basketball shoes and stability comfort you feel the weight after a long game game changer for me,25,https://runrepeat.com/puma-mb-02,gen_718223,2024-10-28T06:52:42.000+00:00
PUMA MB.02,gen_941962616,4,positive,Best on the court,"Compared to my other pairs, And durability. Cushioning. Could be lighter. Game changer for me.","Best on the court. Compared to my other pairs, And durability. Cushioning. Could be lighter. Game changer for me",best on the court compared to my other pairs and durability cushioning could be lighter game changer for me,19,https://runrepeat.com/puma-mb-02,gen_718223,2026-03-08T06:52:42.000+00:00
PUMA MB.02,gen_993193986,5,positive,Love these shoes,And durability. Cushioning. Could be lighter. Best shoe I've played in this year.,Love these shoes. And durability. Cushioning. Could be lighter. Best shoe I've played in this year,love these shoes and durability cushioning could be lighter best shoe i've played in this year,16,https://runrepeat.com/puma-mb-02,gen_718223,2024-09-14T06:52:42.000+00:00
PUMA MB.02,gen_39282514,5,positive,Love these shoes,Big sneaker collector here — Stability. Comfort. Runs a little heavy. Game changer for me.,Love these shoes. Big sneaker collector here — Stability. Comfort. Runs a little heavy. Game changer for me,love these shoes big sneaker collector here stability comfort runs a little heavy game changer for me,17,https://runrepeat.com/puma-mb-02,gen_718223,2025-07-25T06:52:42.000+00:00
PUMA MB.02,gen_377773913,5,positive,Best on the court,Been playing for 15 years and Support. Containment. Runs a little heavy. Fits true to size. Best shoe I've played in this year.,Best on the court. Been playing for 15 years and Support. Containment. Runs a little heavy. Fits true to size. Best shoe I've played in this year,best on the court been playing for 15 years and support containment runs a little heavy fits true to size best shoe i've played in this year,27,https://runrepeat.com/puma-mb-02,gen_718223,2025-02-20T06:52:42.000+00:00
PUMA MB.02,gen_556610359,4,positive,Best on the court,Containment. Traction. Runs a little heavy.,Best on the court. Containment. Traction. Runs a little heavy,best on the court containment traction runs a little heavy,10,https://runrepeat.com/puma-mb-02,gen_718223,2025-08-25T06:52:42.000+00:00
PUMA MB.02,gen_303828257,5,positive,Best on the court,Got these for my daughter and Support. Cushioning. You feel the weight after a long game. Sizing is spot on.,Best on the court. Got these for my daughter and Support. Cushioning. You feel the weight after a long game. Sizing is spot on,best on the court got these for my daughter and support cushioning you feel the weight after a long game sizing is spot on,24,https://runrepeat.com/puma-mb-02,gen_718223,2026-04-01T06:52:42.000+00:00
PUMA MB.02,gen_719642366,5,positive,Highly recommend,My kid loves these shoes. Comfort. Stability. Could be lighter. Sizing is spot on. Foot doesn't move at all. One of my favorite basketball shoes.,Highly recommend. My kid loves these shoes. Comfort. Stability. Could be lighter. Sizing is spot on. Foot doesn't move at all. One of my favorite basketball shoes,highly recommend my kid loves these shoes comfort stability could be lighter sizing is spot on foot doesn't move at all one of my favorite basketball shoes,27,https://runrepeat.com/puma-mb-02,gen_718223,2025-06-10T06:52:42.000+00:00
PUMA MB.02,gen_973093827,4,positive,Worth it,Been wearing these for a few months now. And durability. Cushioning. Runs a little heavy. Super secure fit.,Worth it. Been wearing these for a few months now. And durability. Cushioning. Runs a little heavy. Super secure fit,worth it been wearing these for a few months now and durability cushioning runs a little heavy super secure fit,20,https://runrepeat.com/puma-mb-02,gen_718223,2025-12-27T06:52:42.000+00:00
PUMA MB.02,gen_698229781,4,positive,Solid performance shoe,Got these for my daughter and Containment. Traction. Runs a little heavy. Ordered my normal size and it fits perfectly. Lockdown is excellent. Highly recommend.,Solid performance shoe. Got these for my daughter and Containment. Traction. Runs a little heavy. Ordered my normal size and it fits perfectly. Lockdown is excellent. Highly recommend,solid performance shoe got these for my daughter and containment traction runs a little heavy ordered my normal size and it fits perfectly lockdown is excellent highly recommend,28,https://runrepeat.com/puma-mb-02,gen_718223,2025-04-26T06:52:42.000+00:00
PUMA MB.02,gen_990427323,4,positive,Solid performance shoe,These shoes are solid. Traction. Cushioning. Runs a little heavy. Sizing is spot on. Stays locked through cuts. One of my favorite basketball shoes.,Solid performance shoe. These shoes are solid. Traction. Cushioning. Runs a little heavy. Sizing is spot on. Stays locked through cuts. One of my favorite basketball shoes,solid performance shoe these shoes are solid traction cushioning runs a little heavy sizing is spot on stays locked through cuts one of my favorite basketball shoes,27,https://runrepeat.com/puma-mb-02,gen_718223,2026-03-23T06:52:42.000+00:00
PUMA MB.02,gen_100976748,5,positive,stability,Bought these after my old pair died. And durability. Containment. Runs a little heavy. Ordered my normal size and it fits perfectly.,stability. Bought these after my old pair died. And durability. Containment. Runs a little heavy. Ordered my normal size and it fits perfectly,stability bought these after my old pair died and durability containment runs a little heavy ordered my normal size and it fits perfectly,23,https://runrepeat.com/puma-mb-02,gen_718223,2024-05-08T06:52:42.000+00:00
PUMA MB.02,gen_490977956,5,positive,Worth it,And durability. Containment. You feel the weight after a long game. Super secure fit. Highly recommend.,Worth it. And durability. Containment. You feel the weight after a long game. Super secure fit. Highly recommend,worth it and durability containment you feel the weight after a long game super secure fit highly recommend,18,https://runrepeat.com/puma-mb-02,gen_718223,2026-03-16T06:52:42.000+00:00
PUMA MB.02,gen_723694595,5,positive,Highly recommend,Game-tested these for about 10 sessions. Comfort. Stability. Could be lighter. Super secure fit.,Highly recommend. Game-tested these for about 10 sessions. Comfort. Stability. Could be lighter. Super secure fit,highly recommend game tested these for about 10 sessions comfort stability could be lighter super secure fit,17,https://runrepeat.com/puma-mb-02,gen_718223,2026-01-25T06:52:42.000+00:00
PUMA MB.02,gen_86888338,5,positive,support,Cushioning. Traction. Runs a little heavy. Ordered my normal size and it fits perfectly.,support. Cushioning. Traction. Runs a little heavy. Ordered my normal size and it fits perfectly,support cushioning traction runs a little heavy ordered my normal size and it fits perfectly,15,https://runrepeat.com/puma-mb-02,gen_718223,2025-05-09T06:52:42.000+00:00
PUMA MB.02,gen_14904589,5,positive,Best on the court,Support. Stability. You feel the weight after a long game. Lockdown is excellent. One of my favorite basketball shoes.,Best on the court. Support. Stability. You feel the weight after a long game. Lockdown is excellent. One of my favorite basketball shoes,best on the court support stability you feel the weight after a long game lockdown is excellent one of my favorite basketball shoes,23,https://runrepeat.com/puma-mb-02,gen_718223,2024-06-11T06:52:42.000+00:00
PUMA MB.02,gen_596227769,4,positive,Worth it,Stability. And durability. Could be lighter. Game changer for me.,Worth it. Stability. And durability. Could be lighter. Game changer for me,worth it stability and durability could be lighter game changer for me,12,https://runrepeat.com/puma-mb-02,gen_718223,2025-06-11T06:52:42.000+00:00
PUMA MB.02,gen_816955171,5,positive,Love these shoes,As a coach I've seen a lot of shoes and Stability. Support. You feel the weight after a long game. Fits true to size.,Love these shoes. As a coach I've seen a lot of shoes and Stability. Support. You feel the weight after a long game. Fits true to size,love these shoes as a coach i've seen a lot of shoes and stability support you feel the weight after a long game fits true to size,27,https://runrepeat.com/puma-mb-02,gen_718223,2026-01-10T06:52:42.000+00:00
PUMA MB.02,gen_725441637,4,positive,Great basketball shoe,Stability. Cushioning. Runs a little heavy. Highly recommend.,Great basketball shoe. Stability. Cushioning. Runs a little heavy. Highly recommend,great basketball shoe stability cushioning runs a little heavy highly recommend,11,https://runrepeat.com/puma-mb-02,gen_718223,2025-07-13T06:52:42.000+00:00
PUMA MB.02,gen_339298406,5,positive,stability,Cushioning. Comfort. You feel the weight after a long game. Best shoe I've played in this year.,stability. Cushioning. Comfort. You feel the weight after a long game. Best shoe I've played in this year,stability cushioning comfort you feel the weight after a long game best shoe i've played in this year,18,https://runrepeat.com/puma-mb-02,gen_718223,2024-06-18T06:52:42.000+00:00
PUMA TRC Blaze Court,gen_292022290,3,neutral,Good not great,"I play pickup 3x a week and And a true-to-size fit. However, and limited ventilation. Takes a few sessions to break in","Good not great. I play pickup 3x a week and And a true-to-size fit. However, and limited ventilation. Takes a few sessions to break in",good not great i play pickup 3x a week and and a true to size fit however and limited ventilation takes a few sessions to break in,27,https://runrepeat.com/puma-trc-blaze-court,gen_514083,2024-07-16T06:52:42.000+00:00
PUMA TRC Blaze Court,gen_291508192,5,positive,Solid performance shoe,Bought these after my old pair died. Strong impact protection. Containment. Super lightweight. Would buy again.,Solid performance shoe. Bought these after my old pair died. Strong impact protection. Containment. Super lightweight. Would buy again,solid performance shoe bought these after my old pair died strong impact protection containment super lightweight would buy again,19,https://runrepeat.com/puma-trc-blaze-court,gen_514083,2024-12-04T06:52:42.000+00:00
PUMA TRC Blaze Court,gen_936335852,4,positive,Highly recommend,Containment. Strong impact protection. Doesn't slow you down. Fits true to size. Best shoe I've played in this year.,Highly recommend. Containment. Strong impact protection. Doesn't slow you down. Fits true to size. Best shoe I've played in this year,highly recommend containment strong impact protection doesn't slow you down fits true to size best shoe i've played in this year,21,https://runrepeat.com/puma-trc-blaze-court,gen_514083,2025-07-02T06:52:42.000+00:00
PUMA TRC Blaze Court,gen_121439941,4,positive,Highly recommend,Finally pulled the trigger on these and glad I did. Comfort. A smooth ride. Feels almost weightless on foot. Fits true to size. One of my favorite basketball shoes.,Highly recommend. Finally pulled the trigger on these and glad I did. Comfort. A smooth ride. Feels almost weightless on foot. Fits true to size. One of my favorite basketball shoes,highly recommend finally pulled the trigger on these and glad i did comfort a smooth ride feels almost weightless on foot fits true to size one of my favorite basketball shoes,31,https://runrepeat.com/puma-trc-blaze-court,gen_514083,2024-05-15T06:52:42.000+00:00
PUMA TRC Blaze Court,gen_107821906,5,positive,Best on the court,And a true-to-size fit. Strong impact protection. Super lightweight. Foot doesn't move at all.,Best on the court. And a true-to-size fit. Strong impact protection. Super lightweight. Foot doesn't move at all,best on the court and a true to size fit strong impact protection super lightweight foot doesn't move at all,20,https://runrepeat.com/puma-trc-blaze-court,gen_514083,2026-02-08T06:52:42.000+00:00
PUMA TRC Blaze Court,gen_943396180,3,neutral,Mixed feelings,"Really happy with this purchase. A smooth ride. However, cheap materials. Needed about a week to feel natural","Mixed feelings. Really happy with this purchase. A smooth ride. However, cheap materials. Needed about a week to feel natural",mixed feelings really happy with this purchase a smooth ride however cheap materials needed about a week to feel natural,20,https://runrepeat.com/puma-trc-blaze-court,gen_514083,2025-12-30T06:52:42.000+00:00
PUMA TRC Blaze Court,gen_551698660,3,neutral,Decent but not perfect,"I recommend these to my players. Containment. However, weak durability. Needed about a week to feel natural","Decent but not perfect. I recommend these to my players. Containment. However, weak durability. Needed about a week to feel natural",decent but not perfect i recommend these to my players containment however weak durability needed about a week to feel natural,21,https://runrepeat.com/puma-trc-blaze-court,gen_514083,2024-06-28T06:52:42.000+00:00
PUMA TRC Blaze Court,gen_870399462,3,neutral,Decent but not perfect,"My kid loves these shoes. Containment. However, and limited ventilation. Stiff at first but loosens up nicely","Decent but not perfect. My kid loves these shoes. Containment. However, and limited ventilation. Stiff at first but loosens up nicely",decent but not perfect my kid loves these shoes containment however and limited ventilation stiff at first but loosens up nicely,21,https://runrepeat.com/puma-trc-blaze-court,gen_514083,2025-01-23T06:52:42.000+00:00
PUMA TRC Blaze Court,gen_389703328,4,positive,Highly recommend,Been playing for 15 years and Strong impact protection. And a true-to-size fit. Feels almost weightless on foot. Sizing is spot on. Game changer for me.,Highly recommend. Been playing for 15 years and Strong impact protection. And a true-to-size fit. Feels almost weightless on foot. Sizing is spot on. Game changer for me,highly recommend been playing for 15 years and strong impact protection and a true to size fit feels almost weightless on foot sizing is spot on game changer for me,30,https://runrepeat.com/puma-trc-blaze-court,gen_514083,2025-01-03T06:52:42.000+00:00
PUMA TRC Blaze Court,gen_883886063,4,positive,Great basketball shoe,Strong impact protection. Containment. Super lightweight. Super secure fit. Highly recommend.,Great basketball shoe. Strong impact protection. Containment. Super lightweight. Super secure fit. Highly recommend,great basketball shoe strong impact protection containment super lightweight super secure fit highly recommend,14,https://runrepeat.com/puma-trc-blaze-court,gen_514083,2024-12-24T06:52:42.000+00:00
PUMA TRC Blaze Court,gen_41128566,5,positive,Great basketball shoe,Just finished my third week in these. Containment. Strong impact protection. Doesn't slow you down.,Great basketball shoe. Just finished my third week in these. Containment. Strong impact protection. Doesn't slow you down,great basketball shoe just finished my third week in these containment strong impact protection doesn't slow you down,18,https://runrepeat.com/puma-trc-blaze-court,gen_514083,2025-07-20T06:52:42.000+00:00
PUMA TRC Blaze Court,gen_619680589,3,neutral,Good not great,"I recommend these to my players. Quick-movement traction. However, weak durability. Decent shoe overall but nothing special.","Good not great. I recommend these to my players. Quick-movement traction. However, weak durability. Decent shoe overall but nothing special",good not great i recommend these to my players quick movement traction however weak durability decent shoe overall but nothing special,21,https://runrepeat.com/puma-trc-blaze-court,gen_514083,2025-03-25T06:52:42.000+00:00
PUMA TRC Blaze Court,gen_767723647,5,positive,Best on the court,Bought these for the season and have no regrets. And a true-to-size fit. Comfort. Doesn't slow you down. Fits true to size. Stays locked through cuts.,Best on the court. Bought these for the season and have no regrets. And a true-to-size fit. Comfort. Doesn't slow you down. Fits true to size. Stays locked through cuts,best on the court bought these for the season and have no regrets and a true to size fit comfort doesn't slow you down fits true to size stays locked through cuts,32,https://runrepeat.com/puma-trc-blaze-court,gen_514083,2025-03-05T06:52:42.000+00:00
PUMA TRC Blaze Court,gen_363394503,4,positive,Great basketball shoe,Bought these for the season and have no regrets. Comfort. Strong impact protection. Doesn't slow you down. Best shoe I've played in this year.,Great basketball shoe. Bought these for the season and have no regrets. Comfort. Strong impact protection. Doesn't slow you down. Best shoe I've played in this year,great basketball shoe bought these for the season and have no regrets comfort strong impact protection doesn't slow you down best shoe i've played in this year,27,https://runrepeat.com/puma-trc-blaze-court,gen_514083,2025-10-17T06:52:42.000+00:00
PUMA TRC Blaze Court,gen_616647863,3,neutral,Mixed feelings,"I own about 30 pairs of basketball shoes and Comfort. However, and limited ventilation. Decent shoe overall but nothing special.","Mixed feelings. I own about 30 pairs of basketball shoes and Comfort. However, and limited ventilation. Decent shoe overall but nothing special",mixed feelings i own about 30 pairs of basketball shoes and comfort however and limited ventilation decent shoe overall but nothing special,22,https://runrepeat.com/puma-trc-blaze-court,gen_514083,2024-09-18T06:52:42.000+00:00
PUMA TRC Blaze Court,gen_926289962,4,positive,Great basketball shoe,I recommend these to my players. And a true-to-size fit. Comfort. Doesn't slow you down. Super secure fit. Game changer for me.,Great basketball shoe. I recommend these to my players. And a true-to-size fit. Comfort. Doesn't slow you down. Super secure fit. Game changer for me,great basketball shoe i recommend these to my players and a true to size fit comfort doesn't slow you down super secure fit game changer for me,27,https://runrepeat.com/puma-trc-blaze-court,gen_514083,2024-06-06T06:52:42.000+00:00
PUMA TRC Blaze Court,gen_360660418,3,neutral,Okay shoe overall,"Tried these on a whim and they're now my go-to. A smooth ride. However, weak durability. Needed about a week to feel natural","Okay shoe overall. Tried these on a whim and they're now my go-to. A smooth ride. However, weak durability. Needed about a week to feel natural",okay shoe overall tried these on a whim and they're now my go to a smooth ride however weak durability needed about a week to feel natural,27,https://runrepeat.com/puma-trc-blaze-court,gen_514083,2025-05-25T06:52:42.000+00:00
PUMA TRC Blaze Court,gen_77387129,4,positive,Quick-movement traction,Bought these for my son and A smooth ride. Comfort. Feels almost weightless on foot. Ordered my normal size and it fits perfectly. Lockdown is excellent. Would buy again.,Quick-movement traction. Bought these for my son and A smooth ride. Comfort. Feels almost weightless on foot. Ordered my normal size and it fits perfectly. Lockdown is excellent. Would buy again,quick movement traction bought these for my son and a smooth ride comfort feels almost weightless on foot ordered my normal size and it fits perfectly lockdown is excellent would buy again,32,https://runrepeat.com/puma-trc-blaze-court,gen_514083,2025-08-29T06:52:42.000+00:00
PUMA TRC Blaze Court,gen_133328108,3,neutral,Mixed feelings,"For rec league ball, A smooth ride. However, cheap materials. Takes a few sessions to break in","Mixed feelings. For rec league ball, A smooth ride. However, cheap materials. Takes a few sessions to break in",mixed feelings for rec league ball a smooth ride however cheap materials takes a few sessions to break in,19,https://runrepeat.com/puma-trc-blaze-court,gen_514083,2024-05-25T06:52:42.000+00:00
PUMA TRC Blaze Court,gen_239159889,3,neutral,Okay shoe overall,"Just finished my third week in these. Strong impact protection. However, dust sensitivity. Takes a few sessions to break in","Okay shoe overall. Just finished my third week in these. Strong impact protection. However, dust sensitivity. Takes a few sessions to break in",okay shoe overall just finished my third week in these strong impact protection however dust sensitivity takes a few sessions to break in,23,https://runrepeat.com/puma-trc-blaze-court,gen_514083,2026-03-16T06:52:42.000+00:00
Jordan Zion 2,gen_208364116,5,positive,Great basketball shoe,Finally pulled the trigger on these and glad I did. Pronounced court feel. Side-to-side traction. Runs a little heavy. Stays locked through cuts. Game changer for me.,Great basketball shoe. Finally pulled the trigger on these and glad I did. Pronounced court feel. Side-to-side traction. Runs a little heavy. Stays locked through cuts. Game changer for me,great basketball shoe finally pulled the trigger on these and glad i did pronounced court feel side to side traction runs a little heavy stays locked through cuts game changer for me,32,https://runrepeat.com/jordan-zion-2,gen_184601,2024-05-09T06:52:42.000+00:00
Jordan Zion 2,gen_801262464,5,positive,Love these shoes,Really happy with this purchase. And a true-to-size fit. Breathability. Runs a little heavy. Foot doesn't move at all. Highly recommend.,Love these shoes. Really happy with this purchase. And a true-to-size fit. Breathability. Runs a little heavy. Foot doesn't move at all. Highly recommend,love these shoes really happy with this purchase and a true to size fit breathability runs a little heavy foot doesn't move at all highly recommend,26,https://runrepeat.com/jordan-zion-2,gen_184601,2025-10-21T06:52:42.000+00:00
Jordan Zion 2,gen_33554339,2,negative,Not worth it,Been playing for 15 years and Dust pickup. Limited cushioning protection. Wouldn't buy again.,Not worth it. Been playing for 15 years and Dust pickup. Limited cushioning protection. Wouldn't buy again,not worth it been playing for 15 years and dust pickup limited cushioning protection wouldn't buy again,17,https://runrepeat.com/jordan-zion-2,gen_184601,2024-07-28T06:52:42.000+00:00
Jordan Zion 2,gen_979071592,5,positive,Great basketball shoe,Pronounced court feel. And a true-to-size fit. You feel the weight after a long game. Ordered my normal size and it fits perfectly. Foot doesn't move at all. Highly recommend.,Great basketball shoe. Pronounced court feel. And a true-to-size fit. You feel the weight after a long game. Ordered my normal size and it fits perfectly. Foot doesn't move at all. Highly recommend,great basketball shoe pronounced court feel and a true to size fit you feel the weight after a long game ordered my normal size and it fits perfectly foot doesn't move at all highly recommend,35,https://runrepeat.com/jordan-zion-2,gen_184601,2025-10-29T06:52:42.000+00:00
Jordan Zion 2,gen_680869326,3,neutral,Has its pros and cons,"Good energy return. However, dust pickup. Takes a few sessions to break in","Has its pros and cons. Good energy return. However, dust pickup. Takes a few sessions to break in",has its pros and cons good energy return however dust pickup takes a few sessions to break in,18,https://runrepeat.com/jordan-zion-2,gen_184601,2025-11-12T06:52:42.000+00:00
Jordan Zion 2,gen_74243740,3,neutral,Good not great,"I play pickup 3x a week and Good energy return. However, dust pickup. Needed about a week to feel natural","Good not great. I play pickup 3x a week and Good energy return. However, dust pickup. Needed about a week to feel natural",good not great i play pickup 3x a week and good energy return however dust pickup needed about a week to feel natural,23,https://runrepeat.com/jordan-zion-2,gen_184601,2025-07-24T06:52:42.000+00:00
Jordan Zion 2,gen_736728466,5,positive,Best on the court,Breathability. And a true-to-size fit. Could be lighter. Stays locked through cuts. Best shoe I've played in this year.,Best on the court. Breathability. And a true-to-size fit. Could be lighter. Stays locked through cuts. Best shoe I've played in this year,best on the court breathability and a true to size fit could be lighter stays locked through cuts best shoe i've played in this year,25,https://runrepeat.com/jordan-zion-2,gen_184601,2025-09-14T06:52:42.000+00:00
Jordan Zion 2,gen_117992983,4,positive,Solid performance shoe,Pronounced court feel. And a true-to-size fit. Could be lighter.,Solid performance shoe. Pronounced court feel. And a true-to-size fit. Could be lighter,solid performance shoe pronounced court feel and a true to size fit could be lighter,15,https://runrepeat.com/jordan-zion-2,gen_184601,2026-04-02T06:52:42.000+00:00
Jordan Zion 2,gen_814960025,5,positive,Solid performance shoe,Got these for my daughter and Good energy return. Side-to-side traction. You feel the weight after a long game. Ordered my normal size and it fits perfectly. Lockdown is excellent. Best shoe I've played in this year.,Solid performance shoe. Got these for my daughter and Good energy return. Side-to-side traction. You feel the weight after a long game. Ordered my normal size and it fits perfectly. Lockdown is excellent. Best shoe I've played in this year,solid performance shoe got these for my daughter and good energy return side to side traction you feel the weight after a long game ordered my normal size and it fits perfectly lockdown is excellent best shoe i've played in this year,42,https://runrepeat.com/jordan-zion-2,gen_184601,2025-12-28T06:52:42.000+00:00
Jordan Zion 2,gen_170759204,4,positive,Solid performance shoe,And a true-to-size fit. Support. Runs a little heavy. Would buy again.,Solid performance shoe. And a true-to-size fit. Support. Runs a little heavy. Would buy again,solid performance shoe and a true to size fit support runs a little heavy would buy again,17,https://runrepeat.com/jordan-zion-2,gen_184601,2025-08-19T06:52:42.000+00:00
Jordan Zion 2,gen_650218965,5,positive,Best on the court,Bought these after my old pair died. Breathability. Side-to-side traction. Could be lighter. Super secure fit. Would buy again.,Best on the court. Bought these after my old pair died. Breathability. Side-to-side traction. Could be lighter. Super secure fit. Would buy again,best on the court bought these after my old pair died breathability side to side traction could be lighter super secure fit would buy again,25,https://runrepeat.com/jordan-zion-2,gen_184601,2025-10-22T06:52:42.000+00:00
Jordan Zion 2,gen_91530547,5,positive,Solid performance shoe,Just finished my third week in these. And a true-to-size fit. Side-to-side traction. You feel the weight after a long game. Sizing is spot on. Stays locked through cuts. One of my favorite basketball shoes.,Solid performance shoe. Just finished my third week in these. And a true-to-size fit. Side-to-side traction. You feel the weight after a long game. Sizing is spot on. Stays locked through cuts. One of my favorite basketball shoes,solid performance shoe just finished my third week in these and a true to size fit side to side traction you feel the weight after a long game sizing is spot on stays locked through cuts one of my favorite basketball shoes,42,https://runrepeat.com/jordan-zion-2,gen_184601,2025-01-06T06:52:42.000+00:00
Jordan Zion 2,gen_297403154,3,neutral,Good not great,"These shoes are solid. Side-to-side traction. However, dust pickup. Takes a few sessions to break in","Good not great. These shoes are solid. Side-to-side traction. However, dust pickup. Takes a few sessions to break in",good not great these shoes are solid side to side traction however dust pickup takes a few sessions to break in,21,https://runrepeat.com/jordan-zion-2,gen_184601,2026-03-22T06:52:42.000+00:00
Jordan Zion 2,gen_749288614,4,positive,Love these shoes,Breathability. Side-to-side traction. Runs a little heavy.,Love these shoes. Breathability. Side-to-side traction. Runs a little heavy,love these shoes breathability side to side traction runs a little heavy,12,https://runrepeat.com/jordan-zion-2,gen_184601,2025-01-28T06:52:42.000+00:00
Jordan Zion 2,gen_728456253,5,positive,Worth it,Got these for my daughter and And a true-to-size fit. Breathability. Runs a little heavy. Highly recommend.,Worth it. Got these for my daughter and And a true-to-size fit. Breathability. Runs a little heavy. Highly recommend,worth it got these for my daughter and and a true to size fit breathability runs a little heavy highly recommend,21,https://runrepeat.com/jordan-zion-2,gen_184601,2024-11-22T06:52:42.000+00:00
Jordan Zion 2,gen_707558784,4,positive,Love these shoes,Bought these for my son and Breathability. Support. You feel the weight after a long game. Best shoe I've played in this year.,Love these shoes. Bought these for my son and Breathability. Support. You feel the weight after a long game. Best shoe I've played in this year,love these shoes bought these for my son and breathability support you feel the weight after a long game best shoe i've played in this year,26,https://runrepeat.com/jordan-zion-2,gen_184601,2026-02-03T06:52:42.000+00:00
Jordan Zion 2,gen_526424167,4,positive,Highly recommend,Pronounced court feel. Good energy return. Could be lighter. Sizing is spot on. Highly recommend.,Highly recommend. Pronounced court feel. Good energy return. Could be lighter. Sizing is spot on. Highly recommend,highly recommend pronounced court feel good energy return could be lighter sizing is spot on highly recommend,17,https://runrepeat.com/jordan-zion-2,gen_184601,2026-04-20T06:52:42.000+00:00
Jordan Zion 2,gen_83720277,5,positive,Love these shoes,I play D3 ball and Pronounced court feel. Side-to-side traction. Could be lighter. Foot doesn't move at all. Best shoe I've played in this year.,Love these shoes. I play D3 ball and Pronounced court feel. Side-to-side traction. Could be lighter. Foot doesn't move at all. Best shoe I've played in this year,love these shoes i play d3 ball and pronounced court feel side to side traction could be lighter foot doesn't move at all best shoe i've played in this year,30,https://runrepeat.com/jordan-zion-2,gen_184601,2025-12-18T06:52:42.000+00:00
Jordan Zion 2,gen_136037282,5,positive,Solid performance shoe,Pronounced court feel. And a true-to-size fit. You feel the weight after a long game. Sizing is spot on.,Solid performance shoe. Pronounced court feel. And a true-to-size fit. You feel the weight after a long game. Sizing is spot on,solid performance shoe pronounced court feel and a true to size fit you feel the weight after a long game sizing is spot on,24,https://runrepeat.com/jordan-zion-2,gen_184601,2025-04-03T06:52:42.000+00:00
Jordan Zion 2,gen_524976779,5,positive,Great basketball shoe,Side-to-side traction. Good energy return. Runs a little heavy. Ordered my normal size and it fits perfectly. Best shoe I've played in this year.,Great basketball shoe. Side-to-side traction. Good energy return. Runs a little heavy. Ordered my normal size and it fits perfectly. Best shoe I've played in this year,great basketball shoe side to side traction good energy return runs a little heavy ordered my normal size and it fits perfectly best shoe i've played in this year,29,https://runrepeat.com/jordan-zion-2,gen_184601,2025-04-24T06:52:42.000+00:00
Jordan Zion 3,gen_758153930,4,positive,Best on the court,Comfort. Durable upper construction. Feels almost weightless on foot. Lockdown is excellent. Would buy again.,Best on the court. Comfort. Durable upper construction. Feels almost weightless on foot. Lockdown is excellent. Would buy again,best on the court comfort durable upper construction feels almost weightless on foot lockdown is excellent would buy again,19,https://runrepeat.com/jordan-zion-3,gen_303132,2025-11-15T06:52:42.000+00:00
Jordan Zion 3,gen_740057713,4,positive,Great basketball shoe,Some bounce from formula 23 foam. Lockdown. Super lightweight.,Great basketball shoe. Some bounce from formula 23 foam. Lockdown. Super lightweight,great basketball shoe some bounce from formula 23 foam lockdown super lightweight,12,https://runrepeat.com/jordan-zion-3,gen_303132,2025-06-12T06:52:42.000+00:00
Jordan Zion 3,gen_205686699,3,neutral,Mixed feelings,"Bought these for my son and Stability. However, and an upper that does not give much. Needed about a week to feel natural","Mixed feelings. Bought these for my son and Stability. However, and an upper that does not give much. Needed about a week to feel natural",mixed feelings bought these for my son and stability however and an upper that does not give much needed about a week to feel natural,25,https://runrepeat.com/jordan-zion-3,gen_303132,2025-04-10T06:52:42.000+00:00
Jordan Zion 3,gen_741433480,3,neutral,Okay shoe overall,"As a coach I've seen a lot of shoes and And ankle support. However, no toe-drag protection. Takes a few sessions to break in","Okay shoe overall. As a coach I've seen a lot of shoes and And ankle support. However, no toe-drag protection. Takes a few sessions to break in",okay shoe overall as a coach i've seen a lot of shoes and and ankle support however no toe drag protection takes a few sessions to break in,28,https://runrepeat.com/jordan-zion-3,gen_303132,2025-01-04T06:52:42.000+00:00
Jordan Zion 3,gen_174518787,5,positive,Great basketball shoe,"Bought these for several players on my team, Stability. Durable upper construction. Feels almost weightless on foot. Super secure fit.","Great basketball shoe. Bought these for several players on my team, Stability. Durable upper construction. Feels almost weightless on foot. Super secure fit",great basketball shoe bought these for several players on my team stability durable upper construction feels almost weightless on foot super secure fit,23,https://runrepeat.com/jordan-zion-3,gen_303132,2026-03-10T06:52:42.000+00:00
Jordan Zion 3,gen_691298303,3,neutral,Good not great,"Some bounce from formula 23 foam. However, no toe-drag protection. Needed about a week to feel natural","Good not great. Some bounce from formula 23 foam. However, no toe-drag protection. Needed about a week to feel natural",good not great some bounce from formula 23 foam however no toe drag protection needed about a week to feel natural,21,https://runrepeat.com/jordan-zion-3,gen_303132,2025-06-26T06:52:42.000+00:00
Jordan Zion 3,gen_545121122,4,positive,durable upper construction,Bought these for the season and have no regrets. Stability. Some bounce from formula 23 foam. Feels almost weightless on foot. Highly recommend.,durable upper construction. Bought these for the season and have no regrets. Stability. Some bounce from formula 23 foam. Feels almost weightless on foot. Highly recommend,durable upper construction bought these for the season and have no regrets stability some bounce from formula 23 foam feels almost weightless on foot highly recommend,26,https://runrepeat.com/jordan-zion-3,gen_303132,2025-09-03T06:52:42.000+00:00
Jordan Zion 3,gen_699663982,4,positive,Great basketball shoe,Got these for my daughter and Comfort. And ankle support. Super lightweight. Foot doesn't move at all. Highly recommend.,Great basketball shoe. Got these for my daughter and Comfort. And ankle support. Super lightweight. Foot doesn't move at all. Highly recommend,great basketball shoe got these for my daughter and comfort and ankle support super lightweight foot doesn't move at all highly recommend,22,https://runrepeat.com/jordan-zion-3,gen_303132,2024-06-02T06:52:42.000+00:00
Jordan Zion 3,gen_392611879,4,positive,Love these shoes,"As a casual hooper, Traction on different courts. Some bounce from formula 23 foam. Super lightweight. Fits true to size. Super secure fit. Best shoe I've played in this year.","Love these shoes. As a casual hooper, Traction on different courts. Some bounce from formula 23 foam. Super lightweight. Fits true to size. Super secure fit. Best shoe I've played in this year",love these shoes as a casual hooper traction on different courts some bounce from formula 23 foam super lightweight fits true to size super secure fit best shoe i've played in this year,33,https://runrepeat.com/jordan-zion-3,gen_303132,2025-08-02T06:52:42.000+00:00
Jordan Zion 3,gen_723964064,4,positive,Love these shoes,I play pickup 3x a week and And ankle support. Durable upper construction. Super lightweight. Ordered my normal size and it fits perfectly. Highly recommend.,Love these shoes. I play pickup 3x a week and And ankle support. Durable upper construction. Super lightweight. Ordered my normal size and it fits perfectly. Highly recommend,love these shoes i play pickup 3x a week and and ankle support durable upper construction super lightweight ordered my normal size and it fits perfectly highly recommend,28,https://runrepeat.com/jordan-zion-3,gen_303132,2024-10-12T06:52:42.000+00:00
Jordan Zion 3,gen_954359937,4,positive,Best on the court,"As a competitive player, Lockdown. And ankle support. Super lightweight. Fits true to size. Would buy again.","Best on the court. As a competitive player, Lockdown. And ankle support. Super lightweight. Fits true to size. Would buy again",best on the court as a competitive player lockdown and ankle support super lightweight fits true to size would buy again,21,https://runrepeat.com/jordan-zion-3,gen_303132,2026-03-13T06:52:42.000+00:00
Jordan Zion 3,gen_740804441,4,positive,stability,And ankle support. Comfort. Doesn't slow you down. Sizing is spot on. Best shoe I've played in this year.,stability. And ankle support. Comfort. Doesn't slow you down. Sizing is spot on. Best shoe I've played in this year,stability and ankle support comfort doesn't slow you down sizing is spot on best shoe i've played in this year,20,https://runrepeat.com/jordan-zion-3,gen_303132,2025-03-02T06:52:42.000+00:00
Jordan Zion 3,gen_673451494,4,positive,Best on the court,Been wearing these for a few months now. Durable upper construction. Traction on different courts. Super lightweight. No heel slip whatsoever. Would buy again.,Best on the court. Been wearing these for a few months now. Durable upper construction. Traction on different courts. Super lightweight. No heel slip whatsoever. Would buy again,best on the court been wearing these for a few months now durable upper construction traction on different courts super lightweight no heel slip whatsoever would buy again,28,https://runrepeat.com/jordan-zion-3,gen_303132,2024-08-19T06:52:42.000+00:00
Jordan Zion 3,gen_414870517,3,neutral,Okay shoe overall,"For rec league ball, Some bounce from formula 23 foam. However, no toe-drag protection. Decent shoe overall but nothing special.","Okay shoe overall. For rec league ball, Some bounce from formula 23 foam. However, no toe-drag protection. Decent shoe overall but nothing special",okay shoe overall for rec league ball some bounce from formula 23 foam however no toe drag protection decent shoe overall but nothing special,24,https://runrepeat.com/jordan-zion-3,gen_303132,2025-07-26T06:52:42.000+00:00
Jordan Zion 3,gen_723127554,3,neutral,Has its pros and cons,"Compared to my other pairs, Stability. However, a narrow fit. Needed about a week to feel natural","Has its pros and cons. Compared to my other pairs, Stability. However, a narrow fit. Needed about a week to feel natural",has its pros and cons compared to my other pairs stability however a narrow fit needed about a week to feel natural,22,https://runrepeat.com/jordan-zion-3,gen_303132,2025-03-17T06:52:42.000+00:00
Jordan Zion 3,gen_408189198,3,neutral,Has its pros and cons,"These shoes are solid. Traction on different courts. However, no toe-drag protection. Takes a few sessions to break in","Has its pros and cons. These shoes are solid. Traction on different courts. However, no toe-drag protection. Takes a few sessions to break in",has its pros and cons these shoes are solid traction on different courts however no toe drag protection takes a few sessions to break in,25,https://runrepeat.com/jordan-zion-3,gen_303132,2025-12-17T06:52:42.000+00:00
Jordan Zion 3,gen_790305128,5,positive,Best on the court,"Compared to my other pairs, Some bounce from formula 23 foam. Durable upper construction. Super lightweight. Sizing is spot on. Lockdown is excellent. Game changer for me.","Best on the court. Compared to my other pairs, Some bounce from formula 23 foam. Durable upper construction. Super lightweight. Sizing is spot on. Lockdown is excellent. Game changer for me",best on the court compared to my other pairs some bounce from formula 23 foam durable upper construction super lightweight sizing is spot on lockdown is excellent game changer for me,31,https://runrepeat.com/jordan-zion-3,gen_303132,2025-10-05T06:52:42.000+00:00
Jordan Zion 3,gen_510923473,4,positive,durable upper construction,Comfort. Durable upper construction. Super lightweight. Sizing is spot on. No heel slip whatsoever. One of my favorite basketball shoes.,durable upper construction. Comfort. Durable upper construction. Super lightweight. Sizing is spot on. No heel slip whatsoever. One of my favorite basketball shoes,durable upper construction comfort durable upper construction super lightweight sizing is spot on no heel slip whatsoever one of my favorite basketball shoes,23,https://runrepeat.com/jordan-zion-3,gen_303132,2026-03-16T06:52:42.000+00:00
Jordan Zion 3,gen_580401951,4,positive,Worth it,Got these for my daughter and Stability. Lockdown. Super lightweight.,Worth it. Got these for my daughter and Stability. Lockdown. Super lightweight,worth it got these for my daughter and stability lockdown super lightweight,12,https://runrepeat.com/jordan-zion-3,gen_303132,2025-05-12T06:52:42.000+00:00
Jordan Zion 3,gen_676722685,5,positive,Solid performance shoe,Lockdown. Traction on different courts. Doesn't slow you down. Foot doesn't move at all. Highly recommend.,Solid performance shoe. Lockdown. Traction on different courts. Doesn't slow you down. Foot doesn't move at all. Highly recommend,solid performance shoe lockdown traction on different courts doesn't slow you down foot doesn't move at all highly recommend,19,https://runrepeat.com/jordan-zion-3,gen_303132,2026-03-10T06:52:42.000+00:00
New Balance TWO WXY v4,gen_715333429,5,positive,Highly recommend,Tried these on a whim and they're now my go-to. A balanced midsole. Twist protection. Foot doesn't move at all.,Highly recommend. Tried these on a whim and they're now my go-to. A balanced midsole. Twist protection. Foot doesn't move at all,highly recommend tried these on a whim and they're now my go to a balanced midsole twist protection foot doesn't move at all,23,https://runrepeat.com/new-balance-two-wxy-v4,gen_450517,2025-07-26T06:52:42.000+00:00
New Balance TWO WXY v4,gen_658172792,4,positive,Worth it,"For rec league ball, Twist protection. Outsole durability.","Worth it. For rec league ball, Twist protection. Outsole durability",worth it for rec league ball twist protection outsole durability,10,https://runrepeat.com/new-balance-two-wxy-v4,gen_450517,2025-05-07T06:52:42.000+00:00
New Balance TWO WXY v4,gen_332386950,5,positive,Highly recommend,And a stable platform. Twist protection. Fits true to size. Super secure fit.,Highly recommend. And a stable platform. Twist protection. Fits true to size. Super secure fit,highly recommend and a stable platform twist protection fits true to size super secure fit,15,https://runrepeat.com/new-balance-two-wxy-v4,gen_450517,2025-12-16T06:52:42.000+00:00
New Balance TWO WXY v4,gen_99255851,5,positive,Great basketball shoe,Twist protection. Outsole durability. Highly recommend.,Great basketball shoe. Twist protection. Outsole durability. Highly recommend,great basketball shoe twist protection outsole durability highly recommend,9,https://runrepeat.com/new-balance-two-wxy-v4,gen_450517,2025-06-30T06:52:42.000+00:00
New Balance TWO WXY v4,gen_248176767,4,positive,Best on the court,A balanced midsole. Toe-drag resistance. Stays locked through cuts.,Best on the court. A balanced midsole. Toe-drag resistance. Stays locked through cuts,best on the court a balanced midsole toe drag resistance stays locked through cuts,14,https://runrepeat.com/new-balance-two-wxy-v4,gen_450517,2024-07-23T06:52:42.000+00:00
New Balance TWO WXY v4,gen_259675667,5,positive,Solid performance shoe,Bought these for the season and have no regrets. Twist protection. And a stable platform.,Solid performance shoe. Bought these for the season and have no regrets. Twist protection. And a stable platform,solid performance shoe bought these for the season and have no regrets twist protection and a stable platform,18,https://runrepeat.com/new-balance-two-wxy-v4,gen_450517,2025-01-10T06:52:42.000+00:00
New Balance TWO WXY v4,gen_150926240,3,neutral,Decent but not perfect,"Compared to my other pairs, Toe-drag resistance. However, poor breathability and a narrow shape for wider feet. Needed about a week to feel natural","Decent but not perfect. Compared to my other pairs, Toe-drag resistance. However, poor breathability and a narrow shape for wider feet. Needed about a week to feel natural",decent but not perfect compared to my other pairs toe drag resistance however poor breathability and a narrow shape for wider feet needed about a week to feel natural,29,https://runrepeat.com/new-balance-two-wxy-v4,gen_450517,2025-11-23T06:52:42.000+00:00
New Balance TWO WXY v4,gen_328907,3,neutral,Has its pros and cons,"I own about 30 pairs of basketball shoes and Twist protection. However, poor breathability and a narrow shape for wider feet. Needed about a week to feel natural","Has its pros and cons. I own about 30 pairs of basketball shoes and Twist protection. However, poor breathability and a narrow shape for wider feet. Needed about a week to feel natural",has its pros and cons i own about 30 pairs of basketball shoes and twist protection however poor breathability and a narrow shape for wider feet needed about a week to feel natural,33,https://runrepeat.com/new-balance-two-wxy-v4,gen_450517,2025-10-25T06:52:42.000+00:00
New Balance TWO WXY v4,gen_859949737,4,positive,Great basketball shoe,Low weight. Toe-drag resistance. Best shoe I've played in this year.,Great basketball shoe. Low weight. Toe-drag resistance. Best shoe I've played in this year,great basketball shoe low weight toe drag resistance best shoe i've played in this year,15,https://runrepeat.com/new-balance-two-wxy-v4,gen_450517,2024-09-26T06:52:42.000+00:00
New Balance TWO WXY v4,gen_645465997,3,neutral,Decent but not perfect,"Bought these after my old pair died. A balanced midsole. However, poor breathability and a narrow shape for wider feet. Decent shoe overall but nothing special.","Decent but not perfect. Bought these after my old pair died. A balanced midsole. However, poor breathability and a narrow shape for wider feet. Decent shoe overall but nothing special",decent but not perfect bought these after my old pair died a balanced midsole however poor breathability and a narrow shape for wider feet decent shoe overall but nothing special,30,https://runrepeat.com/new-balance-two-wxy-v4,gen_450517,2024-07-06T06:52:42.000+00:00
New Balance TWO WXY v4,gen_426415193,4,positive,Solid performance shoe,Tried these on a whim and they're now my go-to. Low weight. And a stable platform. Ordered my normal size and it fits perfectly. Stays locked through cuts. Best shoe I've played in this year.,Solid performance shoe. Tried these on a whim and they're now my go-to. Low weight. And a stable platform. Ordered my normal size and it fits perfectly. Stays locked through cuts. Best shoe I've played in this year,solid performance shoe tried these on a whim and they're now my go to low weight and a stable platform ordered my normal size and it fits perfectly stays locked through cuts best shoe i've played in this year,39,https://runrepeat.com/new-balance-two-wxy-v4,gen_450517,2025-04-17T06:52:42.000+00:00
New Balance TWO WXY v4,gen_991672665,4,positive,Highly recommend,"Compared to my other pairs, Outsole durability. Toe-drag resistance.","Highly recommend. Compared to my other pairs, Outsole durability. Toe-drag resistance",highly recommend compared to my other pairs outsole durability toe drag resistance,12,https://runrepeat.com/new-balance-two-wxy-v4,gen_450517,2024-06-12T06:52:42.000+00:00
New Balance TWO WXY v4,gen_141518820,5,positive,Highly recommend,Bought these after my old pair died. Low weight. A balanced midsole. Foot doesn't move at all. One of my favorite basketball shoes.,Highly recommend. Bought these after my old pair died. Low weight. A balanced midsole. Foot doesn't move at all. One of my favorite basketball shoes,highly recommend bought these after my old pair died low weight a balanced midsole foot doesn't move at all one of my favorite basketball shoes,25,https://runrepeat.com/new-balance-two-wxy-v4,gen_450517,2026-01-17T06:52:42.000+00:00
New Balance TWO WXY v4,gen_381273833,4,positive,Solid performance shoe,Big sneaker collector here — And a stable platform. Outsole durability. Stays locked through cuts. Game changer for me.,Solid performance shoe. Big sneaker collector here — And a stable platform. Outsole durability. Stays locked through cuts. Game changer for me,solid performance shoe big sneaker collector here and a stable platform outsole durability stays locked through cuts game changer for me,21,https://runrepeat.com/new-balance-two-wxy-v4,gen_450517,2026-01-12T06:52:42.000+00:00
New Balance TWO WXY v4,gen_431187514,5,positive,and a stable platform,Toe-drag resistance. Twist protection. Fits true to size. Foot doesn't move at all.,and a stable platform. Toe-drag resistance. Twist protection. Fits true to size. Foot doesn't move at all,and a stable platform toe drag resistance twist protection fits true to size foot doesn't move at all,18,https://runrepeat.com/new-balance-two-wxy-v4,gen_450517,2025-03-10T06:52:42.000+00:00
New Balance TWO WXY v4,gen_45080240,4,positive,Highly recommend,Twist protection. Toe-drag resistance. Lockdown is excellent.,Highly recommend. Twist protection. Toe-drag resistance. Lockdown is excellent,highly recommend twist protection toe drag resistance lockdown is excellent,10,https://runrepeat.com/new-balance-two-wxy-v4,gen_450517,2025-11-05T06:52:42.000+00:00
New Balance TWO WXY v4,gen_50805937,4,positive,a balanced midsole,I play D3 ball and Twist protection. A balanced midsole. Highly recommend.,a balanced midsole. I play D3 ball and Twist protection. A balanced midsole. Highly recommend,a balanced midsole i play d3 ball and twist protection a balanced midsole highly recommend,15,https://runrepeat.com/new-balance-two-wxy-v4,gen_450517,2025-12-24T06:52:42.000+00:00
New Balance TWO WXY v4,gen_167168030,5,positive,Best on the court,I play D3 ball and Low weight. Twist protection. Fits true to size. Lockdown is excellent. Highly recommend.,Best on the court. I play D3 ball and Low weight. Twist protection. Fits true to size. Lockdown is excellent. Highly recommend,best on the court i play d3 ball and low weight twist protection fits true to size lockdown is excellent highly recommend,22,https://runrepeat.com/new-balance-two-wxy-v4,gen_450517,2024-08-04T06:52:42.000+00:00
New Balance TWO WXY v4,gen_404394743,5,positive,Love these shoes,"As a casual hooper, Outsole durability. Toe-drag resistance. Sizing is spot on.","Love these shoes. As a casual hooper, Outsole durability. Toe-drag resistance. Sizing is spot on",love these shoes as a casual hooper outsole durability toe drag resistance sizing is spot on,16,https://runrepeat.com/new-balance-two-wxy-v4,gen_450517,2024-11-04T06:52:42.000+00:00
New Balance TWO WXY v4,gen_821107736,5,positive,low weight,And a stable platform. Low weight. Sizing is spot on. Super secure fit. Game changer for me.,low weight. And a stable platform. Low weight. Sizing is spot on. Super secure fit. Game changer for me,low weight and a stable platform low weight sizing is spot on super secure fit game changer for me,19,https://runrepeat.com/new-balance-two-wxy-v4,gen_450517,2025-01-26T06:52:42.000+00:00
Nike Precision 6,gen_184518028,4,positive,comfort,Got these for my daughter and Smooth transitions. Clean-court grip. Super lightweight. Sizing is spot on. Foot doesn't move at all.,comfort. Got these for my daughter and Smooth transitions. Clean-court grip. Super lightweight. Sizing is spot on. Foot doesn't move at all,comfort got these for my daughter and smooth transitions clean court grip super lightweight sizing is spot on foot doesn't move at all,23,https://runrepeat.com/nike-precision-6,gen_274188,2025-06-05T06:52:42.000+00:00
Nike Precision 6,gen_441991860,5,positive,Worth it,Been playing for 15 years and Comfort. Ankle support. Doesn't slow you down. Would buy again.,Worth it. Been playing for 15 years and Comfort. Ankle support. Doesn't slow you down. Would buy again,worth it been playing for 15 years and comfort ankle support doesn't slow you down would buy again,18,https://runrepeat.com/nike-precision-6,gen_274188,2024-05-28T06:52:42.000+00:00
Nike Precision 6,gen_185193858,5,positive,Great basketball shoe,Big sneaker collector here — Comfort. And low weight. Feels almost weightless on foot. Ordered my normal size and it fits perfectly. Game changer for me.,Great basketball shoe. Big sneaker collector here — Comfort. And low weight. Feels almost weightless on foot. Ordered my normal size and it fits perfectly. Game changer for me,great basketball shoe big sneaker collector here comfort and low weight feels almost weightless on foot ordered my normal size and it fits perfectly game changer for me,28,https://runrepeat.com/nike-precision-6,gen_274188,2024-12-01T06:52:42.000+00:00
Nike Precision 6,gen_201213812,5,positive,Solid performance shoe,"For rec league ball, Comfort. Breathability. Doesn't slow you down. Sizing is spot on.","Solid performance shoe. For rec league ball, Comfort. Breathability. Doesn't slow you down. Sizing is spot on",solid performance shoe for rec league ball comfort breathability doesn't slow you down sizing is spot on,17,https://runrepeat.com/nike-precision-6,gen_274188,2025-11-01T06:52:42.000+00:00
Nike Precision 6,gen_954417621,4,positive,Great basketball shoe,These shoes are solid. Comfort. Ankle support. Feels almost weightless on foot. Fits true to size. Foot doesn't move at all.,Great basketball shoe. These shoes are solid. Comfort. Ankle support. Feels almost weightless on foot. Fits true to size. Foot doesn't move at all,great basketball shoe these shoes are solid comfort ankle support feels almost weightless on foot fits true to size foot doesn't move at all,24,https://runrepeat.com/nike-precision-6,gen_274188,2026-01-08T06:52:42.000+00:00
Nike Precision 6,gen_783324785,5,positive,Solid performance shoe,I own about 30 pairs of basketball shoes and And low weight. Breathability. Feels almost weightless on foot. Foot doesn't move at all. Would buy again.,Solid performance shoe. I own about 30 pairs of basketball shoes and And low weight. Breathability. Feels almost weightless on foot. Foot doesn't move at all. Would buy again,solid performance shoe i own about 30 pairs of basketball shoes and and low weight breathability feels almost weightless on foot foot doesn't move at all would buy again,29,https://runrepeat.com/nike-precision-6,gen_274188,2024-07-07T06:52:42.000+00:00
Nike Precision 6,gen_642100833,3,neutral,Decent but not perfect,"A wide stable base. However, dust pickup. Needed about a week to feel natural","Decent but not perfect. A wide stable base. However, dust pickup. Needed about a week to feel natural",decent but not perfect a wide stable base however dust pickup needed about a week to feel natural,18,https://runrepeat.com/nike-precision-6,gen_274188,2025-07-29T06:52:42.000+00:00
Nike Precision 6,gen_505559323,5,positive,Highly recommend,And low weight. Affordability. Doesn't slow you down.,Highly recommend. And low weight. Affordability. Doesn't slow you down,highly recommend and low weight affordability doesn't slow you down,10,https://runrepeat.com/nike-precision-6,gen_274188,2025-08-28T06:52:42.000+00:00
Nike Precision 6,gen_992241652,4,positive,Great basketball shoe,"Compared to my other pairs, Breathability. Ankle support. Super lightweight. Ordered my normal size and it fits perfectly.","Great basketball shoe. Compared to my other pairs, Breathability. Ankle support. Super lightweight. Ordered my normal size and it fits perfectly",great basketball shoe compared to my other pairs breathability ankle support super lightweight ordered my normal size and it fits perfectly,21,https://runrepeat.com/nike-precision-6,gen_274188,2026-03-30T06:52:42.000+00:00
Nike Precision 6,gen_727301437,3,neutral,Mixed feelings,"Affordability. However, dust pickup. Decent shoe overall but nothing special.","Mixed feelings. Affordability. However, dust pickup. Decent shoe overall but nothing special",mixed feelings affordability however dust pickup decent shoe overall but nothing special,12,https://runrepeat.com/nike-precision-6,gen_274188,2024-12-19T06:52:42.000+00:00
Nike Precision 6,gen_814214224,4,positive,Solid performance shoe,As a coach I've seen a lot of shoes and A wide stable base. Affordability. Super lightweight. Fits true to size. Foot doesn't move at all. Would buy again.,Solid performance shoe. As a coach I've seen a lot of shoes and A wide stable base. Affordability. Super lightweight. Fits true to size. Foot doesn't move at all. Would buy again,solid performance shoe as a coach i've seen a lot of shoes and a wide stable base affordability super lightweight fits true to size foot doesn't move at all would buy again,32,https://runrepeat.com/nike-precision-6,gen_274188,2025-10-20T06:52:42.000+00:00
Nike Precision 6,gen_230054671,5,positive,Worth it,Bought these for my son and Comfort. Ankle support. Doesn't slow you down. Super secure fit. Game changer for me.,Worth it. Bought these for my son and Comfort. Ankle support. Doesn't slow you down. Super secure fit. Game changer for me,worth it bought these for my son and comfort ankle support doesn't slow you down super secure fit game changer for me,22,https://runrepeat.com/nike-precision-6,gen_274188,2026-01-05T06:52:42.000+00:00
Nike Precision 6,gen_276142445,5,positive,Solid performance shoe,I own about 30 pairs of basketball shoes and A wide stable base. Clean-court grip. Doesn't slow you down. Ordered my normal size and it fits perfectly. No heel slip whatsoever.,Solid performance shoe. I own about 30 pairs of basketball shoes and A wide stable base. Clean-court grip. Doesn't slow you down. Ordered my normal size and it fits perfectly. No heel slip whatsoever,solid performance shoe i own about 30 pairs of basketball shoes and a wide stable base clean court grip doesn't slow you down ordered my normal size and it fits perfectly no heel slip whatsoever,35,https://runrepeat.com/nike-precision-6,gen_274188,2026-03-13T06:52:42.000+00:00
Nike Precision 6,gen_327425236,5,positive,Highly recommend,Clean-court grip. Comfort. Super lightweight. Super secure fit.,Highly recommend. Clean-court grip. Comfort. Super lightweight. Super secure fit,highly recommend clean court grip comfort super lightweight super secure fit,11,https://runrepeat.com/nike-precision-6,gen_274188,2024-08-11T06:52:42.000+00:00
Nike Precision 6,gen_91909633,4,positive,Worth it,Smooth transitions. And low weight. Feels almost weightless on foot. Stays locked through cuts. Best shoe I've played in this year.,Worth it. Smooth transitions. And low weight. Feels almost weightless on foot. Stays locked through cuts. Best shoe I've played in this year,worth it smooth transitions and low weight feels almost weightless on foot stays locked through cuts best shoe i've played in this year,23,https://runrepeat.com/nike-precision-6,gen_274188,2024-11-14T06:52:42.000+00:00
Nike Precision 6,gen_829993255,3,neutral,Okay shoe overall,"Tried these on a whim and they're now my go-to. And low weight. However, dust pickup. Decent shoe overall but nothing special.","Okay shoe overall. Tried these on a whim and they're now my go-to. And low weight. However, dust pickup. Decent shoe overall but nothing special",okay shoe overall tried these on a whim and they're now my go to and low weight however dust pickup decent shoe overall but nothing special,26,https://runrepeat.com/nike-precision-6,gen_274188,2026-01-19T06:52:42.000+00:00
Nike Precision 6,gen_422756512,5,positive,Highly recommend,Finally pulled the trigger on these and glad I did. And low weight. Comfort. Doesn't slow you down. Best shoe I've played in this year.,Highly recommend. Finally pulled the trigger on these and glad I did. And low weight. Comfort. Doesn't slow you down. Best shoe I've played in this year,highly recommend finally pulled the trigger on these and glad i did and low weight comfort doesn't slow you down best shoe i've played in this year,27,https://runrepeat.com/nike-precision-6,gen_274188,2025-01-15T06:52:42.000+00:00
Nike Precision 6,gen_333953730,3,neutral,Has its pros and cons,"Comfort. However, and a narrower fit. Decent shoe overall but nothing special.","Has its pros and cons. Comfort. However, and a narrower fit. Decent shoe overall but nothing special",has its pros and cons comfort however and a narrower fit decent shoe overall but nothing special,17,https://runrepeat.com/nike-precision-6,gen_274188,2024-08-05T06:52:42.000+00:00
Nike Precision 6,gen_737337808,5,positive,Solid performance shoe,"Compared to my other pairs, Affordability. Smooth transitions. Feels almost weightless on foot. Foot doesn't move at all. Best shoe I've played in this year.","Solid performance shoe. Compared to my other pairs, Affordability. Smooth transitions. Feels almost weightless on foot. Foot doesn't move at all. Best shoe I've played in this year",solid performance shoe compared to my other pairs affordability smooth transitions feels almost weightless on foot foot doesn't move at all best shoe i've played in this year,28,https://runrepeat.com/nike-precision-6,gen_274188,2025-10-04T06:52:42.000+00:00
Nike Precision 6,gen_50156950,4,positive,Worth it,Clean-court grip. Ankle support. Doesn't slow you down. Ordered my normal size and it fits perfectly. One of my favorite basketball shoes.,Worth it. Clean-court grip. Ankle support. Doesn't slow you down. Ordered my normal size and it fits perfectly. One of my favorite basketball shoes,worth it clean court grip ankle support doesn't slow you down ordered my normal size and it fits perfectly one of my favorite basketball shoes,25,https://runrepeat.com/nike-precision-6,gen_274188,2026-03-23T06:52:42.000+00:00
Jordan One Take 5,gen_574390932,3,neutral,Okay shoe overall,"Bought these for my son and And comfort. However, a break-in period and weaker outsole durability. Stiff at first but loosens up nicely","Okay shoe overall. Bought these for my son and And comfort. However, a break-in period and weaker outsole durability. Stiff at first but loosens up nicely",okay shoe overall bought these for my son and and comfort however a break in period and weaker outsole durability stiff at first but loosens up nicely,27,https://runrepeat.com/jordan-one-take-5,gen_700590,2025-03-18T06:52:42.000+00:00
Jordan One Take 5,gen_776405598,3,neutral,Good not great,"Traction. However, a break-in period and weaker outsole durability. Stiff at first but loosens up nicely","Good not great. Traction. However, a break-in period and weaker outsole durability. Stiff at first but loosens up nicely",good not great traction however a break in period and weaker outsole durability stiff at first but loosens up nicely,20,https://runrepeat.com/jordan-one-take-5,gen_700590,2025-03-04T06:52:42.000+00:00
Jordan One Take 5,gen_356186855,4,positive,Love these shoes,Zoom air bounce. Traction. Feels almost weightless on foot. One of my favorite basketball shoes.,Love these shoes. Zoom air bounce. Traction. Feels almost weightless on foot. One of my favorite basketball shoes,love these shoes zoom air bounce traction feels almost weightless on foot one of my favorite basketball shoes,18,https://runrepeat.com/jordan-one-take-5,gen_700590,2025-03-20T06:52:42.000+00:00
Jordan One Take 5,gen_943087776,3,neutral,Good not great,"Compared to my other pairs, Zoom air bounce. However, a break-in period and weaker outsole durability. Stiff at first but loosens up nicely","Good not great. Compared to my other pairs, Zoom air bounce. However, a break-in period and weaker outsole durability. Stiff at first but loosens up nicely",good not great compared to my other pairs zoom air bounce however a break in period and weaker outsole durability stiff at first but loosens up nicely,27,https://runrepeat.com/jordan-one-take-5,gen_700590,2024-10-27T06:52:42.000+00:00
Jordan One Take 5,gen_230102849,4,positive,traction,Got these for my daughter and Containment. Traction. Doesn't slow you down. Sizing is spot on. No heel slip whatsoever. Game changer for me.,traction. Got these for my daughter and Containment. Traction. Doesn't slow you down. Sizing is spot on. No heel slip whatsoever. Game changer for me,traction got these for my daughter and containment traction doesn't slow you down sizing is spot on no heel slip whatsoever game changer for me,25,https://runrepeat.com/jordan-one-take-5,gen_700590,2024-09-27T06:52:42.000+00:00
Jordan One Take 5,gen_608684785,4,positive,Great basketball shoe,Big sneaker collector here — And comfort. Cushioning. Feels almost weightless on foot. Fits true to size. Stays locked through cuts. Best shoe I've played in this year.,Great basketball shoe. Big sneaker collector here — And comfort. Cushioning. Feels almost weightless on foot. Fits true to size. Stays locked through cuts. Best shoe I've played in this year,great basketball shoe big sneaker collector here and comfort cushioning feels almost weightless on foot fits true to size stays locked through cuts best shoe i've played in this year,30,https://runrepeat.com/jordan-one-take-5,gen_700590,2024-09-09T06:52:42.000+00:00
Jordan One Take 5,gen_59756817,4,positive,Containment,Zoom air bounce. Containment. Super lightweight. One of my favorite basketball shoes.,Containment. Zoom air bounce. Containment. Super lightweight. One of my favorite basketball shoes,containment zoom air bounce containment super lightweight one of my favorite basketball shoes,13,https://runrepeat.com/jordan-one-take-5,gen_700590,2026-03-15T06:52:42.000+00:00
Jordan One Take 5,gen_512033999,4,positive,Containment,My kid loves these shoes. Containment. Cushioning. Feels almost weightless on foot. Sizing is spot on. Would buy again.,Containment. My kid loves these shoes. Containment. Cushioning. Feels almost weightless on foot. Sizing is spot on. Would buy again,containment my kid loves these shoes containment cushioning feels almost weightless on foot sizing is spot on would buy again,20,https://runrepeat.com/jordan-one-take-5,gen_700590,2025-10-27T06:52:42.000+00:00
Jordan One Take 5,gen_408714987,4,positive,Best on the court,Bought these after my old pair died. Containment. Zoom air bounce. Feels almost weightless on foot. Sizing is spot on. Stays locked through cuts. Would buy again.,Best on the court. Bought these after my old pair died. Containment. Zoom air bounce. Feels almost weightless on foot. Sizing is spot on. Stays locked through cuts. Would buy again,best on the court bought these after my old pair died containment zoom air bounce feels almost weightless on foot sizing is spot on stays locked through cuts would buy again,31,https://runrepeat.com/jordan-one-take-5,gen_700590,2024-05-09T06:52:42.000+00:00
Jordan One Take 5,gen_698848535,4,positive,and comfort,I play pickup 3x a week and Containment. Cushioning. Super lightweight. Ordered my normal size and it fits perfectly.,and comfort. I play pickup 3x a week and Containment. Cushioning. Super lightweight. Ordered my normal size and it fits perfectly,and comfort i play pickup 3x a week and containment cushioning super lightweight ordered my normal size and it fits perfectly,21,https://runrepeat.com/jordan-one-take-5,gen_700590,2024-05-10T06:52:42.000+00:00
Jordan One Take 5,gen_928324677,5,positive,Best on the court,Zoom air bounce. Support. Super lightweight. Fits true to size. Stays locked through cuts. One of my favorite basketball shoes.,Best on the court. Zoom air bounce. Support. Super lightweight. Fits true to size. Stays locked through cuts. One of my favorite basketball shoes,best on the court zoom air bounce support super lightweight fits true to size stays locked through cuts one of my favorite basketball shoes,24,https://runrepeat.com/jordan-one-take-5,gen_700590,2025-03-07T06:52:42.000+00:00
Jordan One Take 5,gen_490586166,4,positive,Highly recommend,Support. And comfort. Super lightweight. Game changer for me.,Highly recommend. Support. And comfort. Super lightweight. Game changer for me,highly recommend support and comfort super lightweight game changer for me,11,https://runrepeat.com/jordan-one-take-5,gen_700590,2025-01-17T06:52:42.000+00:00
Jordan One Take 5,gen_962341134,4,positive,Solid performance shoe,Bought these for my son and Zoom air bounce. Support. Doesn't slow you down. Sizing is spot on.,Solid performance shoe. Bought these for my son and Zoom air bounce. Support. Doesn't slow you down. Sizing is spot on,solid performance shoe bought these for my son and zoom air bounce support doesn't slow you down sizing is spot on,21,https://runrepeat.com/jordan-one-take-5,gen_700590,2025-07-10T06:52:42.000+00:00
Jordan One Take 5,gen_631008751,3,neutral,Okay shoe overall,"Game-tested these for about 10 sessions. Cushioning. However, a break-in period and weaker outsole durability. Needed about a week to feel natural","Okay shoe overall. Game-tested these for about 10 sessions. Cushioning. However, a break-in period and weaker outsole durability. Needed about a week to feel natural",okay shoe overall game tested these for about 10 sessions cushioning however a break in period and weaker outsole durability needed about a week to feel natural,27,https://runrepeat.com/jordan-one-take-5,gen_700590,2024-11-24T06:52:42.000+00:00
Jordan One Take 5,gen_422108028,4,positive,Love these shoes,And comfort. Support. Feels almost weightless on foot. Fits true to size. One of my favorite basketball shoes.,Love these shoes. And comfort. Support. Feels almost weightless on foot. Fits true to size. One of my favorite basketball shoes,love these shoes and comfort support feels almost weightless on foot fits true to size one of my favorite basketball shoes,21,https://runrepeat.com/jordan-one-take-5,gen_700590,2025-04-06T06:52:42.000+00:00
Jordan One Take 5,gen_282828375,5,positive,Highly recommend,Just finished my third week in these. Zoom air bounce. Containment. Feels almost weightless on foot. Lockdown is excellent. Game changer for me.,Highly recommend. Just finished my third week in these. Zoom air bounce. Containment. Feels almost weightless on foot. Lockdown is excellent. Game changer for me,highly recommend just finished my third week in these zoom air bounce containment feels almost weightless on foot lockdown is excellent game changer for me,25,https://runrepeat.com/jordan-one-take-5,gen_700590,2026-03-19T06:52:42.000+00:00
Jordan One Take 5,gen_837674686,3,neutral,Okay shoe overall,"Been wearing these for a few months now. And comfort. However, a break-in period and weaker outsole durability. Stiff at first but loosens up nicely","Okay shoe overall. Been wearing these for a few months now. And comfort. However, a break-in period and weaker outsole durability. Stiff at first but loosens up nicely",okay shoe overall been wearing these for a few months now and comfort however a break in period and weaker outsole durability stiff at first but loosens up nicely,29,https://runrepeat.com/jordan-one-take-5,gen_700590,2025-06-16T06:52:42.000+00:00
Jordan One Take 5,gen_717042766,4,positive,cushioning,Needed a new pair for the season and these delivered. Traction. Support. Super lightweight. Ordered my normal size and it fits perfectly. Game changer for me.,cushioning. Needed a new pair for the season and these delivered. Traction. Support. Super lightweight. Ordered my normal size and it fits perfectly. Game changer for me,cushioning needed a new pair for the season and these delivered traction support super lightweight ordered my normal size and it fits perfectly game changer for me,27,https://runrepeat.com/jordan-one-take-5,gen_700590,2024-07-09T06:52:42.000+00:00
Jordan One Take 5,gen_419680557,4,positive,Worth it,These shoes are solid. Zoom air bounce. Cushioning. Doesn't slow you down.,Worth it. These shoes are solid. Zoom air bounce. Cushioning. Doesn't slow you down,worth it these shoes are solid zoom air bounce cushioning doesn't slow you down,14,https://runrepeat.com/jordan-one-take-5,gen_700590,2025-07-02T06:52:42.000+00:00
Jordan One Take 5,gen_136220269,5,positive,Great basketball shoe,I own about 30 pairs of basketball shoes and And comfort. Traction. Super lightweight. Lockdown is excellent. Best shoe I've played in this year.,Great basketball shoe. I own about 30 pairs of basketball shoes and And comfort. Traction. Super lightweight. Lockdown is excellent. Best shoe I've played in this year,great basketball shoe i own about 30 pairs of basketball shoes and and comfort traction super lightweight lockdown is excellent best shoe i've played in this year,27,https://runrepeat.com/jordan-one-take-5,gen_700590,2025-11-27T06:52:42.000+00:00
Nike Air Deldon,gen_357069932,5,positive,Solid performance shoe,"Bought these for several players on my team, Impact protection. Support. Doesn't slow you down. Fits true to size. Stays locked through cuts.","Solid performance shoe. Bought these for several players on my team, Impact protection. Support. Doesn't slow you down. Fits true to size. Stays locked through cuts",solid performance shoe bought these for several players on my team impact protection support doesn't slow you down fits true to size stays locked through cuts,26,https://runrepeat.com/nike-air-deldon,gen_662594,2025-05-24T06:52:42.000+00:00
Nike Air Deldon,gen_460411244,3,neutral,Good not great,"Compared to my other pairs, Easy on-and-off. However, and poor breathability. Decent shoe overall but nothing special.","Good not great. Compared to my other pairs, Easy on-and-off. However, and poor breathability. Decent shoe overall but nothing special",good not great compared to my other pairs easy on and off however and poor breathability decent shoe overall but nothing special,22,https://runrepeat.com/nike-air-deldon,gen_662594,2024-06-18T06:52:42.000+00:00
Nike Air Deldon,gen_770550052,3,neutral,Okay shoe overall,"Bought these after my old pair died. And toe-drag durability. However, narrow fit. Decent shoe overall but nothing special.","Okay shoe overall. Bought these after my old pair died. And toe-drag durability. However, narrow fit. Decent shoe overall but nothing special",okay shoe overall bought these after my old pair died and toe drag durability however narrow fit decent shoe overall but nothing special,23,https://runrepeat.com/nike-air-deldon,gen_662594,2025-12-20T06:52:42.000+00:00
Nike Air Deldon,gen_905551557,3,neutral,Mixed feelings,"I play D3 ball and Comfortable upper materials. However, narrow fit. Decent shoe overall but nothing special.","Mixed feelings. I play D3 ball and Comfortable upper materials. However, narrow fit. Decent shoe overall but nothing special",mixed feelings i play d3 ball and comfortable upper materials however narrow fit decent shoe overall but nothing special,19,https://runrepeat.com/nike-air-deldon,gen_662594,2025-09-12T06:52:42.000+00:00
Nike Air Deldon,gen_924666187,5,positive,Worth it,Clean-court grip. Impact protection. Super lightweight. Ordered my normal size and it fits perfectly.,Worth it. Clean-court grip. Impact protection. Super lightweight. Ordered my normal size and it fits perfectly,worth it clean court grip impact protection super lightweight ordered my normal size and it fits perfectly,17,https://runrepeat.com/nike-air-deldon,gen_662594,2025-09-15T06:52:42.000+00:00
Nike Air Deldon,gen_6160380,5,positive,Solid performance shoe,And toe-drag durability. Impact protection. Doesn't slow you down. Super secure fit. Best shoe I've played in this year.,Solid performance shoe. And toe-drag durability. Impact protection. Doesn't slow you down. Super secure fit. Best shoe I've played in this year,solid performance shoe and toe drag durability impact protection doesn't slow you down super secure fit best shoe i've played in this year,23,https://runrepeat.com/nike-air-deldon,gen_662594,2025-11-26T06:52:42.000+00:00
Nike Air Deldon,gen_788700623,5,positive,Highly recommend,Comfortable upper materials. Support. Doesn't slow you down. Ordered my normal size and it fits perfectly. Highly recommend.,Highly recommend. Comfortable upper materials. Support. Doesn't slow you down. Ordered my normal size and it fits perfectly. Highly recommend,highly recommend comfortable upper materials support doesn't slow you down ordered my normal size and it fits perfectly highly recommend,20,https://runrepeat.com/nike-air-deldon,gen_662594,2024-12-08T06:52:42.000+00:00
Nike Air Deldon,gen_626984383,4,positive,Worth it,Comfortable upper materials. And toe-drag durability. Feels almost weightless on foot. Fits true to size. One of my favorite basketball shoes.,Worth it. Comfortable upper materials. And toe-drag durability. Feels almost weightless on foot. Fits true to size. One of my favorite basketball shoes,worth it comfortable upper materials and toe drag durability feels almost weightless on foot fits true to size one of my favorite basketball shoes,24,https://runrepeat.com/nike-air-deldon,gen_662594,2024-09-08T06:52:42.000+00:00
Nike Air Deldon,gen_997317208,3,neutral,Mixed feelings,"Tried these on a whim and they're now my go-to. Support. However, and poor breathability. Takes a few sessions to break in","Mixed feelings. Tried these on a whim and they're now my go-to. Support. However, and poor breathability. Takes a few sessions to break in",mixed feelings tried these on a whim and they're now my go to support however and poor breathability takes a few sessions to break in,25,https://runrepeat.com/nike-air-deldon,gen_662594,2025-10-13T06:52:42.000+00:00
Nike Air Deldon,gen_424850194,5,positive,Highly recommend,I recommend these to my players. Impact protection. Comfortable upper materials. Doesn't slow you down. Game changer for me.,Highly recommend. I recommend these to my players. Impact protection. Comfortable upper materials. Doesn't slow you down. Game changer for me,highly recommend i recommend these to my players impact protection comfortable upper materials doesn't slow you down game changer for me,21,https://runrepeat.com/nike-air-deldon,gen_662594,2025-12-28T06:52:42.000+00:00
Nike Air Deldon,gen_579015024,5,positive,Solid performance shoe,Got these for my daughter and Support. Comfortable upper materials. Super lightweight. Ordered my normal size and it fits perfectly. One of my favorite basketball shoes.,Solid performance shoe. Got these for my daughter and Support. Comfortable upper materials. Super lightweight. Ordered my normal size and it fits perfectly. One of my favorite basketball shoes,solid performance shoe got these for my daughter and support comfortable upper materials super lightweight ordered my normal size and it fits perfectly one of my favorite basketball shoes,29,https://runrepeat.com/nike-air-deldon,gen_662594,2025-03-12T06:52:42.000+00:00
Nike Air Deldon,gen_334329387,5,positive,easy on-and-off,These shoes are solid. Impact protection. Support. Feels almost weightless on foot.,easy on-and-off. These shoes are solid. Impact protection. Support. Feels almost weightless on foot,easy on and off these shoes are solid impact protection support feels almost weightless on foot,16,https://runrepeat.com/nike-air-deldon,gen_662594,2024-11-07T06:52:42.000+00:00
Nike Air Deldon,gen_632582633,4,positive,Best on the court,Easy on-and-off. And toe-drag durability. Doesn't slow you down. Stays locked through cuts. Would buy again.,Best on the court. Easy on-and-off. And toe-drag durability. Doesn't slow you down. Stays locked through cuts. Would buy again,best on the court easy on and off and toe drag durability doesn't slow you down stays locked through cuts would buy again,23,https://runrepeat.com/nike-air-deldon,gen_662594,2024-07-09T06:52:42.000+00:00
Nike Air Deldon,gen_529337116,5,positive,Solid performance shoe,And toe-drag durability. Clean-court grip. Super lightweight. Sizing is spot on. No heel slip whatsoever.,Solid performance shoe. And toe-drag durability. Clean-court grip. Super lightweight. Sizing is spot on. No heel slip whatsoever,solid performance shoe and toe drag durability clean court grip super lightweight sizing is spot on no heel slip whatsoever,20,https://runrepeat.com/nike-air-deldon,gen_662594,2024-09-13T06:52:42.000+00:00
Nike Air Deldon,gen_969486601,4,positive,and toe-drag durability,Big sneaker collector here — Clean-court grip. Impact protection. Super lightweight. Highly recommend.,and toe-drag durability. Big sneaker collector here — Clean-court grip. Impact protection. Super lightweight. Highly recommend,and toe drag durability big sneaker collector here clean court grip impact protection super lightweight highly recommend,17,https://runrepeat.com/nike-air-deldon,gen_662594,2026-03-30T06:52:42.000+00:00
Nike Air Deldon,gen_79925022,3,neutral,Good not great,"Compared to my other pairs, Support. However, dust sensitivity. Takes a few sessions to break in","Good not great. Compared to my other pairs, Support. However, dust sensitivity. Takes a few sessions to break in",good not great compared to my other pairs support however dust sensitivity takes a few sessions to break in,19,https://runrepeat.com/nike-air-deldon,gen_662594,2026-01-18T06:52:42.000+00:00
Nike Air Deldon,gen_606764976,4,positive,Highly recommend,"Bought these for several players on my team, Support. Comfortable upper materials. Super lightweight. Lockdown is excellent. Game changer for me.","Highly recommend. Bought these for several players on my team, Support. Comfortable upper materials. Super lightweight. Lockdown is excellent. Game changer for me",highly recommend bought these for several players on my team support comfortable upper materials super lightweight lockdown is excellent game changer for me,23,https://runrepeat.com/nike-air-deldon,gen_662594,2026-01-28T06:52:42.000+00:00
Nike Air Deldon,gen_355221044,3,neutral,Good not great,"Clean-court grip. However, narrow fit. Decent shoe overall but nothing special.","Good not great. Clean-court grip. However, narrow fit. Decent shoe overall but nothing special",good not great clean court grip however narrow fit decent shoe overall but nothing special,15,https://runrepeat.com/nike-air-deldon,gen_662594,2026-03-04T06:52:42.000+00:00
Nike Air Deldon,gen_763044243,5,positive,Highly recommend,"As a competitive player, Clean-court grip. Easy on-and-off. Doesn't slow you down.","Highly recommend. As a competitive player, Clean-court grip. Easy on-and-off. Doesn't slow you down",highly recommend as a competitive player clean court grip easy on and off doesn't slow you down,17,https://runrepeat.com/nike-air-deldon,gen_662594,2025-12-01T06:52:42.000+00:00
Nike Air Deldon,gen_919914227,5,positive,Great basketball shoe,Clean-court grip. And toe-drag durability. Feels almost weightless on foot. Fits true to size. Best shoe I've played in this year.,Great basketball shoe. Clean-court grip. And toe-drag durability. Feels almost weightless on foot. Fits true to size. Best shoe I've played in this year,great basketball shoe clean court grip and toe drag durability feels almost weightless on foot fits true to size best shoe i've played in this year,26,https://runrepeat.com/nike-air-deldon,gen_662594,2026-03-21T06:52:42.000+00:00
Reebok Answer DMX,gen_153976696,3,neutral,Has its pros and cons,"Been playing for 15 years and Very good durability. However, weak breathability and heavy weight. Needed about a week to feel natural","Has its pros and cons. Been playing for 15 years and Very good durability. However, weak breathability and heavy weight. Needed about a week to feel natural",has its pros and cons been playing for 15 years and very good durability however weak breathability and heavy weight needed about a week to feel natural,27,https://runrepeat.com/reebok-answer-dmx,gen_988626,2025-05-12T06:52:42.000+00:00
Reebok Answer DMX,gen_790195393,5,positive,Best on the court,Bought these for the season and have no regrets. Stability. Cushioning. Runs a little heavy.,Best on the court. Bought these for the season and have no regrets. Stability. Cushioning. Runs a little heavy,best on the court bought these for the season and have no regrets stability cushioning runs a little heavy,19,https://runrepeat.com/reebok-answer-dmx,gen_988626,2025-04-12T06:52:42.000+00:00
Reebok Answer DMX,gen_469192795,4,positive,Worth it,These shoes are solid. Cushioning. Comfort. Runs a little heavy.,Worth it. These shoes are solid. Cushioning. Comfort. Runs a little heavy,worth it these shoes are solid cushioning comfort runs a little heavy,12,https://runrepeat.com/reebok-answer-dmx,gen_988626,2026-01-13T06:52:42.000+00:00
Reebok Answer DMX,gen_616281042,3,neutral,Good not great,"As a coach I've seen a lot of shoes and Cushioning. However, weak breathability and heavy weight. Stiff at first but loosens up nicely","Good not great. As a coach I've seen a lot of shoes and Cushioning. However, weak breathability and heavy weight. Stiff at first but loosens up nicely",good not great as a coach i've seen a lot of shoes and cushioning however weak breathability and heavy weight stiff at first but loosens up nicely,27,https://runrepeat.com/reebok-answer-dmx,gen_988626,2024-10-07T06:52:42.000+00:00
Reebok Answer DMX,gen_823561044,5,positive,Best on the court,Bought these for my son and Cushioning. Very good durability. Could be lighter.,Best on the court. Bought these for my son and Cushioning. Very good durability. Could be lighter,best on the court bought these for my son and cushioning very good durability could be lighter,17,https://runrepeat.com/reebok-answer-dmx,gen_988626,2026-03-27T06:52:42.000+00:00
Reebok Answer DMX,gen_676076923,3,neutral,Good not great,"Game-tested these for about 10 sessions. And value. However, weak breathability and heavy weight. Decent shoe overall but nothing special.","Good not great. Game-tested these for about 10 sessions. And value. However, weak breathability and heavy weight. Decent shoe overall but nothing special",good not great game tested these for about 10 sessions and value however weak breathability and heavy weight decent shoe overall but nothing special,24,https://runrepeat.com/reebok-answer-dmx,gen_988626,2025-08-29T06:52:42.000+00:00
Reebok Answer DMX,gen_227653299,5,positive,Solid performance shoe,Got these for my daughter and And value. Very good durability. Could be lighter. Best shoe I've played in this year.,Solid performance shoe. Got these for my daughter and And value. Very good durability. Could be lighter. Best shoe I've played in this year,solid performance shoe got these for my daughter and and value very good durability could be lighter best shoe i've played in this year,24,https://runrepeat.com/reebok-answer-dmx,gen_988626,2026-03-31T06:52:42.000+00:00
Reebok Answer DMX,gen_425580672,5,positive,Highly recommend,Been playing for 15 years and And value. Very good durability. Could be lighter. Fits true to size.,Highly recommend. Been playing for 15 years and And value. Very good durability. Could be lighter. Fits true to size,highly recommend been playing for 15 years and and value very good durability could be lighter fits true to size,20,https://runrepeat.com/reebok-answer-dmx,gen_988626,2024-07-04T06:52:42.000+00:00
Reebok Answer DMX,gen_39902750,5,positive,Highly recommend,Bought these for my son and Very good durability. And value. You feel the weight after a long game. Sizing is spot on. Game changer for me.,Highly recommend. Bought these for my son and Very good durability. And value. You feel the weight after a long game. Sizing is spot on. Game changer for me,highly recommend bought these for my son and very good durability and value you feel the weight after a long game sizing is spot on game changer for me,29,https://runrepeat.com/reebok-answer-dmx,gen_988626,2025-04-10T06:52:42.000+00:00
Reebok Answer DMX,gen_987756595,4,positive,stability,Needed a new pair for the season and these delivered. Comfort. And value. Could be lighter. Fits true to size. Highly recommend.,stability. Needed a new pair for the season and these delivered. Comfort. And value. Could be lighter. Fits true to size. Highly recommend,stability needed a new pair for the season and these delivered comfort and value could be lighter fits true to size highly recommend,23,https://runrepeat.com/reebok-answer-dmx,gen_988626,2025-12-03T06:52:42.000+00:00
Reebok Answer DMX,gen_44256313,4,positive,Solid performance shoe,I recommend these to my players. And value. Very good durability. Runs a little heavy. Highly recommend.,Solid performance shoe. I recommend these to my players. And value. Very good durability. Runs a little heavy. Highly recommend,solid performance shoe i recommend these to my players and value very good durability runs a little heavy highly recommend,20,https://runrepeat.com/reebok-answer-dmx,gen_988626,2025-02-24T06:52:42.000+00:00
Reebok Answer DMX,gen_344686370,4,positive,Highly recommend,Really happy with this purchase. Stability. Cushioning. Could be lighter. One of my favorite basketball shoes.,Highly recommend. Really happy with this purchase. Stability. Cushioning. Could be lighter. One of my favorite basketball shoes,highly recommend really happy with this purchase stability cushioning could be lighter one of my favorite basketball shoes,18,https://runrepeat.com/reebok-answer-dmx,gen_988626,2025-01-19T06:52:42.000+00:00
Reebok Answer DMX,gen_665763404,4,positive,Highly recommend,"Compared to my other pairs, Very good durability. Comfort. You feel the weight after a long game. Fits true to size. Lockdown is excellent. Highly recommend.","Highly recommend. Compared to my other pairs, Very good durability. Comfort. You feel the weight after a long game. Fits true to size. Lockdown is excellent. Highly recommend",highly recommend compared to my other pairs very good durability comfort you feel the weight after a long game fits true to size lockdown is excellent highly recommend,28,https://runrepeat.com/reebok-answer-dmx,gen_988626,2025-08-13T06:52:42.000+00:00
Reebok Answer DMX,gen_888780601,5,positive,Solid performance shoe,"As a competitive player, Comfort. And value. You feel the weight after a long game. Game changer for me.","Solid performance shoe. As a competitive player, Comfort. And value. You feel the weight after a long game. Game changer for me",solid performance shoe as a competitive player comfort and value you feel the weight after a long game game changer for me,22,https://runrepeat.com/reebok-answer-dmx,gen_988626,2025-10-25T06:52:42.000+00:00
Reebok Answer DMX,gen_820884755,4,positive,Worth it,I play D3 ball and Stability. Cushioning. Could be lighter. Game changer for me.,Worth it. I play D3 ball and Stability. Cushioning. Could be lighter. Game changer for me,worth it i play d3 ball and stability cushioning could be lighter game changer for me,16,https://runrepeat.com/reebok-answer-dmx,gen_988626,2024-05-02T06:52:42.000+00:00
Reebok Answer DMX,gen_816648014,4,positive,Best on the court,Bought these after my old pair died. Very good durability. Comfort. Runs a little heavy.,Best on the court. Bought these after my old pair died. Very good durability. Comfort. Runs a little heavy,best on the court bought these after my old pair died very good durability comfort runs a little heavy,19,https://runrepeat.com/reebok-answer-dmx,gen_988626,2024-08-09T06:52:42.000+00:00
Reebok Answer DMX,gen_189522787,5,positive,Highly recommend,Stability. And value. Runs a little heavy. Ordered my normal size and it fits perfectly. Foot doesn't move at all.,Highly recommend. Stability. And value. Runs a little heavy. Ordered my normal size and it fits perfectly. Foot doesn't move at all,highly recommend stability and value runs a little heavy ordered my normal size and it fits perfectly foot doesn't move at all,22,https://runrepeat.com/reebok-answer-dmx,gen_988626,2024-05-06T06:52:42.000+00:00
Reebok Answer DMX,gen_861075702,3,neutral,Mixed feelings,"For rec league ball, Stability. However, weak breathability and heavy weight. Decent shoe overall but nothing special.","Mixed feelings. For rec league ball, Stability. However, weak breathability and heavy weight. Decent shoe overall but nothing special",mixed feelings for rec league ball stability however weak breathability and heavy weight decent shoe overall but nothing special,19,https://runrepeat.com/reebok-answer-dmx,gen_988626,2026-01-10T06:52:42.000+00:00
Reebok Answer DMX,gen_605756839,5,positive,Love these shoes,I own about 30 pairs of basketball shoes and Very good durability. And value. Could be lighter. One of my favorite basketball shoes.,Love these shoes. I own about 30 pairs of basketball shoes and Very good durability. And value. Could be lighter. One of my favorite basketball shoes,love these shoes i own about 30 pairs of basketball shoes and very good durability and value could be lighter one of my favorite basketball shoes,26,https://runrepeat.com/reebok-answer-dmx,gen_988626,2026-03-15T06:52:42.000+00:00
Reebok Answer DMX,gen_663283383,4,positive,Worth it,And value. Very good durability. You feel the weight after a long game.,Worth it. And value. Very good durability. You feel the weight after a long game,worth it and value very good durability you feel the weight after a long game,15,https://runrepeat.com/reebok-answer-dmx,gen_988626,2024-05-09T06:52:42.000+00:00
Reebok Shaq Attaq,gen_679871350,5,positive,Solid performance shoe,Bought these after my old pair died. And twist resistance. Durable materials. Runs a little heavy. Sizing is spot on. Game changer for me.,Solid performance shoe. Bought these after my old pair died. And twist resistance. Durable materials. Runs a little heavy. Sizing is spot on. Game changer for me,solid performance shoe bought these after my old pair died and twist resistance durable materials runs a little heavy sizing is spot on game changer for me,27,https://runrepeat.com/reebok-shaq-attaq,gen_525790,2025-07-03T06:52:42.000+00:00
Reebok Shaq Attaq,gen_483742354,5,positive,Solid performance shoe,Been wearing these for a few months now. Durable materials. Containment. Runs a little heavy. Ordered my normal size and it fits perfectly.,Solid performance shoe. Been wearing these for a few months now. Durable materials. Containment. Runs a little heavy. Ordered my normal size and it fits perfectly,solid performance shoe been wearing these for a few months now durable materials containment runs a little heavy ordered my normal size and it fits perfectly,26,https://runrepeat.com/reebok-shaq-attaq,gen_525790,2024-08-21T06:52:42.000+00:00
Reebok Shaq Attaq,gen_977648634,5,positive,Best on the court,Containment. Cushioning. Runs a little heavy. Game changer for me.,Best on the court. Containment. Cushioning. Runs a little heavy. Game changer for me,best on the court containment cushioning runs a little heavy game changer for me,14,https://runrepeat.com/reebok-shaq-attaq,gen_525790,2024-06-15T06:52:42.000+00:00
Reebok Shaq Attaq,gen_379173602,5,positive,Great basketball shoe,Ankle support. Versatile traction. Runs a little heavy. Fits true to size.,Great basketball shoe. Ankle support. Versatile traction. Runs a little heavy. Fits true to size,great basketball shoe ankle support versatile traction runs a little heavy fits true to size,15,https://runrepeat.com/reebok-shaq-attaq,gen_525790,2024-06-16T06:52:42.000+00:00
Reebok Shaq Attaq,gen_789905092,5,positive,Worth it,Got these for my daughter and Cushioning. Versatile traction. Could be lighter. Best shoe I've played in this year.,Worth it. Got these for my daughter and Cushioning. Versatile traction. Could be lighter. Best shoe I've played in this year,worth it got these for my daughter and cushioning versatile traction could be lighter best shoe i've played in this year,21,https://runrepeat.com/reebok-shaq-attaq,gen_525790,2024-11-22T06:52:42.000+00:00
Reebok Shaq Attaq,gen_881228412,5,positive,Solid performance shoe,Tried these on a whim and they're now my go-to. Cushioning. Ankle support. You feel the weight after a long game.,Solid performance shoe. Tried these on a whim and they're now my go-to. Cushioning. Ankle support. You feel the weight after a long game,solid performance shoe tried these on a whim and they're now my go to cushioning ankle support you feel the weight after a long game,25,https://runrepeat.com/reebok-shaq-attaq,gen_525790,2024-11-18T06:52:42.000+00:00
Reebok Shaq Attaq,gen_565466919,5,positive,Cushioning,Durable materials. And twist resistance. You feel the weight after a long game. Fits true to size.,Cushioning. Durable materials. And twist resistance. You feel the weight after a long game. Fits true to size,cushioning durable materials and twist resistance you feel the weight after a long game fits true to size,18,https://runrepeat.com/reebok-shaq-attaq,gen_525790,2025-04-23T06:52:42.000+00:00
Reebok Shaq Attaq,gen_49807101,5,positive,Best on the court,Bought these after my old pair died. Durable materials. Containment. Runs a little heavy. Lockdown is excellent. Highly recommend.,Best on the court. Bought these after my old pair died. Durable materials. Containment. Runs a little heavy. Lockdown is excellent. Highly recommend,best on the court bought these after my old pair died durable materials containment runs a little heavy lockdown is excellent highly recommend,23,https://runrepeat.com/reebok-shaq-attaq,gen_525790,2025-02-18T06:52:42.000+00:00
Reebok Shaq Attaq,gen_497541525,3,neutral,Mixed feelings,"Been wearing these for a few months now. Versatile traction. However, poor breathability and a heavy build. Takes a few sessions to break in","Mixed feelings. Been wearing these for a few months now. Versatile traction. However, poor breathability and a heavy build. Takes a few sessions to break in",mixed feelings been wearing these for a few months now versatile traction however poor breathability and a heavy build takes a few sessions to break in,26,https://runrepeat.com/reebok-shaq-attaq,gen_525790,2025-06-20T06:52:42.000+00:00
Reebok Shaq Attaq,gen_423550577,5,positive,Solid performance shoe,Versatile traction. Ankle support. Could be lighter.,Solid performance shoe. Versatile traction. Ankle support. Could be lighter,solid performance shoe versatile traction ankle support could be lighter,10,https://runrepeat.com/reebok-shaq-attaq,gen_525790,2024-08-16T06:52:42.000+00:00
Reebok Shaq Attaq,gen_707768942,4,positive,Solid performance shoe,Finally pulled the trigger on these and glad I did. Ankle support. Containment. You feel the weight after a long game. Stays locked through cuts. Highly recommend.,Solid performance shoe. Finally pulled the trigger on these and glad I did. Ankle support. Containment. You feel the weight after a long game. Stays locked through cuts. Highly recommend,solid performance shoe finally pulled the trigger on these and glad i did ankle support containment you feel the weight after a long game stays locked through cuts highly recommend,30,https://runrepeat.com/reebok-shaq-attaq,gen_525790,2025-08-01T06:52:42.000+00:00
Reebok Shaq Attaq,gen_792159811,5,positive,Cushioning,These shoes are solid. Containment. Ankle support. You feel the weight after a long game. Sizing is spot on. Stays locked through cuts. One of my favorite basketball shoes.,Cushioning. These shoes are solid. Containment. Ankle support. You feel the weight after a long game. Sizing is spot on. Stays locked through cuts. One of my favorite basketball shoes,cushioning these shoes are solid containment ankle support you feel the weight after a long game sizing is spot on stays locked through cuts one of my favorite basketball shoes,30,https://runrepeat.com/reebok-shaq-attaq,gen_525790,2025-04-01T06:52:42.000+00:00
Reebok Shaq Attaq,gen_971748077,5,positive,Great basketball shoe,And twist resistance. Containment. Runs a little heavy. Fits true to size.,Great basketball shoe. And twist resistance. Containment. Runs a little heavy. Fits true to size,great basketball shoe and twist resistance containment runs a little heavy fits true to size,15,https://runrepeat.com/reebok-shaq-attaq,gen_525790,2024-05-04T06:52:42.000+00:00
Reebok Shaq Attaq,gen_223513910,3,neutral,Has its pros and cons,"Compared to my other pairs, Versatile traction. However, poor breathability and a heavy build. Decent shoe overall but nothing special.","Has its pros and cons. Compared to my other pairs, Versatile traction. However, poor breathability and a heavy build. Decent shoe overall but nothing special",has its pros and cons compared to my other pairs versatile traction however poor breathability and a heavy build decent shoe overall but nothing special,25,https://runrepeat.com/reebok-shaq-attaq,gen_525790,2026-03-27T06:52:42.000+00:00
Reebok Shaq Attaq,gen_759426411,4,positive,Solid performance shoe,I own about 30 pairs of basketball shoes and Containment. Cushioning. Runs a little heavy. Foot doesn't move at all. One of my favorite basketball shoes.,Solid performance shoe. I own about 30 pairs of basketball shoes and Containment. Cushioning. Runs a little heavy. Foot doesn't move at all. One of my favorite basketball shoes,solid performance shoe i own about 30 pairs of basketball shoes and containment cushioning runs a little heavy foot doesn't move at all one of my favorite basketball shoes,29,https://runrepeat.com/reebok-shaq-attaq,gen_525790,2024-09-06T06:52:42.000+00:00
Reebok Shaq Attaq,gen_808369569,5,positive,versatile traction,"Bought these for several players on my team, Versatile traction. Cushioning. You feel the weight after a long game.","versatile traction. Bought these for several players on my team, Versatile traction. Cushioning. You feel the weight after a long game",versatile traction bought these for several players on my team versatile traction cushioning you feel the weight after a long game,21,https://runrepeat.com/reebok-shaq-attaq,gen_525790,2025-07-24T06:52:42.000+00:00
Reebok Shaq Attaq,gen_215198317,5,positive,Solid performance shoe,These shoes are solid. Containment. Versatile traction. Could be lighter. Fits true to size.,Solid performance shoe. These shoes are solid. Containment. Versatile traction. Could be lighter. Fits true to size,solid performance shoe these shoes are solid containment versatile traction could be lighter fits true to size,17,https://runrepeat.com/reebok-shaq-attaq,gen_525790,2025-01-22T06:52:42.000+00:00
Reebok Shaq Attaq,gen_324541742,4,positive,Best on the court,Cushioning. And twist resistance. Could be lighter. Fits true to size.,Best on the court. Cushioning. And twist resistance. Could be lighter. Fits true to size,best on the court cushioning and twist resistance could be lighter fits true to size,15,https://runrepeat.com/reebok-shaq-attaq,gen_525790,2025-08-11T06:52:42.000+00:00
Reebok Shaq Attaq,gen_949129390,4,positive,Worth it,Just finished my third week in these. And twist resistance. Containment. Runs a little heavy. Sizing is spot on.,Worth it. Just finished my third week in these. And twist resistance. Containment. Runs a little heavy. Sizing is spot on,worth it just finished my third week in these and twist resistance containment runs a little heavy sizing is spot on,21,https://runrepeat.com/reebok-shaq-attaq,gen_525790,2025-05-08T06:52:42.000+00:00
Reebok Shaq Attaq,gen_80863763,4,positive,Highly recommend,Bought these after my old pair died. Cushioning. Containment. Could be lighter.,Highly recommend. Bought these after my old pair died. Cushioning. Containment. Could be lighter,highly recommend bought these after my old pair died cushioning containment could be lighter,14,https://runrepeat.com/reebok-shaq-attaq,gen_525790,2025-04-19T06:52:42.000+00:00
Adidas Harden Stepback 3,gen_234433640,5,positive,Best on the court,Ground feel. And affordability. Could be lighter. Ordered my normal size and it fits perfectly. Super secure fit. One of my favorite basketball shoes.,Best on the court. Ground feel. And affordability. Could be lighter. Ordered my normal size and it fits perfectly. Super secure fit. One of my favorite basketball shoes,best on the court ground feel and affordability could be lighter ordered my normal size and it fits perfectly super secure fit one of my favorite basketball shoes,28,https://runrepeat.com/adidas-harden-stepback-3,gen_132510,2025-02-23T06:52:42.000+00:00
Adidas Harden Stepback 3,gen_573787063,4,positive,and affordability,And affordability. Comfort. Could be lighter. Best shoe I've played in this year.,and affordability. And affordability. Comfort. Could be lighter. Best shoe I've played in this year,and affordability and affordability comfort could be lighter best shoe i've played in this year,15,https://runrepeat.com/adidas-harden-stepback-3,gen_132510,2024-06-12T06:52:42.000+00:00
Adidas Harden Stepback 3,gen_853605809,4,positive,Best on the court,And affordability. A wide stable platform. Could be lighter. Super secure fit.,Best on the court. And affordability. A wide stable platform. Could be lighter. Super secure fit,best on the court and affordability a wide stable platform could be lighter super secure fit,16,https://runrepeat.com/adidas-harden-stepback-3,gen_132510,2026-01-20T06:52:42.000+00:00
Adidas Harden Stepback 3,gen_539907313,5,positive,Love these shoes,Big sneaker collector here — Ground feel. And affordability. Runs a little heavy.,Love these shoes. Big sneaker collector here — Ground feel. And affordability. Runs a little heavy,love these shoes big sneaker collector here ground feel and affordability runs a little heavy,15,https://runrepeat.com/adidas-harden-stepback-3,gen_132510,2026-02-22T06:52:42.000+00:00
Adidas Harden Stepback 3,gen_371348203,5,positive,Love these shoes,These shoes are solid. Support. Ground feel. Runs a little heavy. Sizing is spot on. Best shoe I've played in this year.,Love these shoes. These shoes are solid. Support. Ground feel. Runs a little heavy. Sizing is spot on. Best shoe I've played in this year,love these shoes these shoes are solid support ground feel runs a little heavy sizing is spot on best shoe i've played in this year,25,https://runrepeat.com/adidas-harden-stepback-3,gen_132510,2024-10-19T06:52:42.000+00:00
Adidas Harden Stepback 3,gen_581436002,5,positive,and affordability,As a coach I've seen a lot of shoes and Comfort. A wide stable platform. You feel the weight after a long game. Stays locked through cuts. One of my favorite basketball shoes.,and affordability. As a coach I've seen a lot of shoes and Comfort. A wide stable platform. You feel the weight after a long game. Stays locked through cuts. One of my favorite basketball shoes,and affordability as a coach i've seen a lot of shoes and comfort a wide stable platform you feel the weight after a long game stays locked through cuts one of my favorite basketball shoes,35,https://runrepeat.com/adidas-harden-stepback-3,gen_132510,2024-08-17T06:52:42.000+00:00
Adidas Harden Stepback 3,gen_981909397,4,positive,Solid performance shoe,I recommend these to my players. And affordability. Support. Runs a little heavy. Ordered my normal size and it fits perfectly. Lockdown is excellent. Game changer for me.,Solid performance shoe. I recommend these to my players. And affordability. Support. Runs a little heavy. Ordered my normal size and it fits perfectly. Lockdown is excellent. Game changer for me,solid performance shoe i recommend these to my players and affordability support runs a little heavy ordered my normal size and it fits perfectly lockdown is excellent game changer for me,31,https://runrepeat.com/adidas-harden-stepback-3,gen_132510,2025-04-03T06:52:42.000+00:00
Adidas Harden Stepback 3,gen_447184163,5,positive,support,Finally pulled the trigger on these and glad I did. Ground feel. Support. Could be lighter. Fits true to size.,support. Finally pulled the trigger on these and glad I did. Ground feel. Support. Could be lighter. Fits true to size,support finally pulled the trigger on these and glad i did ground feel support could be lighter fits true to size,21,https://runrepeat.com/adidas-harden-stepback-3,gen_132510,2025-06-04T06:52:42.000+00:00
Adidas Harden Stepback 3,gen_954807538,5,positive,a wide stable platform,Bought these after my old pair died. Ground feel. A wide stable platform. Could be lighter. Best shoe I've played in this year.,a wide stable platform. Bought these after my old pair died. Ground feel. A wide stable platform. Could be lighter. Best shoe I've played in this year,a wide stable platform bought these after my old pair died ground feel a wide stable platform could be lighter best shoe i've played in this year,27,https://runrepeat.com/adidas-harden-stepback-3,gen_132510,2024-08-07T06:52:42.000+00:00
Adidas Harden Stepback 3,gen_477596503,5,positive,Solid performance shoe,Been playing for 15 years and Support. A wide stable platform. Could be lighter. Game changer for me.,Solid performance shoe. Been playing for 15 years and Support. A wide stable platform. Could be lighter. Game changer for me,solid performance shoe been playing for 15 years and support a wide stable platform could be lighter game changer for me,21,https://runrepeat.com/adidas-harden-stepback-3,gen_132510,2025-05-13T06:52:42.000+00:00
Adidas Harden Stepback 3,gen_934635412,5,positive,Great basketball shoe,"For rec league ball, And affordability. Support. Runs a little heavy. No heel slip whatsoever. Would buy again.","Great basketball shoe. For rec league ball, And affordability. Support. Runs a little heavy. No heel slip whatsoever. Would buy again",great basketball shoe for rec league ball and affordability support runs a little heavy no heel slip whatsoever would buy again,21,https://runrepeat.com/adidas-harden-stepback-3,gen_132510,2025-12-22T06:52:42.000+00:00
Adidas Harden Stepback 3,gen_535156316,5,positive,Highly recommend,My kid loves these shoes. A wide stable platform. And affordability. You feel the weight after a long game. Foot doesn't move at all.,Highly recommend. My kid loves these shoes. A wide stable platform. And affordability. You feel the weight after a long game. Foot doesn't move at all,highly recommend my kid loves these shoes a wide stable platform and affordability you feel the weight after a long game foot doesn't move at all,26,https://runrepeat.com/adidas-harden-stepback-3,gen_132510,2024-08-03T06:52:42.000+00:00
Adidas Harden Stepback 3,gen_182523344,4,positive,Solid performance shoe,I play pickup 3x a week and Support. Ground feel. Runs a little heavy. Ordered my normal size and it fits perfectly. Best shoe I've played in this year.,Solid performance shoe. I play pickup 3x a week and Support. Ground feel. Runs a little heavy. Ordered my normal size and it fits perfectly. Best shoe I've played in this year,solid performance shoe i play pickup 3x a week and support ground feel runs a little heavy ordered my normal size and it fits perfectly best shoe i've played in this year,32,https://runrepeat.com/adidas-harden-stepback-3,gen_132510,2024-07-07T06:52:42.000+00:00
Adidas Harden Stepback 3,gen_469214052,5,positive,Great basketball shoe,Ground feel. And affordability. Could be lighter. Game changer for me.,Great basketball shoe. Ground feel. And affordability. Could be lighter. Game changer for me,great basketball shoe ground feel and affordability could be lighter game changer for me,14,https://runrepeat.com/adidas-harden-stepback-3,gen_132510,2024-09-27T06:52:42.000+00:00
Adidas Harden Stepback 3,gen_539039299,5,positive,Highly recommend,"As a casual hooper, Support. A wide stable platform. Runs a little heavy. Foot doesn't move at all.","Highly recommend. As a casual hooper, Support. A wide stable platform. Runs a little heavy. Foot doesn't move at all",highly recommend as a casual hooper support a wide stable platform runs a little heavy foot doesn't move at all,20,https://runrepeat.com/adidas-harden-stepback-3,gen_132510,2025-02-28T06:52:42.000+00:00
Adidas Harden Stepback 3,gen_72586560,3,neutral,Has its pros and cons,"Been wearing these for a few months now. Ground feel. However, some extra weight. Takes a few sessions to break in","Has its pros and cons. Been wearing these for a few months now. Ground feel. However, some extra weight. Takes a few sessions to break in",has its pros and cons been wearing these for a few months now ground feel however some extra weight takes a few sessions to break in,26,https://runrepeat.com/adidas-harden-stepback-3,gen_132510,2025-09-26T06:52:42.000+00:00
Adidas Harden Stepback 3,gen_712301461,5,positive,Love these shoes,Support. Comfort. Could be lighter. Ordered my normal size and it fits perfectly.,Love these shoes. Support. Comfort. Could be lighter. Ordered my normal size and it fits perfectly,love these shoes support comfort could be lighter ordered my normal size and it fits perfectly,16,https://runrepeat.com/adidas-harden-stepback-3,gen_132510,2024-10-24T06:52:42.000+00:00
Adidas Harden Stepback 3,gen_685273660,4,positive,Solid performance shoe,"Compared to my other pairs, Comfort. Support. Could be lighter. Foot doesn't move at all. Best shoe I've played in this year.","Solid performance shoe. Compared to my other pairs, Comfort. Support. Could be lighter. Foot doesn't move at all. Best shoe I've played in this year",solid performance shoe compared to my other pairs comfort support could be lighter foot doesn't move at all best shoe i've played in this year,25,https://runrepeat.com/adidas-harden-stepback-3,gen_132510,2024-05-11T06:52:42.000+00:00
Adidas Harden Stepback 3,gen_860570816,5,positive,Best on the court,Bought these for the season and have no regrets. Ground feel. And affordability. You feel the weight after a long game. Super secure fit. Game changer for me.,Best on the court. Bought these for the season and have no regrets. Ground feel. And affordability. You feel the weight after a long game. Super secure fit. Game changer for me,best on the court bought these for the season and have no regrets ground feel and affordability you feel the weight after a long game super secure fit game changer for me,32,https://runrepeat.com/adidas-harden-stepback-3,gen_132510,2025-05-11T06:52:42.000+00:00
Adidas Harden Stepback 3,gen_584128678,4,positive,comfort,Been wearing these for a few months now. Comfort. And affordability. You feel the weight after a long game. Stays locked through cuts.,comfort. Been wearing these for a few months now. Comfort. And affordability. You feel the weight after a long game. Stays locked through cuts,comfort been wearing these for a few months now comfort and affordability you feel the weight after a long game stays locked through cuts,24,https://runrepeat.com/adidas-harden-stepback-3,gen_132510,2024-12-05T06:52:42.000+00:00
Under Armour Curry Flow 10,gen_481788270,4,positive,Best on the court,Finally pulled the trigger on these and glad I did. Its fast and explosive feel. And the kind of lively performance that helps players attack defenders and score. Feels almost weightless on foot. Ordered my normal size and it fits perfectly. No heel slip whatsoever.,Best on the court. Finally pulled the trigger on these and glad I did. Its fast and explosive feel. And the kind of lively performance that helps players attack defenders and score. Feels almost weightless on foot. Ordered my normal size and it fits perfectly. No heel slip whatsoever,best on the court finally pulled the trigger on these and glad i did its fast and explosive feel and the kind of lively performance that helps players attack defenders and score feels almost weightless on foot ordered my normal size and it fits perfectly no heel slip whatsoever,49,https://runrepeat.com/under-armour-curry-10,gen_440246,2025-08-30T06:52:42.000+00:00
Under Armour Curry Flow 10,gen_310889044,3,neutral,Has its pros and cons,"Needed a new pair for the season and these delivered. Its fast and explosive feel. However, power-player experience. Needed about a week to feel natural","Has its pros and cons. Needed a new pair for the season and these delivered. Its fast and explosive feel. However, power-player experience. Needed about a week to feel natural",has its pros and cons needed a new pair for the season and these delivered its fast and explosive feel however power player experience needed about a week to feel natural,31,https://runrepeat.com/under-armour-curry-10,gen_440246,2025-06-14T06:52:42.000+00:00
Under Armour Curry Flow 10,gen_836891693,5,positive,Great basketball shoe,Guard-friendly movement. And the kind of lively performance that helps players attack defenders and score. Feels almost weightless on foot. Game changer for me.,Great basketball shoe. Guard-friendly movement. And the kind of lively performance that helps players attack defenders and score. Feels almost weightless on foot. Game changer for me,great basketball shoe guard friendly movement and the kind of lively performance that helps players attack defenders and score feels almost weightless on foot game changer for me,28,https://runrepeat.com/under-armour-curry-10,gen_440246,2025-05-04T06:52:42.000+00:00
Under Armour Curry Flow 10,gen_120951136,4,positive,Love these shoes,Got these for my daughter and Guard-friendly movement. And the kind of lively performance that helps players attack defenders and score. Feels almost weightless on foot. Ordered my normal size and it fits perfectly. Stays locked through cuts.,Love these shoes. Got these for my daughter and Guard-friendly movement. And the kind of lively performance that helps players attack defenders and score. Feels almost weightless on foot. Ordered my normal size and it fits perfectly. Stays locked through cuts,love these shoes got these for my daughter and guard friendly movement and the kind of lively performance that helps players attack defenders and score feels almost weightless on foot ordered my normal size and it fits perfectly stays locked through cuts,42,https://runrepeat.com/under-armour-curry-10,gen_440246,2024-05-18T06:52:42.000+00:00
Under Armour Curry Flow 10,gen_327904755,3,neutral,Decent but not perfect,"Bought these after my old pair died. Its fast and explosive feel. However, that its design is clearly tuned toward speed and explosiveness rather than a bulky. Stiff at first but loosens up nicely","Decent but not perfect. Bought these after my old pair died. Its fast and explosive feel. However, that its design is clearly tuned toward speed and explosiveness rather than a bulky. Stiff at first but loosens up nicely",decent but not perfect bought these after my old pair died its fast and explosive feel however that its design is clearly tuned toward speed and explosiveness rather than a bulky stiff at first but loosens up nicely,38,https://runrepeat.com/under-armour-curry-10,gen_440246,2025-08-19T06:52:42.000+00:00
Under Armour Curry Flow 10,gen_749743427,5,positive,Best on the court,"For rec league ball, And the kind of lively performance that helps players attack defenders and score. Guard-friendly movement. Doesn't slow you down. Game changer for me.","Best on the court. For rec league ball, And the kind of lively performance that helps players attack defenders and score. Guard-friendly movement. Doesn't slow you down. Game changer for me",best on the court for rec league ball and the kind of lively performance that helps players attack defenders and score guard friendly movement doesn't slow you down game changer for me,32,https://runrepeat.com/under-armour-curry-10,gen_440246,2024-08-30T06:52:42.000+00:00
Under Armour Curry Flow 10,gen_588992589,5,positive,Best on the court,And the kind of lively performance that helps players attack defenders and score. Its fast and explosive feel. Feels almost weightless on foot. Stays locked through cuts.,Best on the court. And the kind of lively performance that helps players attack defenders and score. Its fast and explosive feel. Feels almost weightless on foot. Stays locked through cuts,best on the court and the kind of lively performance that helps players attack defenders and score its fast and explosive feel feels almost weightless on foot stays locked through cuts,31,https://runrepeat.com/under-armour-curry-10,gen_440246,2024-12-18T06:52:42.000+00:00
Under Armour Curry Flow 10,gen_396861558,4,positive,Love these shoes,Just finished my third week in these. Its fast and explosive feel. And the kind of lively performance that helps players attack defenders and score. Doesn't slow you down.,Love these shoes. Just finished my third week in these. Its fast and explosive feel. And the kind of lively performance that helps players attack defenders and score. Doesn't slow you down,love these shoes just finished my third week in these its fast and explosive feel and the kind of lively performance that helps players attack defenders and score doesn't slow you down,32,https://runrepeat.com/under-armour-curry-10,gen_440246,2024-04-25T06:52:42.000+00:00
Under Armour Curry Flow 10,gen_51291806,4,positive,Highly recommend,Bought these for my son and And the kind of lively performance that helps players attack defenders and score. Its fast and explosive feel. Doesn't slow you down. Ordered my normal size and it fits perfectly. Stays locked through cuts.,Highly recommend. Bought these for my son and And the kind of lively performance that helps players attack defenders and score. Its fast and explosive feel. Doesn't slow you down. Ordered my normal size and it fits perfectly. Stays locked through cuts,highly recommend bought these for my son and and the kind of lively performance that helps players attack defenders and score its fast and explosive feel doesn't slow you down ordered my normal size and it fits perfectly stays locked through cuts,42,https://runrepeat.com/under-armour-curry-10,gen_440246,2025-11-19T06:52:42.000+00:00
Under Armour Curry Flow 10,gen_167146143,5,positive,Worth it,Been wearing these for a few months now. And the kind of lively performance that helps players attack defenders and score. Its fast and explosive feel. Super lightweight. Best shoe I've played in this year.,Worth it. Been wearing these for a few months now. And the kind of lively performance that helps players attack defenders and score. Its fast and explosive feel. Super lightweight. Best shoe I've played in this year,worth it been wearing these for a few months now and the kind of lively performance that helps players attack defenders and score its fast and explosive feel super lightweight best shoe i've played in this year,37,https://runrepeat.com/under-armour-curry-10,gen_440246,2024-09-29T06:52:42.000+00:00
Under Armour Curry Flow 10,gen_642404876,5,positive,Highly recommend,"As a competitive player, Its fast and explosive feel. And the kind of lively performance that helps players attack defenders and score. Super lightweight. Fits true to size. Stays locked through cuts. Game changer for me.","Highly recommend. As a competitive player, Its fast and explosive feel. And the kind of lively performance that helps players attack defenders and score. Super lightweight. Fits true to size. Stays locked through cuts. Game changer for me",highly recommend as a competitive player its fast and explosive feel and the kind of lively performance that helps players attack defenders and score super lightweight fits true to size stays locked through cuts game changer for me,38,https://runrepeat.com/under-armour-curry-10,gen_440246,2025-03-30T06:52:42.000+00:00
Under Armour Curry Flow 10,gen_22144057,4,positive,Great basketball shoe,And the kind of lively performance that helps players attack defenders and score. Guard-friendly movement. Doesn't slow you down. Fits true to size.,Great basketball shoe. And the kind of lively performance that helps players attack defenders and score. Guard-friendly movement. Doesn't slow you down. Fits true to size,great basketball shoe and the kind of lively performance that helps players attack defenders and score guard friendly movement doesn't slow you down fits true to size,27,https://runrepeat.com/under-armour-curry-10,gen_440246,2025-10-11T06:52:42.000+00:00
Under Armour Curry Flow 10,gen_235561439,5,positive,Solid performance shoe,"As a casual hooper, Its fast and explosive feel. Guard-friendly movement. Feels almost weightless on foot. Best shoe I've played in this year.","Solid performance shoe. As a casual hooper, Its fast and explosive feel. Guard-friendly movement. Feels almost weightless on foot. Best shoe I've played in this year",solid performance shoe as a casual hooper its fast and explosive feel guard friendly movement feels almost weightless on foot best shoe i've played in this year,27,https://runrepeat.com/under-armour-curry-10,gen_440246,2026-03-05T06:52:42.000+00:00
Under Armour Curry Flow 10,gen_931069769,5,positive,Love these shoes,And the kind of lively performance that helps players attack defenders and score. Its fast and explosive feel. Super lightweight. Sizing is spot on. Highly recommend.,Love these shoes. And the kind of lively performance that helps players attack defenders and score. Its fast and explosive feel. Super lightweight. Sizing is spot on. Highly recommend,love these shoes and the kind of lively performance that helps players attack defenders and score its fast and explosive feel super lightweight sizing is spot on highly recommend,29,https://runrepeat.com/under-armour-curry-10,gen_440246,2026-03-18T06:52:42.000+00:00
Under Armour Curry Flow 10,gen_600989439,4,positive,Highly recommend,Its fast and explosive feel. And the kind of lively performance that helps players attack defenders and score. Feels almost weightless on foot. Super secure fit.,Highly recommend. Its fast and explosive feel. And the kind of lively performance that helps players attack defenders and score. Feels almost weightless on foot. Super secure fit,highly recommend its fast and explosive feel and the kind of lively performance that helps players attack defenders and score feels almost weightless on foot super secure fit,28,https://runrepeat.com/under-armour-curry-10,gen_440246,2024-08-28T06:52:42.000+00:00
Under Armour Curry Flow 10,gen_453313505,4,positive,Solid performance shoe,"As a casual hooper, Its fast and explosive feel. Guard-friendly movement. Feels almost weightless on foot. Highly recommend.","Solid performance shoe. As a casual hooper, Its fast and explosive feel. Guard-friendly movement. Feels almost weightless on foot. Highly recommend",solid performance shoe as a casual hooper its fast and explosive feel guard friendly movement feels almost weightless on foot highly recommend,22,https://runrepeat.com/under-armour-curry-10,gen_440246,2026-02-06T06:52:42.000+00:00
Under Armour Curry Flow 10,gen_944351899,5,positive,Worth it,Really happy with this purchase. And the kind of lively performance that helps players attack defenders and score. Its fast and explosive feel. Doesn't slow you down. One of my favorite basketball shoes.,Worth it. Really happy with this purchase. And the kind of lively performance that helps players attack defenders and score. Its fast and explosive feel. Doesn't slow you down. One of my favorite basketball shoes,worth it really happy with this purchase and the kind of lively performance that helps players attack defenders and score its fast and explosive feel doesn't slow you down one of my favorite basketball shoes,35,https://runrepeat.com/under-armour-curry-10,gen_440246,2026-04-21T06:52:42.000+00:00
Under Armour Curry Flow 10,gen_22685868,5,positive,Best on the court,Got these for my daughter and And the kind of lively performance that helps players attack defenders and score. Guard-friendly movement. Doesn't slow you down. Ordered my normal size and it fits perfectly. Best shoe I've played in this year.,Best on the court. Got these for my daughter and And the kind of lively performance that helps players attack defenders and score. Guard-friendly movement. Doesn't slow you down. Ordered my normal size and it fits perfectly. Best shoe I've played in this year,best on the court got these for my daughter and and the kind of lively performance that helps players attack defenders and score guard friendly movement doesn't slow you down ordered my normal size and it fits perfectly best shoe i've played in this year,45,https://runrepeat.com/under-armour-curry-10,gen_440246,2025-10-05T06:52:42.000+00:00
Under Armour Curry Flow 10,gen_963350485,3,neutral,Mixed feelings,"Been wearing these for a few months now. Guard-friendly movement. However, power-player experience. Needed about a week to feel natural","Mixed feelings. Been wearing these for a few months now. Guard-friendly movement. However, power-player experience. Needed about a week to feel natural",mixed feelings been wearing these for a few months now guard friendly movement however power player experience needed about a week to feel natural,24,https://runrepeat.com/under-armour-curry-10,gen_440246,2025-03-21T06:52:42.000+00:00
Under Armour Curry Flow 10,gen_933384270,5,positive,Solid performance shoe,And the kind of lively performance that helps players attack defenders and score. Its fast and explosive feel. Feels almost weightless on foot.,Solid performance shoe. And the kind of lively performance that helps players attack defenders and score. Its fast and explosive feel. Feels almost weightless on foot,solid performance shoe and the kind of lively performance that helps players attack defenders and score its fast and explosive feel feels almost weightless on foot,26,https://runrepeat.com/under-armour-curry-10,gen_440246,2024-08-01T06:52:42.000+00:00
Reebok Answer IV,gen_63819277,5,positive,Solid performance shoe,I play pickup 3x a week and And lower weight compared with other reebok classics. Its iconic design. You feel the weight after a long game. Fits true to size.,Solid performance shoe. I play pickup 3x a week and And lower weight compared with other reebok classics. Its iconic design. You feel the weight after a long game. Fits true to size,solid performance shoe i play pickup 3x a week and and lower weight compared with other reebok classics its iconic design you feel the weight after a long game fits true to size,33,https://runrepeat.com/reebok-answer-iv,gen_837847,2025-04-18T06:52:42.000+00:00
Reebok Answer IV,gen_353036311,5,positive,Best on the court,Tried these on a whim and they're now my go-to. Excellent lockdown. Strong stability. You feel the weight after a long game. Ordered my normal size and it fits perfectly. Super secure fit. Would buy again.,Best on the court. Tried these on a whim and they're now my go-to. Excellent lockdown. Strong stability. You feel the weight after a long game. Ordered my normal size and it fits perfectly. Super secure fit. Would buy again,best on the court tried these on a whim and they're now my go to excellent lockdown strong stability you feel the weight after a long game ordered my normal size and it fits perfectly super secure fit would buy again,41,https://runrepeat.com/reebok-answer-iv,gen_837847,2026-02-05T06:52:42.000+00:00
Reebok Answer IV,gen_215898646,5,positive,Best on the court,I own about 30 pairs of basketball shoes and And lower weight compared with other reebok classics. Excellent lockdown. Runs a little heavy. Fits true to size. Stays locked through cuts.,Best on the court. I own about 30 pairs of basketball shoes and And lower weight compared with other reebok classics. Excellent lockdown. Runs a little heavy. Fits true to size. Stays locked through cuts,best on the court i own about 30 pairs of basketball shoes and and lower weight compared with other reebok classics excellent lockdown runs a little heavy fits true to size stays locked through cuts,35,https://runrepeat.com/reebok-answer-iv,gen_837847,2025-05-15T06:52:42.000+00:00
Reebok Answer IV,gen_218710775,4,positive,Best on the court,Strong stability. And lower weight compared with other reebok classics. Could be lighter. Stays locked through cuts. One of my favorite basketball shoes.,Best on the court. Strong stability. And lower weight compared with other reebok classics. Could be lighter. Stays locked through cuts. One of my favorite basketball shoes,best on the court strong stability and lower weight compared with other reebok classics could be lighter stays locked through cuts one of my favorite basketball shoes,27,https://runrepeat.com/reebok-answer-iv,gen_837847,2025-04-06T06:52:42.000+00:00
Reebok Answer IV,gen_9081436,3,neutral,Mixed feelings,"As a casual hooper, Premium leather. However, zero breathability. Needed about a week to feel natural","Mixed feelings. As a casual hooper, Premium leather. However, zero breathability. Needed about a week to feel natural",mixed feelings as a casual hooper premium leather however zero breathability needed about a week to feel natural,18,https://runrepeat.com/reebok-answer-iv,gen_837847,2025-12-14T06:52:42.000+00:00
Reebok Answer IV,gen_684293103,5,positive,Solid performance shoe,These shoes are solid. Its iconic design. Excellent lockdown. Runs a little heavy. Highly recommend.,Solid performance shoe. These shoes are solid. Its iconic design. Excellent lockdown. Runs a little heavy. Highly recommend,solid performance shoe these shoes are solid its iconic design excellent lockdown runs a little heavy highly recommend,18,https://runrepeat.com/reebok-answer-iv,gen_837847,2025-01-07T06:52:42.000+00:00
Reebok Answer IV,gen_206238732,3,neutral,Good not great,"Tried these on a whim and they're now my go-to. Premium leather. However, and a tapered toe box. Needed about a week to feel natural","Good not great. Tried these on a whim and they're now my go-to. Premium leather. However, and a tapered toe box. Needed about a week to feel natural",good not great tried these on a whim and they're now my go to premium leather however and a tapered toe box needed about a week to feel natural,29,https://runrepeat.com/reebok-answer-iv,gen_837847,2024-09-26T06:52:42.000+00:00
Reebok Answer IV,gen_407152529,4,positive,Love these shoes,Bought these for my son and Excellent lockdown. Premium leather. Runs a little heavy. Would buy again.,Love these shoes. Bought these for my son and Excellent lockdown. Premium leather. Runs a little heavy. Would buy again,love these shoes bought these for my son and excellent lockdown premium leather runs a little heavy would buy again,20,https://runrepeat.com/reebok-answer-iv,gen_837847,2025-02-17T06:52:42.000+00:00
Reebok Answer IV,gen_146649048,5,positive,Solid performance shoe,Strong stability. Its iconic design. Could be lighter. Sizing is spot on.,Solid performance shoe. Strong stability. Its iconic design. Could be lighter. Sizing is spot on,solid performance shoe strong stability its iconic design could be lighter sizing is spot on,15,https://runrepeat.com/reebok-answer-iv,gen_837847,2026-02-21T06:52:42.000+00:00
Reebok Answer IV,gen_948867171,5,positive,Great basketball shoe,I own about 30 pairs of basketball shoes and And lower weight compared with other reebok classics. Premium leather. Could be lighter. Lockdown is excellent. Game changer for me.,Great basketball shoe. I own about 30 pairs of basketball shoes and And lower weight compared with other reebok classics. Premium leather. Could be lighter. Lockdown is excellent. Game changer for me,great basketball shoe i own about 30 pairs of basketball shoes and and lower weight compared with other reebok classics premium leather could be lighter lockdown is excellent game changer for me,32,https://runrepeat.com/reebok-answer-iv,gen_837847,2026-01-30T06:52:42.000+00:00
Reebok Answer IV,gen_774456705,5,positive,Worth it,My kid loves these shoes. Its iconic design. Premium leather. Runs a little heavy. Sizing is spot on. No heel slip whatsoever. Highly recommend.,Worth it. My kid loves these shoes. Its iconic design. Premium leather. Runs a little heavy. Sizing is spot on. No heel slip whatsoever. Highly recommend,worth it my kid loves these shoes its iconic design premium leather runs a little heavy sizing is spot on no heel slip whatsoever highly recommend,26,https://runrepeat.com/reebok-answer-iv,gen_837847,2026-04-18T06:52:42.000+00:00
Reebok Answer IV,gen_22941970,5,positive,Love these shoes,Strong stability. And lower weight compared with other reebok classics. You feel the weight after a long game. Ordered my normal size and it fits perfectly. Stays locked through cuts. Game changer for me.,Love these shoes. Strong stability. And lower weight compared with other reebok classics. You feel the weight after a long game. Ordered my normal size and it fits perfectly. Stays locked through cuts. Game changer for me,love these shoes strong stability and lower weight compared with other reebok classics you feel the weight after a long game ordered my normal size and it fits perfectly stays locked through cuts game changer for me,37,https://runrepeat.com/reebok-answer-iv,gen_837847,2024-08-23T06:52:42.000+00:00
Reebok Answer IV,gen_758427286,5,positive,Best on the court,Been wearing these for a few months now. And lower weight compared with other reebok classics. Strong stability. Could be lighter. Highly recommend.,Best on the court. Been wearing these for a few months now. And lower weight compared with other reebok classics. Strong stability. Could be lighter. Highly recommend,best on the court been wearing these for a few months now and lower weight compared with other reebok classics strong stability could be lighter highly recommend,27,https://runrepeat.com/reebok-answer-iv,gen_837847,2024-07-22T06:52:42.000+00:00
Reebok Answer IV,gen_954963035,5,positive,Highly recommend,As a coach I've seen a lot of shoes and And lower weight compared with other reebok classics. Its iconic design. Runs a little heavy. One of my favorite basketball shoes.,Highly recommend. As a coach I've seen a lot of shoes and And lower weight compared with other reebok classics. Its iconic design. Runs a little heavy. One of my favorite basketball shoes,highly recommend as a coach i've seen a lot of shoes and and lower weight compared with other reebok classics its iconic design runs a little heavy one of my favorite basketball shoes,33,https://runrepeat.com/reebok-answer-iv,gen_837847,2025-05-17T06:52:42.000+00:00
Reebok Answer IV,gen_930547787,5,positive,Highly recommend,Excellent lockdown. Premium leather. You feel the weight after a long game. Sizing is spot on. One of my favorite basketball shoes.,Highly recommend. Excellent lockdown. Premium leather. You feel the weight after a long game. Sizing is spot on. One of my favorite basketball shoes,highly recommend excellent lockdown premium leather you feel the weight after a long game sizing is spot on one of my favorite basketball shoes,24,https://runrepeat.com/reebok-answer-iv,gen_837847,2025-01-29T06:52:42.000+00:00
Reebok Answer IV,gen_658025547,4,positive,Best on the court,"As a competitive player, Excellent lockdown. Its iconic design. Could be lighter. Game changer for me.","Best on the court. As a competitive player, Excellent lockdown. Its iconic design. Could be lighter. Game changer for me",best on the court as a competitive player excellent lockdown its iconic design could be lighter game changer for me,20,https://runrepeat.com/reebok-answer-iv,gen_837847,2025-01-19T06:52:42.000+00:00
Reebok Answer IV,gen_475149979,5,positive,Best on the court,"Compared to my other pairs, Strong stability. And lower weight compared with other reebok classics. You feel the weight after a long game.","Best on the court. Compared to my other pairs, Strong stability. And lower weight compared with other reebok classics. You feel the weight after a long game",best on the court compared to my other pairs strong stability and lower weight compared with other reebok classics you feel the weight after a long game,27,https://runrepeat.com/reebok-answer-iv,gen_837847,2025-06-01T06:52:42.000+00:00
Reebok Answer IV,gen_236932868,4,positive,Solid performance shoe,These shoes are solid. Strong stability. And lower weight compared with other reebok classics. Runs a little heavy. Sizing is spot on.,Solid performance shoe. These shoes are solid. Strong stability. And lower weight compared with other reebok classics. Runs a little heavy. Sizing is spot on,solid performance shoe these shoes are solid strong stability and lower weight compared with other reebok classics runs a little heavy sizing is spot on,25,https://runrepeat.com/reebok-answer-iv,gen_837847,2025-03-16T06:52:42.000+00:00
Reebok Answer IV,gen_577784710,3,neutral,Has its pros and cons,"Game-tested these for about 10 sessions. Excellent lockdown. However, zero breathability. Needed about a week to feel natural","Has its pros and cons. Game-tested these for about 10 sessions. Excellent lockdown. However, zero breathability. Needed about a week to feel natural",has its pros and cons game tested these for about 10 sessions excellent lockdown however zero breathability needed about a week to feel natural,24,https://runrepeat.com/reebok-answer-iv,gen_837847,2024-09-21T06:52:42.000+00:00
Reebok Answer IV,gen_771821016,4,positive,Worth it,Strong stability. And lower weight compared with other reebok classics. Runs a little heavy. Ordered my normal size and it fits perfectly.,Worth it. Strong stability. And lower weight compared with other reebok classics. Runs a little heavy. Ordered my normal size and it fits perfectly,worth it strong stability and lower weight compared with other reebok classics runs a little heavy ordered my normal size and it fits perfectly,24,https://runrepeat.com/reebok-answer-iv,gen_837847,2024-06-09T06:52:42.000+00:00
New Balance Kawhi IV,gen_977876459,5,positive,Love these shoes,Been wearing these for a few months now. Padded comfort. And smooth transitions. Great underfoot feel. Sizing is spot on.,Love these shoes. Been wearing these for a few months now. Padded comfort. And smooth transitions. Great underfoot feel. Sizing is spot on,love these shoes been wearing these for a few months now padded comfort and smooth transitions great underfoot feel sizing is spot on,23,https://runrepeat.com/new-balance-kawhi-iv,gen_462786,2024-09-20T06:52:42.000+00:00
New Balance Kawhi IV,gen_555657224,4,positive,excellent lateral support and lockdown,"For rec league ball, And smooth transitions. Toe-drag friendliness. Doesn't slow you down. Sizing is spot on. Foot doesn't move at all.","excellent lateral support and lockdown. For rec league ball, And smooth transitions. Toe-drag friendliness. Doesn't slow you down. Sizing is spot on. Foot doesn't move at all",excellent lateral support and lockdown for rec league ball and smooth transitions toe drag friendliness doesn't slow you down sizing is spot on foot doesn't move at all,28,https://runrepeat.com/new-balance-kawhi-iv,gen_462786,2025-10-17T06:52:42.000+00:00
New Balance Kawhi IV,gen_22469660,5,positive,excellent lateral support and lockdown,"Compared to my other pairs, Durable grip. Excellent lateral support and lockdown. The grip is phenomenal. Fits true to size. Game changer for me.","excellent lateral support and lockdown. Compared to my other pairs, Durable grip. Excellent lateral support and lockdown. The grip is phenomenal. Fits true to size. Game changer for me",excellent lateral support and lockdown compared to my other pairs durable grip excellent lateral support and lockdown the grip is phenomenal fits true to size game changer for me,29,https://runrepeat.com/new-balance-kawhi-iv,gen_462786,2024-05-01T06:52:42.000+00:00
New Balance Kawhi IV,gen_266235652,5,positive,a breathable upper,Excellent lateral support and lockdown. Toe-drag friendliness. Responsive cushioning. Lockdown is excellent.,a breathable upper. Excellent lateral support and lockdown. Toe-drag friendliness. Responsive cushioning. Lockdown is excellent,a breathable upper excellent lateral support and lockdown toe drag friendliness responsive cushioning lockdown is excellent,16,https://runrepeat.com/new-balance-kawhi-iv,gen_462786,2024-06-09T06:52:42.000+00:00
New Balance Kawhi IV,gen_202752069,5,positive,and smooth transitions,"For rec league ball, Excellent lateral support and lockdown. Toe-drag friendliness. Absorbs landings beautifully. Sizing is spot on. Best shoe I've played in this year.","and smooth transitions. For rec league ball, Excellent lateral support and lockdown. Toe-drag friendliness. Absorbs landings beautifully. Sizing is spot on. Best shoe I've played in this year",and smooth transitions for rec league ball excellent lateral support and lockdown toe drag friendliness absorbs landings beautifully sizing is spot on best shoe i've played in this year,29,https://runrepeat.com/new-balance-kawhi-iv,gen_462786,2025-12-22T06:52:42.000+00:00
New Balance Kawhi IV,gen_847349967,4,positive,Love these shoes,Bought these for my son and A breathable upper. Soft cushioning with some bounce. The grip is phenomenal.,Love these shoes. Bought these for my son and A breathable upper. Soft cushioning with some bounce. The grip is phenomenal,love these shoes bought these for my son and a breathable upper soft cushioning with some bounce the grip is phenomenal,21,https://runrepeat.com/new-balance-kawhi-iv,gen_462786,2026-02-16T06:52:42.000+00:00
New Balance Kawhi IV,gen_172030746,3,neutral,Decent but not perfect,"Compared to my other pairs, Padded comfort. However, limited ground feel and a heavier build. Stiff at first but loosens up nicely","Decent but not perfect. Compared to my other pairs, Padded comfort. However, limited ground feel and a heavier build. Stiff at first but loosens up nicely",decent but not perfect compared to my other pairs padded comfort however limited ground feel and a heavier build stiff at first but loosens up nicely,26,https://runrepeat.com/new-balance-kawhi-iv,gen_462786,2024-07-31T06:52:42.000+00:00
New Balance Kawhi IV,gen_894481208,4,positive,Highly recommend,I own about 30 pairs of basketball shoes and Excellent lateral support and lockdown. Toe-drag friendliness. Absorbs landings beautifully. Fits true to size. Lockdown is excellent. Game changer for me.,Highly recommend. I own about 30 pairs of basketball shoes and Excellent lateral support and lockdown. Toe-drag friendliness. Absorbs landings beautifully. Fits true to size. Lockdown is excellent. Game changer for me,highly recommend i own about 30 pairs of basketball shoes and excellent lateral support and lockdown toe drag friendliness absorbs landings beautifully fits true to size lockdown is excellent game changer for me,33,https://runrepeat.com/new-balance-kawhi-iv,gen_462786,2024-12-10T06:52:42.000+00:00
New Balance Kawhi IV,gen_594053702,3,neutral,Okay shoe overall,"I own about 30 pairs of basketball shoes and Soft cushioning with some bounce. However, limited ground feel and a heavier build. Takes a few sessions to break in","Okay shoe overall. I own about 30 pairs of basketball shoes and Soft cushioning with some bounce. However, limited ground feel and a heavier build. Takes a few sessions to break in",okay shoe overall i own about 30 pairs of basketball shoes and soft cushioning with some bounce however limited ground feel and a heavier build takes a few sessions to break in,32,https://runrepeat.com/new-balance-kawhi-iv,gen_462786,2026-02-06T06:52:42.000+00:00
New Balance Kawhi IV,gen_568177935,4,positive,Solid performance shoe,Just finished my third week in these. Soft cushioning with some bounce. Durable grip. Never slipped once. Foot doesn't move at all.,Solid performance shoe. Just finished my third week in these. Soft cushioning with some bounce. Durable grip. Never slipped once. Foot doesn't move at all,solid performance shoe just finished my third week in these soft cushioning with some bounce durable grip never slipped once foot doesn't move at all,25,https://runrepeat.com/new-balance-kawhi-iv,gen_462786,2024-09-16T06:52:42.000+00:00
New Balance Kawhi IV,gen_702150163,5,positive,Love these shoes,Excellent lateral support and lockdown. A breathable upper. The grip is phenomenal. Sizing is spot on.,Love these shoes. Excellent lateral support and lockdown. A breathable upper. The grip is phenomenal. Sizing is spot on,love these shoes excellent lateral support and lockdown a breathable upper the grip is phenomenal sizing is spot on,19,https://runrepeat.com/new-balance-kawhi-iv,gen_462786,2025-11-13T06:52:42.000+00:00
New Balance Kawhi IV,gen_908876480,5,positive,Love these shoes,"As a casual hooper, Excellent lateral support and lockdown. Padded comfort. Traction is elite. Sizing is spot on. Foot doesn't move at all.","Love these shoes. As a casual hooper, Excellent lateral support and lockdown. Padded comfort. Traction is elite. Sizing is spot on. Foot doesn't move at all",love these shoes as a casual hooper excellent lateral support and lockdown padded comfort traction is elite sizing is spot on foot doesn't move at all,26,https://runrepeat.com/new-balance-kawhi-iv,gen_462786,2025-10-16T06:52:42.000+00:00
New Balance Kawhi IV,gen_751196735,4,positive,Great basketball shoe,These shoes are solid. Toe-drag friendliness. A breathable upper. Great underfoot feel. Would buy again.,Great basketball shoe. These shoes are solid. Toe-drag friendliness. A breathable upper. Great underfoot feel. Would buy again,great basketball shoe these shoes are solid toe drag friendliness a breathable upper great underfoot feel would buy again,19,https://runrepeat.com/new-balance-kawhi-iv,gen_462786,2025-06-11T06:52:42.000+00:00
New Balance Kawhi IV,gen_183103100,3,neutral,Has its pros and cons,"As a casual hooper, And smooth transitions. However, limited ground feel and a heavier build. Takes a few sessions to break in","Has its pros and cons. As a casual hooper, And smooth transitions. However, limited ground feel and a heavier build. Takes a few sessions to break in",has its pros and cons as a casual hooper and smooth transitions however limited ground feel and a heavier build takes a few sessions to break in,27,https://runrepeat.com/new-balance-kawhi-iv,gen_462786,2024-07-03T06:52:42.000+00:00
New Balance Kawhi IV,gen_573516732,3,neutral,Mixed feelings,"I play pickup 3x a week and Toe-drag friendliness. However, limited ground feel and a heavier build. Stiff at first but loosens up nicely","Mixed feelings. I play pickup 3x a week and Toe-drag friendliness. However, limited ground feel and a heavier build. Stiff at first but loosens up nicely",mixed feelings i play pickup 3x a week and toe drag friendliness however limited ground feel and a heavier build stiff at first but loosens up nicely,27,https://runrepeat.com/new-balance-kawhi-iv,gen_462786,2025-08-17T06:52:42.000+00:00
New Balance Kawhi IV,gen_645441240,5,positive,Highly recommend,"For rec league ball, Soft cushioning with some bounce. A breathable upper. Super lightweight. Fits true to size. Super secure fit.","Highly recommend. For rec league ball, Soft cushioning with some bounce. A breathable upper. Super lightweight. Fits true to size. Super secure fit",highly recommend for rec league ball soft cushioning with some bounce a breathable upper super lightweight fits true to size super secure fit,23,https://runrepeat.com/new-balance-kawhi-iv,gen_462786,2025-01-10T06:52:42.000+00:00
New Balance Kawhi IV,gen_584243593,5,positive,excellent lateral support and lockdown,Soft cushioning with some bounce. Excellent lateral support and lockdown. Feels almost weightless on foot. Foot doesn't move at all. Best shoe I've played in this year.,excellent lateral support and lockdown. Soft cushioning with some bounce. Excellent lateral support and lockdown. Feels almost weightless on foot. Foot doesn't move at all. Best shoe I've played in this year,excellent lateral support and lockdown soft cushioning with some bounce excellent lateral support and lockdown feels almost weightless on foot foot doesn't move at all best shoe i've played in this year,32,https://runrepeat.com/new-balance-kawhi-iv,gen_462786,2025-02-13T06:52:42.000+00:00
New Balance Kawhi IV,gen_315833309,5,positive,Highly recommend,I recommend these to my players. Soft cushioning with some bounce. Toe-drag friendliness. Super lightweight.,Highly recommend. I recommend these to my players. Soft cushioning with some bounce. Toe-drag friendliness. Super lightweight,highly recommend i recommend these to my players soft cushioning with some bounce toe drag friendliness super lightweight,18,https://runrepeat.com/new-balance-kawhi-iv,gen_462786,2025-11-29T06:52:42.000+00:00
New Balance Kawhi IV,gen_564874466,3,neutral,Mixed feelings,"Bought these for my son and Padded comfort. However, limited ground feel and a heavier build. Decent shoe overall but nothing special.","Mixed feelings. Bought these for my son and Padded comfort. However, limited ground feel and a heavier build. Decent shoe overall but nothing special",mixed feelings bought these for my son and padded comfort however limited ground feel and a heavier build decent shoe overall but nothing special,24,https://runrepeat.com/new-balance-kawhi-iv,gen_462786,2025-01-03T06:52:42.000+00:00
New Balance Kawhi IV,gen_126280077,5,positive,Worth it,Big sneaker collector here — Padded comfort. And smooth transitions. Super lightweight. Fits true to size. Stays locked through cuts. Would buy again.,Worth it. Big sneaker collector here — Padded comfort. And smooth transitions. Super lightweight. Fits true to size. Stays locked through cuts. Would buy again,worth it big sneaker collector here padded comfort and smooth transitions super lightweight fits true to size stays locked through cuts would buy again,24,https://runrepeat.com/new-balance-kawhi-iv,gen_462786,2025-02-05T06:52:42.000+00:00
